profile,policy,metric,mean,std,ci_lo,ci_hi,n_seeds
stable,local_only,mean_latency_ms,25.02027748999063,0.19474756789946776,24.95304205486045,25.093051974407306,30
stable,local_only,p95_latency_ms,33.984265110354684,0.14612908292769589,33.933733268366254,34.03567770889089,30
stable,local_only,p99_latency_ms,34.78401367177919,0.06560311317343774,34.76064921767133,34.80671039717899,30
stable,local_only,deadline_miss_rate,0.0,0.0,0.0,0.0,30
stable,local_only,usable_confidence_proxy,0.7249667322554326,0.0015304909747104968,0.7244497389647496,0.7255141489616964,30
stable,local_only,mean_output_confidence,0.7249667322554326,0.0015304909747104968,0.7244497389647496,0.7255141489616964,30
stable,local_only,bandwidth_per_1000_frames_kb,0.0,0.0,0.0,0.0,30
stable,local_only,bandwidth_per_frame_kb,0.0,0.0,0.0,0.0,30
stable,local_only,fallback_rate,0.0,0.0,0.0,0.0,30
stable,local_only,reuse_rate,0.0,0.0,0.0,0.0,30
stable,local_only,stale_acceptance_rate,0.0,0.0,0.0,0.0,30
stable,local_only,remote_attempt_rate,0.0,0.0,0.0,0.0,30
stable,local_only,remote_accept_rate,0.0,0.0,0.0,0.0,30
stable,local_only,remote_accepted_per_frame,0.0,0.0,0.0,0.0,30
stable,local_only,remote_rejected_deadline_rate,0.0,0.0,0.0,0.0,30
stable,local_only,remote_rejected_freshness_rate,0.0,0.0,0.0,0.0,30
stable,local_only,remote_failed_loss_rate,0.0,0.0,0.0,0.0,30
stable,local_only,mode_switches_per_1000,0.0,0.0,0.0,0.0,30
stable,local_only,pct_local_fast,100.0,0.0,100.0,100.0,30
stable,local_only,pct_edge_accurate,0.0,0.0,0.0,0.0,30
stable,local_only,pct_hybrid,0.0,0.0,0.0,0.0,30
stable,local_only,pct_degraded_safe,0.0,0.0,0.0,0.0,30
stable,edge_only,mean_latency_ms,105.61111912563356,0.7172371856629703,105.36432582422277,105.86772329786375,30
stable,edge_only,p95_latency_ms,132.81733139293937,0.30593015833849796,132.70758132085106,132.92298990880607,30
stable,edge_only,p99_latency_ms,134.5574969014746,0.14450161643231713,134.50663703610584,134.6085244456618,30
stable,edge_only,deadline_miss_rate,0.48766666666666664,0.017307230566588564,0.48173333333333335,0.4938333333333333,30
stable,edge_only,usable_confidence_proxy,0.4483087878864294,0.015200156779463628,0.44289248006541576,0.4535359178719119,30
stable,edge_only,mean_output_confidence,0.8018397604921572,0.003217967031190964,0.8006917984108397,0.8029416194333966,30
stable,edge_only,bandwidth_per_1000_frames_kb,25000.0,0.0,25000.0,25000.0,30
stable,edge_only,bandwidth_per_frame_kb,25.0,0.0,25.0,25.0,30
stable,edge_only,fallback_rate,0.48766666666666664,0.017307230566588564,0.48173333333333335,0.4938333333333333,30
stable,edge_only,reuse_rate,0.0,0.0,0.0,0.0,30
stable,edge_only,stale_acceptance_rate,0.0,0.0,0.0,0.0,30
stable,edge_only,remote_attempt_rate,1.0,0.0,1.0,1.0,30
stable,edge_only,remote_accept_rate,0.5123333333333334,0.017307230566588578,0.5061666666666667,0.5182666666666668,30
stable,edge_only,remote_accepted_per_frame,0.5123333333333334,0.017307230566588578,0.5061666666666667,0.5182666666666668,30
stable,edge_only,remote_rejected_deadline_rate,0.4766,0.01613007471603363,0.47103333333333336,0.4823,30
stable,edge_only,remote_rejected_freshness_rate,0.0,0.0,0.0,0.0,30
stable,edge_only,remote_failed_loss_rate,0.011066666666666669,0.0027784060592154374,0.010100000000000001,0.01206666666666667,30
stable,edge_only,mode_switches_per_1000,0.0,0.0,0.0,0.0,30
stable,edge_only,pct_local_fast,0.0,0.0,0.0,0.0,30
stable,edge_only,pct_edge_accurate,100.0,0.0,100.0,100.0,30
stable,edge_only,pct_hybrid,0.0,0.0,0.0,0.0,30
stable,edge_only,pct_degraded_safe,0.0,0.0,0.0,0.0,30
stable,cloud_only,mean_latency_ms,125.02027748999065,0.19474756789946737,124.95304205486048,125.0930519744073,30
stable,cloud_only,p95_latency_ms,133.9842651103547,0.14612908292769947,133.93373326836627,134.0356777088909,30
stable,cloud_only,p99_latency_ms,134.7840136717792,0.06560311317343609,134.76064921767133,134.80671039717902,30
stable,cloud_only,deadline_miss_rate,1.0,0.0,1.0,1.0,30
stable,cloud_only,usable_confidence_proxy,0.0,0.0,0.0,0.0,30
stable,cloud_only,mean_output_confidence,0.7249667322554326,0.0015304909747104968,0.7244497389647496,0.7255141489616964,30
stable,cloud_only,bandwidth_per_1000_frames_kb,35000.0,0.0,35000.0,35000.0,30
stable,cloud_only,bandwidth_per_frame_kb,35.0,0.0,35.0,35.0,30
stable,cloud_only,fallback_rate,1.0,0.0,1.0,1.0,30
stable,cloud_only,reuse_rate,0.0,0.0,0.0,0.0,30
stable,cloud_only,stale_acceptance_rate,0.0,0.0,0.0,0.0,30
stable,cloud_only,remote_attempt_rate,1.0,0.0,1.0,1.0,30
stable,cloud_only,remote_accept_rate,0.0,0.0,0.0,0.0,30
stable,cloud_only,remote_accepted_per_frame,0.0,0.0,0.0,0.0,30
stable,cloud_only,remote_rejected_deadline_rate,0.9906666666666666,0.003546084128116278,0.9894333333333332,0.9918999999999999,30
stable,cloud_only,remote_rejected_freshness_rate,0.0,0.0,0.0,0.0,30
stable,cloud_only,remote_failed_loss_rate,0.009333333333333334,0.003546084128116275,0.008100000000000001,0.010566666666666669,30
stable,cloud_only,mode_switches_per_1000,0.0,0.0,0.0,0.0,30
stable,cloud_only,pct_local_fast,0.0,0.0,0.0,0.0,30
stable,cloud_only,pct_edge_accurate,100.0,0.0,100.0,100.0,30
stable,cloud_only,pct_hybrid,0.0,0.0,0.0,0.0,30
stable,cloud_only,pct_degraded_safe,0.0,0.0,0.0,0.0,30
stable,dapper,mean_latency_ms,25.02027748999063,0.19474756789946776,24.95304205486045,25.093051974407306,30
stable,dapper,p95_latency_ms,33.984265110354684,0.14612908292769589,33.933733268366254,34.03567770889089,30
stable,dapper,p99_latency_ms,34.78401367177919,0.06560311317343774,34.76064921767133,34.80671039717899,30
stable,dapper,deadline_miss_rate,0.0,0.0,0.0,0.0,30
stable,dapper,usable_confidence_proxy,0.7959976928158301,0.0030581965746421004,0.7949080850073025,0.7970417324338718,30
stable,dapper,mean_output_confidence,0.7249667322554326,0.0015304909747104968,0.7244497389647496,0.7255141489616964,30
stable,dapper,bandwidth_per_1000_frames_kb,21621.666666666668,335.8425671130112,21499.166666666668,21735.833333333332,30
stable,dapper,bandwidth_per_frame_kb,21.621666666666666,0.33584256711301114,21.499166666666664,21.735833333333336,30
stable,dapper,fallback_rate,0.0,0.0,0.0,0.0,30
stable,dapper,reuse_rate,0.0,0.0,0.0,0.0,30
stable,dapper,stale_acceptance_rate,0.0,0.0,0.0,0.0,30
stable,dapper,remote_attempt_rate,0.8648666666666667,0.013433702684520463,0.8599666666666667,0.8694333333333334,30
stable,dapper,remote_accept_rate,0.5119299636219802,0.019710509684781493,0.5048710537106218,0.5185906071980788,30
stable,dapper,remote_accepted_per_frame,0.4427,0.01712862093609448,0.43670000000000003,0.4487666666666667,30
stable,dapper,remote_rejected_deadline_rate,0.47690963533308023,0.018550469460783117,0.4705699267645198,0.483496587502173,30
stable,dapper,remote_rejected_freshness_rate,0.0,0.0,0.0,0.0,30
stable,dapper,remote_failed_loss_rate,0.011160401044939667,0.0032782175425864904,0.01001984067376133,0.01232750572620223,30
stable,dapper,mode_switches_per_1000,233.3,23.550605819867112,225.2,241.96666666666667,30
stable,dapper,pct_local_fast,13.513333333333334,1.3433702684520452,13.056666666666667,14.003333333333332,30
stable,dapper,pct_edge_accurate,0.0,0.0,0.0,0.0,30
stable,dapper,pct_hybrid,86.48666666666666,1.3433702684520459,85.99666666666666,86.94333333333334,30
stable,dapper,pct_degraded_safe,0.0,0.0,0.0,0.0,30
stable,deadline_greedy,mean_latency_ms,25.02027748999063,0.19474756789946776,24.95304205486045,25.093051974407306,30
stable,deadline_greedy,p95_latency_ms,33.984265110354684,0.14612908292769589,33.933733268366254,34.03567770889089,30
stable,deadline_greedy,p99_latency_ms,34.78401367177919,0.06560311317343774,34.76064921767133,34.80671039717899,30
stable,deadline_greedy,deadline_miss_rate,0.0,0.0,0.0,0.0,30
stable,deadline_greedy,usable_confidence_proxy,0.7249667322554326,0.0015304909747104968,0.7244497389647496,0.7255141489616964,30
stable,deadline_greedy,mean_output_confidence,0.7249667322554326,0.0015304909747104968,0.7244497389647496,0.7255141489616964,30
stable,deadline_greedy,bandwidth_per_1000_frames_kb,0.0,0.0,0.0,0.0,30
stable,deadline_greedy,bandwidth_per_frame_kb,0.0,0.0,0.0,0.0,30
stable,deadline_greedy,fallback_rate,0.0,0.0,0.0,0.0,30
stable,deadline_greedy,reuse_rate,0.0,0.0,0.0,0.0,30
stable,deadline_greedy,stale_acceptance_rate,0.0,0.0,0.0,0.0,30
stable,deadline_greedy,remote_attempt_rate,0.0,0.0,0.0,0.0,30
stable,deadline_greedy,remote_accept_rate,0.0,0.0,0.0,0.0,30
stable,deadline_greedy,remote_accepted_per_frame,0.0,0.0,0.0,0.0,30
stable,deadline_greedy,remote_rejected_deadline_rate,0.0,0.0,0.0,0.0,30
stable,deadline_greedy,remote_rejected_freshness_rate,0.0,0.0,0.0,0.0,30
stable,deadline_greedy,remote_failed_loss_rate,0.0,0.0,0.0,0.0,30
stable,deadline_greedy,mode_switches_per_1000,0.0,0.0,0.0,0.0,30
stable,deadline_greedy,pct_local_fast,100.0,0.0,100.0,100.0,30
stable,deadline_greedy,pct_edge_accurate,0.0,0.0,0.0,0.0,30
stable,deadline_greedy,pct_hybrid,0.0,0.0,0.0,0.0,30
stable,deadline_greedy,pct_degraded_safe,0.0,0.0,0.0,0.0,30
stable,confidence_deadline,mean_latency_ms,25.02027748999063,0.19474756789946776,24.95304205486045,25.093051974407306,30
stable,confidence_deadline,p95_latency_ms,33.984265110354684,0.14612908292769589,33.933733268366254,34.03567770889089,30
stable,confidence_deadline,p99_latency_ms,34.78401367177919,0.06560311317343774,34.76064921767133,34.80671039717899,30
stable,confidence_deadline,deadline_miss_rate,0.0,0.0,0.0,0.0,30
stable,confidence_deadline,usable_confidence_proxy,0.7249667322554326,0.0015304909747104968,0.7244497389647496,0.7255141489616964,30
stable,confidence_deadline,mean_output_confidence,0.7249667322554326,0.0015304909747104968,0.7244497389647496,0.7255141489616964,30
stable,confidence_deadline,bandwidth_per_1000_frames_kb,0.0,0.0,0.0,0.0,30
stable,confidence_deadline,bandwidth_per_frame_kb,0.0,0.0,0.0,0.0,30
stable,confidence_deadline,fallback_rate,0.0,0.0,0.0,0.0,30
stable,confidence_deadline,reuse_rate,0.0,0.0,0.0,0.0,30
stable,confidence_deadline,stale_acceptance_rate,0.0,0.0,0.0,0.0,30
stable,confidence_deadline,remote_attempt_rate,0.0,0.0,0.0,0.0,30
stable,confidence_deadline,remote_accept_rate,0.0,0.0,0.0,0.0,30
stable,confidence_deadline,remote_accepted_per_frame,0.0,0.0,0.0,0.0,30
stable,confidence_deadline,remote_rejected_deadline_rate,0.0,0.0,0.0,0.0,30
stable,confidence_deadline,remote_rejected_freshness_rate,0.0,0.0,0.0,0.0,30
stable,confidence_deadline,remote_failed_loss_rate,0.0,0.0,0.0,0.0,30
stable,confidence_deadline,mode_switches_per_1000,0.0,0.0,0.0,0.0,30
stable,confidence_deadline,pct_local_fast,100.0,0.0,100.0,100.0,30
stable,confidence_deadline,pct_edge_accurate,0.0,0.0,0.0,0.0,30
stable,confidence_deadline,pct_hybrid,0.0,0.0,0.0,0.0,30
stable,confidence_deadline,pct_degraded_safe,0.0,0.0,0.0,0.0,30
stable,rtt_threshold,mean_latency_ms,25.02027748999063,0.19474756789946776,24.95304205486045,25.093051974407306,30
stable,rtt_threshold,p95_latency_ms,33.984265110354684,0.14612908292769589,33.933733268366254,34.03567770889089,30
stable,rtt_threshold,p99_latency_ms,34.78401367177919,0.06560311317343774,34.76064921767133,34.80671039717899,30
stable,rtt_threshold,deadline_miss_rate,0.0,0.0,0.0,0.0,30
stable,rtt_threshold,usable_confidence_proxy,0.7249667322554326,0.0015304909747104968,0.7244497389647496,0.7255141489616964,30
stable,rtt_threshold,mean_output_confidence,0.7249667322554326,0.0015304909747104968,0.7244497389647496,0.7255141489616964,30
stable,rtt_threshold,bandwidth_per_1000_frames_kb,0.0,0.0,0.0,0.0,30
stable,rtt_threshold,bandwidth_per_frame_kb,0.0,0.0,0.0,0.0,30
stable,rtt_threshold,fallback_rate,0.0,0.0,0.0,0.0,30
stable,rtt_threshold,reuse_rate,0.0,0.0,0.0,0.0,30
stable,rtt_threshold,stale_acceptance_rate,0.0,0.0,0.0,0.0,30
stable,rtt_threshold,remote_attempt_rate,0.0,0.0,0.0,0.0,30
stable,rtt_threshold,remote_accept_rate,0.0,0.0,0.0,0.0,30
stable,rtt_threshold,remote_accepted_per_frame,0.0,0.0,0.0,0.0,30
stable,rtt_threshold,remote_rejected_deadline_rate,0.0,0.0,0.0,0.0,30
stable,rtt_threshold,remote_rejected_freshness_rate,0.0,0.0,0.0,0.0,30
stable,rtt_threshold,remote_failed_loss_rate,0.0,0.0,0.0,0.0,30
stable,rtt_threshold,mode_switches_per_1000,0.0,0.0,0.0,0.0,30
stable,rtt_threshold,pct_local_fast,100.0,0.0,100.0,100.0,30
stable,rtt_threshold,pct_edge_accurate,0.0,0.0,0.0,0.0,30
stable,rtt_threshold,pct_hybrid,0.0,0.0,0.0,0.0,30
stable,rtt_threshold,pct_degraded_safe,0.0,0.0,0.0,0.0,30
stable,oracle_feasible,mean_latency_ms,56.844452458966884,1.0822797819502115,56.45809670243425,57.215152433396945,30
stable,oracle_feasible,p95_latency_ms,97.53004413558443,0.3102627822443879,97.42176132608394,97.63625027953763,30
stable,oracle_feasible,p99_latency_ms,99.50507143434609,0.12392426016749884,99.4581041826433,99.54633220273085,30
stable,oracle_feasible,deadline_miss_rate,0.0,0.0,0.0,0.0,30
stable,oracle_feasible,usable_confidence_proxy,0.8018397604921572,0.003217967031190964,0.8006917984108397,0.8029416194333966,30
stable,oracle_feasible,mean_output_confidence,0.8018397604921572,0.003217967031190964,0.8006917984108397,0.8029416194333966,30
stable,oracle_feasible,bandwidth_per_1000_frames_kb,12808.333333333334,432.68076416471405,12654.166666666666,12956.666666666666,30
stable,oracle_feasible,bandwidth_per_frame_kb,12.808333333333334,0.4326807641647141,12.654166666666667,12.956666666666667,30
stable,oracle_feasible,fallback_rate,0.0,0.0,0.0,0.0,30
stable,oracle_feasible,reuse_rate,0.0,0.0,0.0,0.0,30
stable,oracle_feasible,stale_acceptance_rate,0.0,0.0,0.0,0.0,30
stable,oracle_feasible,remote_attempt_rate,0.5123333333333334,0.017307230566588578,0.5061666666666667,0.5182666666666668,30
stable,oracle_feasible,remote_accept_rate,1.0,0.0,1.0,1.0,30
stable,oracle_feasible,remote_accepted_per_frame,0.5123333333333334,0.017307230566588578,0.5061666666666667,0.5182666666666668,30
stable,oracle_feasible,remote_rejected_deadline_rate,0.0,0.0,0.0,0.0,30
stable,oracle_feasible,remote_rejected_freshness_rate,0.0,0.0,0.0,0.0,30
stable,oracle_feasible,remote_failed_loss_rate,0.0,0.0,0.0,0.0,30
stable,oracle_feasible,mode_switches_per_1000,493.3,14.943918149373424,488.1,498.8333333333333,30
stable,oracle_feasible,pct_local_fast,48.766666666666666,1.7307230566588565,48.17333333333333,49.38333333333333,30
stable,oracle_feasible,pct_edge_accurate,51.233333333333334,1.7307230566588578,50.61666666666667,51.826666666666675,30
stable,oracle_feasible,pct_hybrid,0.0,0.0,0.0,0.0,30
stable,oracle_feasible,pct_degraded_safe,0.0,0.0,0.0,0.0,30
congested,local_only,mean_latency_ms,25.012597088142645,0.18113657767527264,24.94831415515531,25.07737720340451,30
congested,local_only,p95_latency_ms,33.94268972592376,0.09803104261482531,33.905792187259216,33.976328928607806,30
congested,local_only,p99_latency_ms,34.769178949662624,0.05524239382592479,34.748569083090636,34.787550646852715,30
congested,local_only,deadline_miss_rate,0.0,0.0,0.0,0.0,30
congested,local_only,usable_confidence_proxy,0.7249282051819181,0.0016092933478095927,0.7243644131564243,0.7255162553009149,30
congested,local_only,mean_output_confidence,0.7249282051819181,0.0016092933478095927,0.7243644131564243,0.7255162553009149,30
congested,local_only,bandwidth_per_1000_frames_kb,0.0,0.0,0.0,0.0,30
congested,local_only,bandwidth_per_frame_kb,0.0,0.0,0.0,0.0,30
congested,local_only,fallback_rate,0.0,0.0,0.0,0.0,30
congested,local_only,reuse_rate,0.0,0.0,0.0,0.0,30
congested,local_only,stale_acceptance_rate,0.0,0.0,0.0,0.0,30
congested,local_only,remote_attempt_rate,0.0,0.0,0.0,0.0,30
congested,local_only,remote_accept_rate,0.0,0.0,0.0,0.0,30
congested,local_only,remote_accepted_per_frame,0.0,0.0,0.0,0.0,30
congested,local_only,remote_rejected_deadline_rate,0.0,0.0,0.0,0.0,30
congested,local_only,remote_rejected_freshness_rate,0.0,0.0,0.0,0.0,30
congested,local_only,remote_failed_loss_rate,0.0,0.0,0.0,0.0,30
congested,local_only,mode_switches_per_1000,0.0,0.0,0.0,0.0,30
congested,local_only,pct_local_fast,100.0,0.0,100.0,100.0,30
congested,local_only,pct_edge_accurate,0.0,0.0,0.0,0.0,30
congested,local_only,pct_hybrid,0.0,0.0,0.0,0.0,30
congested,local_only,pct_degraded_safe,0.0,0.0,0.0,0.0,30
congested,edge_only,mean_latency_ms,125.01259708814266,0.1811365776752744,124.94831415515533,125.07737720340451,30
congested,edge_only,p95_latency_ms,133.9426897259238,0.09803104261482606,133.9057921872592,133.97632892860784,30
congested,edge_only,p99_latency_ms,134.76917894966263,0.055242393825926016,134.74856908309064,134.78755064685268,30
congested,edge_only,deadline_miss_rate,1.0,0.0,1.0,1.0,30
congested,edge_only,usable_confidence_proxy,0.0,0.0,0.0,0.0,30
congested,edge_only,mean_output_confidence,0.7249282051819181,0.0016092933478095927,0.7243644131564243,0.7255162553009149,30
congested,edge_only,bandwidth_per_1000_frames_kb,25000.0,0.0,25000.0,25000.0,30
congested,edge_only,bandwidth_per_frame_kb,25.0,0.0,25.0,25.0,30
congested,edge_only,fallback_rate,1.0,0.0,1.0,1.0,30
congested,edge_only,reuse_rate,0.0,0.0,0.0,0.0,30
congested,edge_only,stale_acceptance_rate,0.0,0.0,0.0,0.0,30
congested,edge_only,remote_attempt_rate,1.0,0.0,1.0,1.0,30
congested,edge_only,remote_accept_rate,0.0,0.0,0.0,0.0,30
congested,edge_only,remote_accepted_per_frame,0.0,0.0,0.0,0.0,30
congested,edge_only,remote_rejected_deadline_rate,0.9504666666666668,0.007682193173438355,0.9478000000000001,0.9531666666666664,30
congested,edge_only,remote_rejected_freshness_rate,0.0,0.0,0.0,0.0,30
congested,edge_only,remote_failed_loss_rate,0.04953333333333333,0.007682193173438364,0.04683333333333333,0.052199999999999996,30
congested,edge_only,mode_switches_per_1000,0.0,0.0,0.0,0.0,30
congested,edge_only,pct_local_fast,0.0,0.0,0.0,0.0,30
congested,edge_only,pct_edge_accurate,100.0,0.0,100.0,100.0,30
congested,edge_only,pct_hybrid,0.0,0.0,0.0,0.0,30
congested,edge_only,pct_degraded_safe,0.0,0.0,0.0,0.0,30
congested,cloud_only,mean_latency_ms,125.01259708814266,0.1811365776752744,124.94831415515533,125.07737720340451,30
congested,cloud_only,p95_latency_ms,133.9426897259238,0.09803104261482606,133.9057921872592,133.97632892860784,30
congested,cloud_only,p99_latency_ms,134.76917894966263,0.055242393825926016,134.74856908309064,134.78755064685268,30
congested,cloud_only,deadline_miss_rate,1.0,0.0,1.0,1.0,30
congested,cloud_only,usable_confidence_proxy,0.0,0.0,0.0,0.0,30
congested,cloud_only,mean_output_confidence,0.7249282051819181,0.0016092933478095927,0.7243644131564243,0.7255162553009149,30
congested,cloud_only,bandwidth_per_1000_frames_kb,35000.0,0.0,35000.0,35000.0,30
congested,cloud_only,bandwidth_per_frame_kb,35.0,0.0,35.0,35.0,30
congested,cloud_only,fallback_rate,1.0,0.0,1.0,1.0,30
congested,cloud_only,reuse_rate,0.0,0.0,0.0,0.0,30
congested,cloud_only,stale_acceptance_rate,0.0,0.0,0.0,0.0,30
congested,cloud_only,remote_attempt_rate,1.0,0.0,1.0,1.0,30
congested,cloud_only,remote_accept_rate,0.0,0.0,0.0,0.0,30
congested,cloud_only,remote_accepted_per_frame,0.0,0.0,0.0,0.0,30
congested,cloud_only,remote_rejected_deadline_rate,0.9505666666666667,0.00714231360821974,0.9480000000000002,0.9531333333333332,30
congested,cloud_only,remote_rejected_freshness_rate,0.0,0.0,0.0,0.0,30
congested,cloud_only,remote_failed_loss_rate,0.049433333333333336,0.007142313608219744,0.046866666666666675,0.051999999999999984,30
congested,cloud_only,mode_switches_per_1000,0.0,0.0,0.0,0.0,30
congested,cloud_only,pct_local_fast,0.0,0.0,0.0,0.0,30
congested,cloud_only,pct_edge_accurate,100.0,0.0,100.0,100.0,30
congested,cloud_only,pct_hybrid,0.0,0.0,0.0,0.0,30
congested,cloud_only,pct_degraded_safe,0.0,0.0,0.0,0.0,30
congested,dapper,mean_latency_ms,24.831886454720813,0.19570763546815947,24.763119880413207,24.901603933536045,30
congested,dapper,p95_latency_ms,33.93663339562628,0.10384597263558462,33.89765936597646,33.97222933477223,30
congested,dapper,p99_latency_ms,34.76774120719711,0.0574407179719229,34.74632434028217,34.786921923619296,30
congested,dapper,deadline_miss_rate,0.0,0.0,0.0,0.0,30
congested,dapper,usable_confidence_proxy,0.724962592880273,0.001562881778886257,0.7244213882112449,0.7255313473425076,30
congested,dapper,mean_output_confidence,0.724962592880273,0.001562881778886257,0.7244213882112449,0.7255313473425076,30
congested,dapper,bandwidth_per_1000_frames_kb,2.5,7.628214415734117,0.0,5.833333333333333,30
congested,dapper,bandwidth_per_frame_kb,0.0025000000000000005,0.007628214415734117,0.0,0.005833333333333333,30
congested,dapper,fallback_rate,0.007433333333333334,0.0027628487713469464,0.0064666666666666674,0.008400000000000001,30
congested,dapper,reuse_rate,0.007433333333333334,0.0027628487713469464,0.0064666666666666674,0.008400000000000001,30
congested,dapper,stale_acceptance_rate,0.0,0.0,0.0,0.0,30
congested,dapper,remote_attempt_rate,0.0001,0.00030512857662936464,0.0,0.00023333333333333333,30
congested,dapper,remote_accept_rate,0.0,0.0,0.0,0.0,30
congested,dapper,remote_accepted_per_frame,0.0,0.0,0.0,0.0,30
congested,dapper,remote_rejected_deadline_rate,0.1,0.30512857662936466,0.0,0.23333333333333334,30
congested,dapper,remote_rejected_freshness_rate,0.0,0.0,0.0,0.0,30
congested,dapper,remote_failed_loss_rate,0.0,0.0,0.0,0.0,30
congested,dapper,mode_switches_per_1000,12.133333333333333,4.032055463949847,10.733333333333333,13.533333333333333,30
congested,dapper,pct_local_fast,99.24666666666667,0.28494806947731727,99.14666666666666,99.34666666666666,30
congested,dapper,pct_edge_accurate,0.0,0.0,0.0,0.0,30
congested,dapper,pct_hybrid,0.010000000000000002,0.030512857662936467,0.0,0.02333333333333333,30
congested,dapper,pct_degraded_safe,0.7433333333333334,0.2762848771346947,0.6466666666666667,0.8400000000000002,30
congested,deadline_greedy,mean_latency_ms,25.012597088142645,0.18113657767527264,24.94831415515531,25.07737720340451,30
congested,deadline_greedy,p95_latency_ms,33.94268972592376,0.09803104261482531,33.905792187259216,33.976328928607806,30
congested,deadline_greedy,p99_latency_ms,34.769178949662624,0.05524239382592479,34.748569083090636,34.787550646852715,30
congested,deadline_greedy,deadline_miss_rate,0.0,0.0,0.0,0.0,30
congested,deadline_greedy,usable_confidence_proxy,0.7249282051819181,0.0016092933478095927,0.7243644131564243,0.7255162553009149,30
congested,deadline_greedy,mean_output_confidence,0.7249282051819181,0.0016092933478095927,0.7243644131564243,0.7255162553009149,30
congested,deadline_greedy,bandwidth_per_1000_frames_kb,0.0,0.0,0.0,0.0,30
congested,deadline_greedy,bandwidth_per_frame_kb,0.0,0.0,0.0,0.0,30
congested,deadline_greedy,fallback_rate,0.0,0.0,0.0,0.0,30
congested,deadline_greedy,reuse_rate,0.0,0.0,0.0,0.0,30
congested,deadline_greedy,stale_acceptance_rate,0.0,0.0,0.0,0.0,30
congested,deadline_greedy,remote_attempt_rate,0.0,0.0,0.0,0.0,30
congested,deadline_greedy,remote_accept_rate,0.0,0.0,0.0,0.0,30
congested,deadline_greedy,remote_accepted_per_frame,0.0,0.0,0.0,0.0,30
congested,deadline_greedy,remote_rejected_deadline_rate,0.0,0.0,0.0,0.0,30
congested,deadline_greedy,remote_rejected_freshness_rate,0.0,0.0,0.0,0.0,30
congested,deadline_greedy,remote_failed_loss_rate,0.0,0.0,0.0,0.0,30
congested,deadline_greedy,mode_switches_per_1000,0.0,0.0,0.0,0.0,30
congested,deadline_greedy,pct_local_fast,100.0,0.0,100.0,100.0,30
congested,deadline_greedy,pct_edge_accurate,0.0,0.0,0.0,0.0,30
congested,deadline_greedy,pct_hybrid,0.0,0.0,0.0,0.0,30
congested,deadline_greedy,pct_degraded_safe,0.0,0.0,0.0,0.0,30
congested,confidence_deadline,mean_latency_ms,25.012597088142645,0.18113657767527264,24.94831415515531,25.07737720340451,30
congested,confidence_deadline,p95_latency_ms,33.94268972592376,0.09803104261482531,33.905792187259216,33.976328928607806,30
congested,confidence_deadline,p99_latency_ms,34.769178949662624,0.05524239382592479,34.748569083090636,34.787550646852715,30
congested,confidence_deadline,deadline_miss_rate,0.0,0.0,0.0,0.0,30
congested,confidence_deadline,usable_confidence_proxy,0.7249282051819181,0.0016092933478095927,0.7243644131564243,0.7255162553009149,30
congested,confidence_deadline,mean_output_confidence,0.7249282051819181,0.0016092933478095927,0.7243644131564243,0.7255162553009149,30
congested,confidence_deadline,bandwidth_per_1000_frames_kb,0.0,0.0,0.0,0.0,30
congested,confidence_deadline,bandwidth_per_frame_kb,0.0,0.0,0.0,0.0,30
congested,confidence_deadline,fallback_rate,0.0,0.0,0.0,0.0,30
congested,confidence_deadline,reuse_rate,0.0,0.0,0.0,0.0,30
congested,confidence_deadline,stale_acceptance_rate,0.0,0.0,0.0,0.0,30
congested,confidence_deadline,remote_attempt_rate,0.0,0.0,0.0,0.0,30
congested,confidence_deadline,remote_accept_rate,0.0,0.0,0.0,0.0,30
congested,confidence_deadline,remote_accepted_per_frame,0.0,0.0,0.0,0.0,30
congested,confidence_deadline,remote_rejected_deadline_rate,0.0,0.0,0.0,0.0,30
congested,confidence_deadline,remote_rejected_freshness_rate,0.0,0.0,0.0,0.0,30
congested,confidence_deadline,remote_failed_loss_rate,0.0,0.0,0.0,0.0,30
congested,confidence_deadline,mode_switches_per_1000,0.0,0.0,0.0,0.0,30
congested,confidence_deadline,pct_local_fast,100.0,0.0,100.0,100.0,30
congested,confidence_deadline,pct_edge_accurate,0.0,0.0,0.0,0.0,30
congested,confidence_deadline,pct_hybrid,0.0,0.0,0.0,0.0,30
congested,confidence_deadline,pct_degraded_safe,0.0,0.0,0.0,0.0,30
congested,rtt_threshold,mean_latency_ms,25.012597088142645,0.18113657767527264,24.94831415515531,25.07737720340451,30
congested,rtt_threshold,p95_latency_ms,33.94268972592376,0.09803104261482531,33.905792187259216,33.976328928607806,30
congested,rtt_threshold,p99_latency_ms,34.769178949662624,0.05524239382592479,34.748569083090636,34.787550646852715,30
congested,rtt_threshold,deadline_miss_rate,0.0,0.0,0.0,0.0,30
congested,rtt_threshold,usable_confidence_proxy,0.7249282051819181,0.0016092933478095927,0.7243644131564243,0.7255162553009149,30
congested,rtt_threshold,mean_output_confidence,0.7249282051819181,0.0016092933478095927,0.7243644131564243,0.7255162553009149,30
congested,rtt_threshold,bandwidth_per_1000_frames_kb,0.0,0.0,0.0,0.0,30
congested,rtt_threshold,bandwidth_per_frame_kb,0.0,0.0,0.0,0.0,30
congested,rtt_threshold,fallback_rate,0.0,0.0,0.0,0.0,30
congested,rtt_threshold,reuse_rate,0.0,0.0,0.0,0.0,30
congested,rtt_threshold,stale_acceptance_rate,0.0,0.0,0.0,0.0,30
congested,rtt_threshold,remote_attempt_rate,0.0,0.0,0.0,0.0,30
congested,rtt_threshold,remote_accept_rate,0.0,0.0,0.0,0.0,30
congested,rtt_threshold,remote_accepted_per_frame,0.0,0.0,0.0,0.0,30
congested,rtt_threshold,remote_rejected_deadline_rate,0.0,0.0,0.0,0.0,30
congested,rtt_threshold,remote_rejected_freshness_rate,0.0,0.0,0.0,0.0,30
congested,rtt_threshold,remote_failed_loss_rate,0.0,0.0,0.0,0.0,30
congested,rtt_threshold,mode_switches_per_1000,0.0,0.0,0.0,0.0,30
congested,rtt_threshold,pct_local_fast,100.0,0.0,100.0,100.0,30
congested,rtt_threshold,pct_edge_accurate,0.0,0.0,0.0,0.0,30
congested,rtt_threshold,pct_hybrid,0.0,0.0,0.0,0.0,30
congested,rtt_threshold,pct_degraded_safe,0.0,0.0,0.0,0.0,30
congested,oracle_feasible,mean_latency_ms,25.012597088142645,0.18113657767527264,24.94831415515531,25.07737720340451,30
congested,oracle_feasible,p95_latency_ms,33.94268972592376,0.09803104261482531,33.905792187259216,33.976328928607806,30
congested,oracle_feasible,p99_latency_ms,34.769178949662624,0.05524239382592479,34.748569083090636,34.787550646852715,30
congested,oracle_feasible,deadline_miss_rate,0.0,0.0,0.0,0.0,30
congested,oracle_feasible,usable_confidence_proxy,0.7249282051819181,0.0016092933478095927,0.7243644131564243,0.7255162553009149,30
congested,oracle_feasible,mean_output_confidence,0.7249282051819181,0.0016092933478095927,0.7243644131564243,0.7255162553009149,30
congested,oracle_feasible,bandwidth_per_1000_frames_kb,0.0,0.0,0.0,0.0,30
congested,oracle_feasible,bandwidth_per_frame_kb,0.0,0.0,0.0,0.0,30
congested,oracle_feasible,fallback_rate,0.0,0.0,0.0,0.0,30
congested,oracle_feasible,reuse_rate,0.0,0.0,0.0,0.0,30
congested,oracle_feasible,stale_acceptance_rate,0.0,0.0,0.0,0.0,30
congested,oracle_feasible,remote_attempt_rate,0.0,0.0,0.0,0.0,30
congested,oracle_feasible,remote_accept_rate,0.0,0.0,0.0,0.0,30
congested,oracle_feasible,remote_accepted_per_frame,0.0,0.0,0.0,0.0,30
congested,oracle_feasible,remote_rejected_deadline_rate,0.0,0.0,0.0,0.0,30
congested,oracle_feasible,remote_rejected_freshness_rate,0.0,0.0,0.0,0.0,30
congested,oracle_feasible,remote_failed_loss_rate,0.0,0.0,0.0,0.0,30
congested,oracle_feasible,mode_switches_per_1000,0.0,0.0,0.0,0.0,30
congested,oracle_feasible,pct_local_fast,100.0,0.0,100.0,100.0,30
congested,oracle_feasible,pct_edge_accurate,0.0,0.0,0.0,0.0,30
congested,oracle_feasible,pct_hybrid,0.0,0.0,0.0,0.0,30
congested,oracle_feasible,pct_degraded_safe,0.0,0.0,0.0,0.0,30
lossy,local_only,mean_latency_ms,25.003209635014095,0.15974262798343122,24.94841033219709,25.060905216187447,30
lossy,local_only,p95_latency_ms,34.012278154614826,0.12120943376607804,33.96825412712669,34.05448763655662,30
lossy,local_only,p99_latency_ms,34.80546807570768,0.06143547890706443,34.78326714248661,34.826599995826946,30
lossy,local_only,deadline_miss_rate,0.0,0.0,0.0,0.0,30
lossy,local_only,usable_confidence_proxy,0.7247968267120143,0.001322250002252836,0.7243290816945883,0.7252513425625742,30
lossy,local_only,mean_output_confidence,0.7247968267120143,0.001322250002252836,0.7243290816945883,0.7252513425625742,30
lossy,local_only,bandwidth_per_1000_frames_kb,0.0,0.0,0.0,0.0,30
lossy,local_only,bandwidth_per_frame_kb,0.0,0.0,0.0,0.0,30
lossy,local_only,fallback_rate,0.0,0.0,0.0,0.0,30
lossy,local_only,reuse_rate,0.0,0.0,0.0,0.0,30
lossy,local_only,stale_acceptance_rate,0.0,0.0,0.0,0.0,30
lossy,local_only,remote_attempt_rate,0.0,0.0,0.0,0.0,30
lossy,local_only,remote_accept_rate,0.0,0.0,0.0,0.0,30
lossy,local_only,remote_accepted_per_frame,0.0,0.0,0.0,0.0,30
lossy,local_only,remote_rejected_deadline_rate,0.0,0.0,0.0,0.0,30
lossy,local_only,remote_rejected_freshness_rate,0.0,0.0,0.0,0.0,30
lossy,local_only,remote_failed_loss_rate,0.0,0.0,0.0,0.0,30
lossy,local_only,mode_switches_per_1000,0.0,0.0,0.0,0.0,30
lossy,local_only,pct_local_fast,100.0,0.0,100.0,100.0,30
lossy,local_only,pct_edge_accurate,0.0,0.0,0.0,0.0,30
lossy,local_only,pct_hybrid,0.0,0.0,0.0,0.0,30
lossy,local_only,pct_degraded_safe,0.0,0.0,0.0,0.0,30
lossy,edge_only,mean_latency_ms,121.21609851108734,0.4278732224908022,121.06514803949665,121.3657623482195,30
lossy,edge_only,p95_latency_ms,133.85583842676783,0.14881019917836424,133.8050507867707,133.90940589108996,30
lossy,edge_only,p99_latency_ms,134.77750694468406,0.07430751757261647,134.74985270836646,134.80221093635276,30
lossy,edge_only,deadline_miss_rate,0.8750666666666667,0.012500850545775532,0.8705666666666666,0.8793666666666665,30
lossy,edge_only,usable_confidence_proxy,0.10932864090769345,0.01103135108250066,0.10554597550977839,0.1133262894295496,30
lossy,edge_only,mean_output_confidence,0.7434737048265869,0.0024259067554197747,0.7426253007132612,0.7443549959720428,30
lossy,edge_only,bandwidth_per_1000_frames_kb,25000.0,0.0,25000.0,25000.0,30
lossy,edge_only,bandwidth_per_frame_kb,25.0,0.0,25.0,25.0,30
lossy,edge_only,fallback_rate,0.8750666666666667,0.012500850545775532,0.8705666666666666,0.8793666666666665,30
lossy,edge_only,reuse_rate,0.0,0.0,0.0,0.0,30
lossy,edge_only,stale_acceptance_rate,0.0,0.0,0.0,0.0,30
lossy,edge_only,remote_attempt_rate,1.0,0.0,1.0,1.0,30
lossy,edge_only,remote_accept_rate,0.12493333333333334,0.01250085054577552,0.12063333333333334,0.12943333333333334,30
lossy,edge_only,remote_accepted_per_frame,0.12493333333333334,0.01250085054577552,0.12063333333333334,0.12943333333333334,30
lossy,edge_only,remote_rejected_deadline_rate,0.6749000000000002,0.01746000355492319,0.6684666666666668,0.6807666666666665,30
lossy,edge_only,remote_rejected_freshness_rate,0.0,0.0,0.0,0.0,30
lossy,edge_only,remote_failed_loss_rate,0.2001666666666667,0.0129030424996249,0.19569916666666662,0.20479999999999995,30
lossy,edge_only,mode_switches_per_1000,0.0,0.0,0.0,0.0,30
lossy,edge_only,pct_local_fast,0.0,0.0,0.0,0.0,30
lossy,edge_only,pct_edge_accurate,100.0,0.0,100.0,100.0,30
lossy,edge_only,pct_hybrid,0.0,0.0,0.0,0.0,30
lossy,edge_only,pct_degraded_safe,0.0,0.0,0.0,0.0,30
lossy,cloud_only,mean_latency_ms,125.0032096350141,0.15974262798343022,124.94841033219704,125.06090521618742,30
lossy,cloud_only,p95_latency_ms,134.01227815461485,0.12120943376607722,133.9682541271267,134.05448763655662,30
lossy,cloud_only,p99_latency_ms,134.8054680757077,0.06143547890706077,134.7832671424866,134.82659999582697,30
lossy,cloud_only,deadline_miss_rate,1.0,0.0,1.0,1.0,30
lossy,cloud_only,usable_confidence_proxy,0.0,0.0,0.0,0.0,30
lossy,cloud_only,mean_output_confidence,0.7247968267120143,0.001322250002252836,0.7243290816945883,0.7252513425625742,30
lossy,cloud_only,bandwidth_per_1000_frames_kb,35000.0,0.0,35000.0,35000.0,30
lossy,cloud_only,bandwidth_per_frame_kb,35.0,0.0,35.0,35.0,30
lossy,cloud_only,fallback_rate,1.0,0.0,1.0,1.0,30
lossy,cloud_only,reuse_rate,0.0,0.0,0.0,0.0,30
lossy,cloud_only,stale_acceptance_rate,0.0,0.0,0.0,0.0,30
lossy,cloud_only,remote_attempt_rate,1.0,0.0,1.0,1.0,30
lossy,cloud_only,remote_accept_rate,0.0,0.0,0.0,0.0,30
lossy,cloud_only,remote_accepted_per_frame,0.0,0.0,0.0,0.0,30
lossy,cloud_only,remote_rejected_deadline_rate,0.8026666666666666,0.012160800034178009,0.7983666666666667,0.8069000000000001,30
lossy,cloud_only,remote_rejected_freshness_rate,0.0,0.0,0.0,0.0,30
lossy,cloud_only,remote_failed_loss_rate,0.19733333333333336,0.012160800034178028,0.1931,0.2016333333333333,30
lossy,cloud_only,mode_switches_per_1000,0.0,0.0,0.0,0.0,30
lossy,cloud_only,pct_local_fast,0.0,0.0,0.0,0.0,30
lossy,cloud_only,pct_edge_accurate,100.0,0.0,100.0,100.0,30
lossy,cloud_only,pct_hybrid,0.0,0.0,0.0,0.0,30
lossy,cloud_only,pct_degraded_safe,0.0,0.0,0.0,0.0,30
lossy,dapper,mean_latency_ms,25.003209635014095,0.15974262798343122,24.94841033219709,25.060905216187447,30
lossy,dapper,p95_latency_ms,34.012278154614826,0.12120943376607804,33.96825412712669,34.05448763655662,30
lossy,dapper,p99_latency_ms,34.80546807570768,0.06143547890706443,34.78326714248661,34.826599995826946,30
lossy,dapper,deadline_miss_rate,0.0,0.0,0.0,0.0,30
lossy,dapper,usable_confidence_proxy,0.7405908249005024,0.0021791822011149593,0.7398371863884554,0.7413865873770361,30
lossy,dapper,mean_output_confidence,0.7247968267120143,0.001322250002252836,0.7243290816945883,0.7252513425625742,30
lossy,dapper,bandwidth_per_1000_frames_kb,18126.666666666668,439.9222763118529,17975.0,18280.833333333332,30
lossy,dapper,bandwidth_per_frame_kb,18.12666666666667,0.439922276311853,17.975,18.28083333333333,30
lossy,dapper,fallback_rate,0.0,0.0,0.0,0.0,30
lossy,dapper,reuse_rate,0.0,0.0,0.0,0.0,30
lossy,dapper,stale_acceptance_rate,0.0,0.0,0.0,0.0,30
lossy,dapper,remote_attempt_rate,0.7250666666666666,0.017596891052474133,0.7189999999999999,0.7312333333333334,30
lossy,dapper,remote_accept_rate,0.13679093773844395,0.013577245742963,0.1319855693266303,0.14159610786056306,30
lossy,dapper,remote_accepted_per_frame,0.0992,0.010347080214510624,0.09559999999999999,0.1029,30
lossy,dapper,remote_rejected_deadline_rate,0.6753218499411897,0.02119149299989947,0.6675875015850246,0.6824674498874379,30
lossy,dapper,remote_rejected_freshness_rate,0.0,0.0,0.0,0.0,30
lossy,dapper,remote_failed_loss_rate,0.1878872123203663,0.01734266639357781,0.18169369863246687,0.19405866144504985,30
lossy,dapper,mode_switches_per_1000,363.26666666666665,20.082473630667035,356.3325,370.1333333333333,30
lossy,dapper,pct_local_fast,27.493333333333332,1.7596891052474113,26.876666666666665,28.1,30
lossy,dapper,pct_edge_accurate,0.0,0.0,0.0,0.0,30
lossy,dapper,pct_hybrid,72.50666666666667,1.759689105247415,71.9,73.12333333333332,30
lossy,dapper,pct_degraded_safe,0.0,0.0,0.0,0.0,30
lossy,deadline_greedy,mean_latency_ms,25.003209635014095,0.15974262798343122,24.94841033219709,25.060905216187447,30
lossy,deadline_greedy,p95_latency_ms,34.012278154614826,0.12120943376607804,33.96825412712669,34.05448763655662,30
lossy,deadline_greedy,p99_latency_ms,34.80546807570768,0.06143547890706443,34.78326714248661,34.826599995826946,30
lossy,deadline_greedy,deadline_miss_rate,0.0,0.0,0.0,0.0,30
lossy,deadline_greedy,usable_confidence_proxy,0.7247968267120143,0.001322250002252836,0.7243290816945883,0.7252513425625742,30
lossy,deadline_greedy,mean_output_confidence,0.7247968267120143,0.001322250002252836,0.7243290816945883,0.7252513425625742,30
lossy,deadline_greedy,bandwidth_per_1000_frames_kb,0.0,0.0,0.0,0.0,30
lossy,deadline_greedy,bandwidth_per_frame_kb,0.0,0.0,0.0,0.0,30
lossy,deadline_greedy,fallback_rate,0.0,0.0,0.0,0.0,30
lossy,deadline_greedy,reuse_rate,0.0,0.0,0.0,0.0,30
lossy,deadline_greedy,stale_acceptance_rate,0.0,0.0,0.0,0.0,30
lossy,deadline_greedy,remote_attempt_rate,0.0,0.0,0.0,0.0,30
lossy,deadline_greedy,remote_accept_rate,0.0,0.0,0.0,0.0,30
lossy,deadline_greedy,remote_accepted_per_frame,0.0,0.0,0.0,0.0,30
lossy,deadline_greedy,remote_rejected_deadline_rate,0.0,0.0,0.0,0.0,30
lossy,deadline_greedy,remote_rejected_freshness_rate,0.0,0.0,0.0,0.0,30
lossy,deadline_greedy,remote_failed_loss_rate,0.0,0.0,0.0,0.0,30
lossy,deadline_greedy,mode_switches_per_1000,0.0,0.0,0.0,0.0,30
lossy,deadline_greedy,pct_local_fast,100.0,0.0,100.0,100.0,30
lossy,deadline_greedy,pct_edge_accurate,0.0,0.0,0.0,0.0,30
lossy,deadline_greedy,pct_hybrid,0.0,0.0,0.0,0.0,30
lossy,deadline_greedy,pct_degraded_safe,0.0,0.0,0.0,0.0,30
lossy,confidence_deadline,mean_latency_ms,25.003209635014095,0.15974262798343122,24.94841033219709,25.060905216187447,30
lossy,confidence_deadline,p95_latency_ms,34.012278154614826,0.12120943376607804,33.96825412712669,34.05448763655662,30
lossy,confidence_deadline,p99_latency_ms,34.80546807570768,0.06143547890706443,34.78326714248661,34.826599995826946,30
lossy,confidence_deadline,deadline_miss_rate,0.0,0.0,0.0,0.0,30
lossy,confidence_deadline,usable_confidence_proxy,0.7247968267120143,0.001322250002252836,0.7243290816945883,0.7252513425625742,30
lossy,confidence_deadline,mean_output_confidence,0.7247968267120143,0.001322250002252836,0.7243290816945883,0.7252513425625742,30
lossy,confidence_deadline,bandwidth_per_1000_frames_kb,0.0,0.0,0.0,0.0,30
lossy,confidence_deadline,bandwidth_per_frame_kb,0.0,0.0,0.0,0.0,30
lossy,confidence_deadline,fallback_rate,0.0,0.0,0.0,0.0,30
lossy,confidence_deadline,reuse_rate,0.0,0.0,0.0,0.0,30
lossy,confidence_deadline,stale_acceptance_rate,0.0,0.0,0.0,0.0,30
lossy,confidence_deadline,remote_attempt_rate,0.0,0.0,0.0,0.0,30
lossy,confidence_deadline,remote_accept_rate,0.0,0.0,0.0,0.0,30
lossy,confidence_deadline,remote_accepted_per_frame,0.0,0.0,0.0,0.0,30
lossy,confidence_deadline,remote_rejected_deadline_rate,0.0,0.0,0.0,0.0,30
lossy,confidence_deadline,remote_rejected_freshness_rate,0.0,0.0,0.0,0.0,30
lossy,confidence_deadline,remote_failed_loss_rate,0.0,0.0,0.0,0.0,30
lossy,confidence_deadline,mode_switches_per_1000,0.0,0.0,0.0,0.0,30
lossy,confidence_deadline,pct_local_fast,100.0,0.0,100.0,100.0,30
lossy,confidence_deadline,pct_edge_accurate,0.0,0.0,0.0,0.0,30
lossy,confidence_deadline,pct_hybrid,0.0,0.0,0.0,0.0,30
lossy,confidence_deadline,pct_degraded_safe,0.0,0.0,0.0,0.0,30
lossy,rtt_threshold,mean_latency_ms,25.003209635014095,0.15974262798343122,24.94841033219709,25.060905216187447,30
lossy,rtt_threshold,p95_latency_ms,34.012278154614826,0.12120943376607804,33.96825412712669,34.05448763655662,30
lossy,rtt_threshold,p99_latency_ms,34.80546807570768,0.06143547890706443,34.78326714248661,34.826599995826946,30
lossy,rtt_threshold,deadline_miss_rate,0.0,0.0,0.0,0.0,30
lossy,rtt_threshold,usable_confidence_proxy,0.7247968267120143,0.001322250002252836,0.7243290816945883,0.7252513425625742,30
lossy,rtt_threshold,mean_output_confidence,0.7247968267120143,0.001322250002252836,0.7243290816945883,0.7252513425625742,30
lossy,rtt_threshold,bandwidth_per_1000_frames_kb,0.0,0.0,0.0,0.0,30
lossy,rtt_threshold,bandwidth_per_frame_kb,0.0,0.0,0.0,0.0,30
lossy,rtt_threshold,fallback_rate,0.0,0.0,0.0,0.0,30
lossy,rtt_threshold,reuse_rate,0.0,0.0,0.0,0.0,30
lossy,rtt_threshold,stale_acceptance_rate,0.0,0.0,0.0,0.0,30
lossy,rtt_threshold,remote_attempt_rate,0.0,0.0,0.0,0.0,30
lossy,rtt_threshold,remote_accept_rate,0.0,0.0,0.0,0.0,30
lossy,rtt_threshold,remote_accepted_per_frame,0.0,0.0,0.0,0.0,30
lossy,rtt_threshold,remote_rejected_deadline_rate,0.0,0.0,0.0,0.0,30
lossy,rtt_threshold,remote_rejected_freshness_rate,0.0,0.0,0.0,0.0,30
lossy,rtt_threshold,remote_failed_loss_rate,0.0,0.0,0.0,0.0,30
lossy,rtt_threshold,mode_switches_per_1000,0.0,0.0,0.0,0.0,30
lossy,rtt_threshold,pct_local_fast,100.0,0.0,100.0,100.0,30
lossy,rtt_threshold,pct_edge_accurate,0.0,0.0,0.0,0.0,30
lossy,rtt_threshold,pct_hybrid,0.0,0.0,0.0,0.0,30
lossy,rtt_threshold,pct_degraded_safe,0.0,0.0,0.0,0.0,30
lossy,oracle_feasible,mean_latency_ms,33.70943184442068,0.8663519725563767,33.412735453803855,34.022119461775894,30
lossy,oracle_feasible,p95_latency_ms,96.32680275736992,0.6672307605289065,96.08786420729545,96.56076757193335,30
lossy,oracle_feasible,p99_latency_ms,99.21094849802871,0.21803793061448445,99.13339016714401,99.28786762238468,30
lossy,oracle_feasible,deadline_miss_rate,0.0,0.0,0.0,0.0,30
lossy,oracle_feasible,usable_confidence_proxy,0.7434737048265869,0.0024259067554197747,0.7426253007132612,0.7443549959720428,30
lossy,oracle_feasible,mean_output_confidence,0.7434737048265869,0.0024259067554197747,0.7426253007132612,0.7443549959720428,30
lossy,oracle_feasible,bandwidth_per_1000_frames_kb,3123.3333333333335,312.52126364438806,3015.8333333333335,3235.8333333333335,30
lossy,oracle_feasible,bandwidth_per_frame_kb,3.123333333333333,0.31252126364438804,3.0158333333333336,3.2358333333333333,30
lossy,oracle_feasible,fallback_rate,0.0,0.0,0.0,0.0,30
lossy,oracle_feasible,reuse_rate,0.0,0.0,0.0,0.0,30
lossy,oracle_feasible,stale_acceptance_rate,0.0,0.0,0.0,0.0,30
lossy,oracle_feasible,remote_attempt_rate,0.12493333333333334,0.01250085054577552,0.12063333333333334,0.12943333333333334,30
lossy,oracle_feasible,remote_accept_rate,1.0,0.0,1.0,1.0,30
lossy,oracle_feasible,remote_accepted_per_frame,0.12493333333333334,0.01250085054577552,0.12063333333333334,0.12943333333333334,30
lossy,oracle_feasible,remote_rejected_deadline_rate,0.0,0.0,0.0,0.0,30
lossy,oracle_feasible,remote_rejected_freshness_rate,0.0,0.0,0.0,0.0,30
lossy,oracle_feasible,remote_failed_loss_rate,0.0,0.0,0.0,0.0,30
lossy,oracle_feasible,mode_switches_per_1000,213.13333333333333,16.771760611903225,207.4325,219.10083333333333,30
lossy,oracle_feasible,pct_local_fast,87.50666666666666,1.250085054577553,87.05666666666666,87.93666666666667,30
lossy,oracle_feasible,pct_edge_accurate,12.493333333333332,1.2500850545775521,12.063333333333334,12.943333333333333,30
lossy,oracle_feasible,pct_hybrid,0.0,0.0,0.0,0.0,30
lossy,oracle_feasible,pct_degraded_safe,0.0,0.0,0.0,0.0,30
variable,local_only,mean_latency_ms,24.954267881168015,0.19098209259437163,24.889159759235522,25.02236740639424,30
variable,local_only,p95_latency_ms,33.968149024906744,0.1405586387811733,33.91696415295809,34.01719132457602,30
variable,local_only,p99_latency_ms,34.76851135047007,0.06136746205108886,34.7462013076697,34.78855996314495,30
variable,local_only,deadline_miss_rate,0.0,0.0,0.0,0.0,30
variable,local_only,usable_confidence_proxy,0.7253139635038416,0.0015586878317280677,0.72477236895505,0.7258565366898948,30
variable,local_only,mean_output_confidence,0.7253139635038416,0.0015586878317280677,0.72477236895505,0.7258565366898948,30
variable,local_only,bandwidth_per_1000_frames_kb,0.0,0.0,0.0,0.0,30
variable,local_only,bandwidth_per_frame_kb,0.0,0.0,0.0,0.0,30
variable,local_only,fallback_rate,0.0,0.0,0.0,0.0,30
variable,local_only,reuse_rate,0.0,0.0,0.0,0.0,30
variable,local_only,stale_acceptance_rate,0.0,0.0,0.0,0.0,30
variable,local_only,remote_attempt_rate,0.0,0.0,0.0,0.0,30
variable,local_only,remote_accept_rate,0.0,0.0,0.0,0.0,30
variable,local_only,remote_accepted_per_frame,0.0,0.0,0.0,0.0,30
variable,local_only,remote_rejected_deadline_rate,0.0,0.0,0.0,0.0,30
variable,local_only,remote_rejected_freshness_rate,0.0,0.0,0.0,0.0,30
variable,local_only,remote_failed_loss_rate,0.0,0.0,0.0,0.0,30
variable,local_only,mode_switches_per_1000,0.0,0.0,0.0,0.0,30
variable,local_only,pct_local_fast,100.0,0.0,100.0,100.0,30
variable,local_only,pct_edge_accurate,0.0,0.0,0.0,0.0,30
variable,local_only,pct_hybrid,0.0,0.0,0.0,0.0,30
variable,local_only,pct_degraded_safe,0.0,0.0,0.0,0.0,30
variable,edge_only,mean_latency_ms,101.78834639001225,3.9386310961854063,100.38796480269595,103.21001151971963,30
variable,edge_only,p95_latency_ms,133.58563931025864,0.2503107508975509,133.49959953276556,133.67492057454533,30
variable,edge_only,p99_latency_ms,134.68664718736727,0.10248695843146194,134.64872429114206,134.72068539618977,30
variable,edge_only,deadline_miss_rate,0.7400333333333333,0.03943609700675814,0.7261666666666666,0.7542666666666666,30
variable,edge_only,usable_confidence_proxy,0.19477717694989172,0.02867220566693067,0.18434835885644169,0.20478649064938645,30
variable,edge_only,mean_output_confidence,0.7316820879972125,0.0021661360124628016,0.7309012730460691,0.7324372968342028,30
variable,edge_only,bandwidth_per_1000_frames_kb,19550.0,1002.346385169353,19190.833333333332,19905.0,30
variable,edge_only,bandwidth_per_frame_kb,19.550000000000004,1.0023463851693533,19.190833333333334,19.905000000000005,30
variable,edge_only,fallback_rate,0.9580333333333332,0.00847911565547083,0.9549333333333334,0.9609666666666666,30
variable,edge_only,reuse_rate,0.0,0.0,0.0,0.0,30
variable,edge_only,stale_acceptance_rate,0.0,0.0,0.0,0.0,30
variable,edge_only,remote_attempt_rate,0.7819999999999999,0.04009385540677411,0.7676333333333333,0.7962000000000001,30
variable,edge_only,remote_accept_rate,0.053694758605144007,0.010525070289835119,0.050064213312757205,0.05746166773590455,30
variable,edge_only,remote_accepted_per_frame,0.04196666666666666,0.008479115655470833,0.03903333333333333,0.04506666666666666,30
variable,edge_only,remote_rejected_deadline_rate,0.876334928379903,0.014584200660845929,0.8712123826747861,0.8813809240963039,30
variable,edge_only,remote_rejected_freshness_rate,0.0,0.0,0.0,0.0,30
variable,edge_only,remote_failed_loss_rate,0.06997031301495303,0.010165868779043342,0.06633532964851596,0.0734251209861233,30
variable,edge_only,mode_switches_per_1000,0.0,0.0,0.0,0.0,30
variable,edge_only,pct_local_fast,0.0,0.0,0.0,0.0,30
variable,edge_only,pct_edge_accurate,100.0,0.0,100.0,100.0,30
variable,edge_only,pct_hybrid,0.0,0.0,0.0,0.0,30
variable,edge_only,pct_degraded_safe,0.0,0.0,0.0,0.0,30
variable,cloud_only,mean_latency_ms,103.15426788116801,3.9792301670717984,101.73068976932709,104.56307347981974,30
variable,cloud_only,p95_latency_ms,133.6663704718774,0.23034745460516473,133.58590631894333,133.74796713082046,30
variable,cloud_only,p99_latency_ms,134.71162317962177,0.08756262698262257,134.67939847512704,134.73980417874444,30
variable,cloud_only,deadline_miss_rate,0.7819999999999999,0.04009385540677411,0.7676333333333333,0.7962000000000001,30
variable,cloud_only,usable_confidence_proxy,0.1580399411309307,0.029087738068927515,0.14771281994579885,0.16844637795737602,30
variable,cloud_only,mean_output_confidence,0.7253139635038416,0.0015586878317280677,0.72477236895505,0.7258565366898948,30
variable,cloud_only,bandwidth_per_1000_frames_kb,27370.0,1403.2849392370942,26867.166666666668,27867.0,30
variable,cloud_only,bandwidth_per_frame_kb,27.37,1.4032849392370943,26.86716666666667,27.867,30
variable,cloud_only,fallback_rate,1.0,0.0,1.0,1.0,30
variable,cloud_only,reuse_rate,0.0,0.0,0.0,0.0,30
variable,cloud_only,stale_acceptance_rate,0.0,0.0,0.0,0.0,30
variable,cloud_only,remote_attempt_rate,0.7819999999999999,0.04009385540677411,0.7676333333333333,0.7962000000000001,30
variable,cloud_only,remote_accept_rate,0.0,0.0,0.0,0.0,30
variable,cloud_only,remote_accepted_per_frame,0.0,0.0,0.0,0.0,30
variable,cloud_only,remote_rejected_deadline_rate,0.9282382668900749,0.011708123029951226,0.9240900079821075,0.9322709538521785,30
variable,cloud_only,remote_rejected_freshness_rate,0.0,0.0,0.0,0.0,30
variable,cloud_only,remote_failed_loss_rate,0.07176173310992494,0.011708123029951225,0.06772904614782128,0.07590999201789243,30
variable,cloud_only,mode_switches_per_1000,0.0,0.0,0.0,0.0,30
variable,cloud_only,pct_local_fast,0.0,0.0,0.0,0.0,30
variable,cloud_only,pct_edge_accurate,100.0,0.0,100.0,100.0,30
variable,cloud_only,pct_hybrid,0.0,0.0,0.0,0.0,30
variable,cloud_only,pct_degraded_safe,0.0,0.0,0.0,0.0,30
variable,dapper,mean_latency_ms,20.905161109397675,0.7368320428921273,20.64777837722676,21.16901104109144,30
variable,dapper,p95_latency_ms,33.74407704498113,0.2126750836043015,33.66991459060688,33.819528499197034,30
variable,dapper,p99_latency_ms,34.714468841675405,0.09257023559024172,34.6803280119007,34.74421079028374,30
variable,dapper,deadline_miss_rate,0.0,0.0,0.0,0.0,30
variable,dapper,usable_confidence_proxy,0.731537829380306,0.002505299049290559,0.7306375575355787,0.7323912626304034,30
variable,dapper,mean_output_confidence,0.7256041346457223,0.001953260708744225,0.7249257733993713,0.7262837904782429,30
variable,dapper,bandwidth_per_1000_frames_kb,5777.5,618.9308774285564,5557.5,5997.5,30
variable,dapper,bandwidth_per_frame_kb,5.7775,0.6189308774285565,5.557500000000002,5.9975000000000005,30
variable,dapper,fallback_rate,0.21943333333333334,0.040132266950356946,0.2052325,0.2338,30
variable,dapper,reuse_rate,0.16830000000000003,0.030488154850808802,0.15746666666666667,0.17919999999999997,30
variable,dapper,stale_acceptance_rate,0.0,0.0,0.0,0.0,30
variable,dapper,remote_attempt_rate,0.2311,0.02475723509714226,0.22230000000000005,0.23989999999999997,30
variable,dapper,remote_accept_rate,0.1593225904647559,0.030227815733317422,0.1485875090503525,0.16975583920517912,30
variable,dapper,remote_accepted_per_frame,0.03679999999999999,0.008243701880202556,0.03396666666666667,0.03976749999999998,30
variable,dapper,remote_rejected_deadline_rate,0.7687412516943987,0.03144991902511748,0.7575608848261716,0.7795944846253311,30
variable,dapper,remote_rejected_freshness_rate,0.0,0.0,0.0,0.0,30
variable,dapper,remote_failed_loss_rate,0.07193615784084549,0.016135950496985536,0.06638617017732289,0.07767122084932847,30
variable,dapper,mode_switches_per_1000,315.43333333333334,16.716053265696694,309.76666666666665,321.46666666666664,30
variable,dapper,pct_local_fast,60.05999999999999,2.943326759602662,59.01991666666667,61.103416666666675,30
variable,dapper,pct_edge_accurate,0.0,0.0,0.0,0.0,30
variable,dapper,pct_hybrid,23.11,2.475723509714226,22.230000000000008,23.990000000000002,30
variable,dapper,pct_degraded_safe,16.83,3.0488154850808806,15.74666666666667,17.919999999999998,30
variable,deadline_greedy,mean_latency_ms,24.954267881168015,0.19098209259437163,24.889159759235522,25.02236740639424,30
variable,deadline_greedy,p95_latency_ms,33.968149024906744,0.1405586387811733,33.91696415295809,34.01719132457602,30
variable,deadline_greedy,p99_latency_ms,34.76851135047007,0.06136746205108886,34.7462013076697,34.78855996314495,30
variable,deadline_greedy,deadline_miss_rate,0.0,0.0,0.0,0.0,30
variable,deadline_greedy,usable_confidence_proxy,0.7253139635038416,0.0015586878317280677,0.72477236895505,0.7258565366898948,30
variable,deadline_greedy,mean_output_confidence,0.7253139635038416,0.0015586878317280677,0.72477236895505,0.7258565366898948,30
variable,deadline_greedy,bandwidth_per_1000_frames_kb,0.0,0.0,0.0,0.0,30
variable,deadline_greedy,bandwidth_per_frame_kb,0.0,0.0,0.0,0.0,30
variable,deadline_greedy,fallback_rate,0.0,0.0,0.0,0.0,30
variable,deadline_greedy,reuse_rate,0.0,0.0,0.0,0.0,30
variable,deadline_greedy,stale_acceptance_rate,0.0,0.0,0.0,0.0,30
variable,deadline_greedy,remote_attempt_rate,0.0,0.0,0.0,0.0,30
variable,deadline_greedy,remote_accept_rate,0.0,0.0,0.0,0.0,30
variable,deadline_greedy,remote_accepted_per_frame,0.0,0.0,0.0,0.0,30
variable,deadline_greedy,remote_rejected_deadline_rate,0.0,0.0,0.0,0.0,30
variable,deadline_greedy,remote_rejected_freshness_rate,0.0,0.0,0.0,0.0,30
variable,deadline_greedy,remote_failed_loss_rate,0.0,0.0,0.0,0.0,30
variable,deadline_greedy,mode_switches_per_1000,0.0,0.0,0.0,0.0,30
variable,deadline_greedy,pct_local_fast,100.0,0.0,100.0,100.0,30
variable,deadline_greedy,pct_edge_accurate,0.0,0.0,0.0,0.0,30
variable,deadline_greedy,pct_hybrid,0.0,0.0,0.0,0.0,30
variable,deadline_greedy,pct_degraded_safe,0.0,0.0,0.0,0.0,30
variable,confidence_deadline,mean_latency_ms,24.954267881168015,0.19098209259437163,24.889159759235522,25.02236740639424,30
variable,confidence_deadline,p95_latency_ms,33.968149024906744,0.1405586387811733,33.91696415295809,34.01719132457602,30
variable,confidence_deadline,p99_latency_ms,34.76851135047007,0.06136746205108886,34.7462013076697,34.78855996314495,30
variable,confidence_deadline,deadline_miss_rate,0.0,0.0,0.0,0.0,30
variable,confidence_deadline,usable_confidence_proxy,0.7253139635038416,0.0015586878317280677,0.72477236895505,0.7258565366898948,30
variable,confidence_deadline,mean_output_confidence,0.7253139635038416,0.0015586878317280677,0.72477236895505,0.7258565366898948,30
variable,confidence_deadline,bandwidth_per_1000_frames_kb,0.0,0.0,0.0,0.0,30
variable,confidence_deadline,bandwidth_per_frame_kb,0.0,0.0,0.0,0.0,30
variable,confidence_deadline,fallback_rate,0.0,0.0,0.0,0.0,30
variable,confidence_deadline,reuse_rate,0.0,0.0,0.0,0.0,30
variable,confidence_deadline,stale_acceptance_rate,0.0,0.0,0.0,0.0,30
variable,confidence_deadline,remote_attempt_rate,0.0,0.0,0.0,0.0,30
variable,confidence_deadline,remote_accept_rate,0.0,0.0,0.0,0.0,30
variable,confidence_deadline,remote_accepted_per_frame,0.0,0.0,0.0,0.0,30
variable,confidence_deadline,remote_rejected_deadline_rate,0.0,0.0,0.0,0.0,30
variable,confidence_deadline,remote_rejected_freshness_rate,0.0,0.0,0.0,0.0,30
variable,confidence_deadline,remote_failed_loss_rate,0.0,0.0,0.0,0.0,30
variable,confidence_deadline,mode_switches_per_1000,0.0,0.0,0.0,0.0,30
variable,confidence_deadline,pct_local_fast,100.0,0.0,100.0,100.0,30
variable,confidence_deadline,pct_edge_accurate,0.0,0.0,0.0,0.0,30
variable,confidence_deadline,pct_hybrid,0.0,0.0,0.0,0.0,30
variable,confidence_deadline,pct_degraded_safe,0.0,0.0,0.0,0.0,30
variable,rtt_threshold,mean_latency_ms,25.004945392746876,0.19164603718604595,24.938977343821012,25.073075611150312,30
variable,rtt_threshold,p95_latency_ms,33.986695938437485,0.1373435794736967,33.937342050311706,34.03423481316501,30
variable,rtt_threshold,p99_latency_ms,34.78130098298774,0.06030290078866963,34.75851754943657,34.80017279891388,30
variable,rtt_threshold,deadline_miss_rate,0.00023333333333333333,0.000504006932993731,6.666666666666667e-05,0.00043333333333333337,30
variable,rtt_threshold,usable_confidence_proxy,0.7252399815638955,0.001677698933646823,0.7246502872406136,0.7258298102785767,30
variable,rtt_threshold,mean_output_confidence,0.7254046937630475,0.001612361510553975,0.7248436635143635,0.7259692573700751,30
variable,rtt_threshold,bandwidth_per_1000_frames_kb,18.333333333333332,22.679678482993406,10.833333333333334,26.666666666666668,30
variable,rtt_threshold,bandwidth_per_frame_kb,0.018333333333333333,0.022679678482993407,0.010833333333333334,0.026666666666666672,30
variable,rtt_threshold,fallback_rate,0.00023333333333333333,0.000504006932993731,6.666666666666667e-05,0.00043333333333333337,30
variable,rtt_threshold,reuse_rate,0.0,0.0,0.0,0.0,30
variable,rtt_threshold,stale_acceptance_rate,0.0,0.0,0.0,0.0,30
variable,rtt_threshold,remote_attempt_rate,0.0007333333333333333,0.0009071871393197364,0.00043333333333333337,0.001066666666666667,30
variable,rtt_threshold,remote_accept_rate,0.3222222222222222,0.44835444836260846,0.16666666666666666,0.48333333333333334,30
variable,rtt_threshold,remote_accepted_per_frame,0.0005,0.0007310832774866962,0.0002666666666666667,0.0007666666666666669,30
variable,rtt_threshold,remote_rejected_deadline_rate,0.12777777777777777,0.31465889009158055,0.03333333333333333,0.24444444444444444,30
variable,rtt_threshold,remote_rejected_freshness_rate,0.0,0.0,0.0,0.0,30
variable,rtt_threshold,remote_failed_loss_rate,0.016666666666666666,0.09128709291752767,0.0,0.05,30
variable,rtt_threshold,mode_switches_per_1000,1.1333333333333333,1.3578211078487255,0.6666666666666666,1.6,30
variable,rtt_threshold,pct_local_fast,99.92666666666668,0.0907187139319738,99.89333333333335,99.95666666666668,30
variable,rtt_threshold,pct_edge_accurate,0.07333333333333333,0.09071871393197363,0.043333333333333335,0.10666666666666669,30
variable,rtt_threshold,pct_hybrid,0.0,0.0,0.0,0.0,30
variable,rtt_threshold,pct_degraded_safe,0.0,0.0,0.0,0.0,30
variable,oracle_feasible,mean_latency_ms,27.785013056678896,0.5284492541005652,27.602238512154234,27.973319302675737,30
variable,oracle_feasible,p95_latency_ms,42.028649291541704,16.73368244864834,36.35138660729276,48.29101852015832,30
variable,oracle_feasible,p99_latency_ms,97.16063731413773,1.0066400837590679,96.79562542589107,97.50340284868868,30
variable,oracle_feasible,deadline_miss_rate,0.0,0.0,0.0,0.0,30
variable,oracle_feasible,usable_confidence_proxy,0.7316820879972125,0.0021661360124628016,0.7309012730460691,0.7324372968342028,30
variable,oracle_feasible,mean_output_confidence,0.7316820879972125,0.0021661360124628016,0.7309012730460691,0.7324372968342028,30
variable,oracle_feasible,bandwidth_per_1000_frames_kb,1049.1666666666667,211.9778913867708,975.8333333333334,1126.6666666666667,30
variable,oracle_feasible,bandwidth_per_frame_kb,1.0491666666666668,0.21197789138677084,0.9758333333333334,1.1266666666666665,30
variable,oracle_feasible,fallback_rate,0.0,0.0,0.0,0.0,30
variable,oracle_feasible,reuse_rate,0.0,0.0,0.0,0.0,30
variable,oracle_feasible,stale_acceptance_rate,0.0,0.0,0.0,0.0,30
variable,oracle_feasible,remote_attempt_rate,0.04196666666666666,0.008479115655470833,0.03903333333333333,0.04506666666666666,30
variable,oracle_feasible,remote_accept_rate,1.0,0.0,1.0,1.0,30
variable,oracle_feasible,remote_accepted_per_frame,0.04196666666666666,0.008479115655470833,0.03903333333333333,0.04506666666666666,30
variable,oracle_feasible,remote_rejected_deadline_rate,0.0,0.0,0.0,0.0,30
variable,oracle_feasible,remote_rejected_freshness_rate,0.0,0.0,0.0,0.0,30
variable,oracle_feasible,remote_failed_loss_rate,0.0,0.0,0.0,0.0,30
variable,oracle_feasible,mode_switches_per_1000,69.86666666666666,12.888736952466873,65.5325,74.56666666666666,30
variable,oracle_feasible,pct_local_fast,95.80333333333333,0.8479115655470832,95.49333333333334,96.09666666666665,30
variable,oracle_feasible,pct_edge_accurate,4.196666666666667,0.8479115655470834,3.9033333333333338,4.506666666666666,30
variable,oracle_feasible,pct_hybrid,0.0,0.0,0.0,0.0,30
variable,oracle_feasible,pct_degraded_safe,0.0,0.0,0.0,0.0,30
outage,local_only,mean_latency_ms,25.010062503109022,0.1685788631806354,24.95106672715531,25.069265526914986,30
outage,local_only,p95_latency_ms,34.0121154317442,0.15795577821290474,33.95612468699971,34.06642381717916,30
outage,local_only,p99_latency_ms,34.777699557235714,0.07705312091530245,34.750279067861925,34.804889127165445,30
outage,local_only,deadline_miss_rate,0.0,0.0,0.0,0.0,30
outage,local_only,usable_confidence_proxy,0.7249467226228217,0.0013696023696029161,0.7244492443659767,0.7254164481558691,30
outage,local_only,mean_output_confidence,0.7249467226228217,0.0013696023696029161,0.7244492443659767,0.7254164481558691,30
outage,local_only,bandwidth_per_1000_frames_kb,0.0,0.0,0.0,0.0,30
outage,local_only,bandwidth_per_frame_kb,0.0,0.0,0.0,0.0,30
outage,local_only,fallback_rate,0.0,0.0,0.0,0.0,30
outage,local_only,reuse_rate,0.0,0.0,0.0,0.0,30
outage,local_only,stale_acceptance_rate,0.0,0.0,0.0,0.0,30
outage,local_only,remote_attempt_rate,0.0,0.0,0.0,0.0,30
outage,local_only,remote_accept_rate,0.0,0.0,0.0,0.0,30
outage,local_only,remote_accepted_per_frame,0.0,0.0,0.0,0.0,30
outage,local_only,remote_rejected_deadline_rate,0.0,0.0,0.0,0.0,30
outage,local_only,remote_rejected_freshness_rate,0.0,0.0,0.0,0.0,30
outage,local_only,remote_failed_loss_rate,0.0,0.0,0.0,0.0,30
outage,local_only,mode_switches_per_1000,0.0,0.0,0.0,0.0,30
outage,local_only,pct_local_fast,100.0,0.0,100.0,100.0,30
outage,local_only,pct_edge_accurate,0.0,0.0,0.0,0.0,30
outage,local_only,pct_hybrid,0.0,0.0,0.0,0.0,30
outage,local_only,pct_degraded_safe,0.0,0.0,0.0,0.0,30
outage,edge_only,mean_latency_ms,39.690062503109026,1.7936904661708621,39.06650689927071,40.33059282035746,30
outage,edge_only,p95_latency_ms,128.07706649270384,1.0513613154171975,127.70553940054009,128.44310799887478,30
outage,edge_only,p99_latency_ms,133.55336169996855,0.4945316161528973,133.3767322220303,133.7251359746709,30
outage,edge_only,deadline_miss_rate,0.1468,0.017916280402144744,0.14063333333333336,0.15326666666666666,30
outage,edge_only,usable_confidence_proxy,0.6187231720593105,0.013185832525004102,0.6139892776727712,0.6232440517520567,30
outage,edge_only,mean_output_confidence,0.7249467226228217,0.0013696023696029161,0.7244492443659767,0.7254164481558691,30
outage,edge_only,bandwidth_per_1000_frames_kb,3670.0,447.9070100536186,3515.8333333333335,3831.6666666666665,30
outage,edge_only,bandwidth_per_frame_kb,3.6700000000000004,0.44790701005361866,3.515833333333334,3.8316666666666657,30
outage,edge_only,fallback_rate,1.0,0.0,1.0,1.0,30
outage,edge_only,reuse_rate,0.0,0.0,0.0,0.0,30
outage,edge_only,stale_acceptance_rate,0.0,0.0,0.0,0.0,30
outage,edge_only,remote_attempt_rate,0.1468,0.017916280402144744,0.14063333333333336,0.15326666666666666,30
outage,edge_only,remote_accept_rate,0.0,0.0,0.0,0.0,30
outage,edge_only,remote_accepted_per_frame,0.0,0.0,0.0,0.0,30
outage,edge_only,remote_rejected_deadline_rate,0.6478458263339892,0.030744298729784847,0.6368815292106624,0.6585837626915511,30
outage,edge_only,remote_rejected_freshness_rate,0.0,0.0,0.0,0.0,30
outage,edge_only,remote_failed_loss_rate,0.3521541736660107,0.030744298729784847,0.341416237308449,0.3631184707893372,30
outage,edge_only,mode_switches_per_1000,0.0,0.0,0.0,0.0,30
outage,edge_only,pct_local_fast,0.0,0.0,0.0,0.0,30
outage,edge_only,pct_edge_accurate,100.0,0.0,100.0,100.0,30
outage,edge_only,pct_hybrid,0.0,0.0,0.0,0.0,30
outage,edge_only,pct_degraded_safe,0.0,0.0,0.0,0.0,30
outage,cloud_only,mean_latency_ms,39.690062503109026,1.7936904661708621,39.06650689927071,40.33059282035746,30
outage,cloud_only,p95_latency_ms,128.07706649270384,1.0513613154171975,127.70553940054009,128.44310799887478,30
outage,cloud_only,p99_latency_ms,133.55336169996855,0.4945316161528973,133.3767322220303,133.7251359746709,30
outage,cloud_only,deadline_miss_rate,0.1468,0.017916280402144744,0.14063333333333336,0.15326666666666666,30
outage,cloud_only,usable_confidence_proxy,0.6187231720593105,0.013185832525004102,0.6139892776727712,0.6232440517520567,30
outage,cloud_only,mean_output_confidence,0.7249467226228217,0.0013696023696029161,0.7244492443659767,0.7254164481558691,30
outage,cloud_only,bandwidth_per_1000_frames_kb,5138.0,627.069814075066,4922.166666666667,5364.333333333333,30
outage,cloud_only,bandwidth_per_frame_kb,5.138000000000001,0.6270698140750661,4.922166666666668,5.364333333333333,30
outage,cloud_only,fallback_rate,1.0,0.0,1.0,1.0,30
outage,cloud_only,reuse_rate,0.0,0.0,0.0,0.0,30
outage,cloud_only,stale_acceptance_rate,0.0,0.0,0.0,0.0,30
outage,cloud_only,remote_attempt_rate,0.1468,0.017916280402144744,0.14063333333333336,0.15326666666666666,30
outage,cloud_only,remote_accept_rate,0.0,0.0,0.0,0.0,30
outage,cloud_only,remote_accepted_per_frame,0.0,0.0,0.0,0.0,30
outage,cloud_only,remote_rejected_deadline_rate,0.6512698376729025,0.03850931772583731,0.6376132378973051,0.6650648621949183,30
outage,cloud_only,remote_rejected_freshness_rate,0.0,0.0,0.0,0.0,30
outage,cloud_only,remote_failed_loss_rate,0.34873016232709736,0.03850931772583731,0.33493513780508155,0.36238676210269494,30
outage,cloud_only,mode_switches_per_1000,0.0,0.0,0.0,0.0,30
outage,cloud_only,pct_local_fast,0.0,0.0,0.0,0.0,30
outage,cloud_only,pct_edge_accurate,100.0,0.0,100.0,100.0,30
outage,cloud_only,pct_hybrid,0.0,0.0,0.0,0.0,30
outage,cloud_only,pct_degraded_safe,0.0,0.0,0.0,0.0,30
outage,dapper,mean_latency_ms,7.381609814192322,0.14348774576691167,7.332516468225608,7.433043705764936,30
outage,dapper,p95_latency_ms,31.18838425196936,0.5009047087578914,31.01292571232953,31.362502768723584,30
outage,dapper,p99_latency_ms,34.18711647171901,0.2345203938192105,34.10277591133732,34.26953293501419,30
outage,dapper,deadline_miss_rate,0.0,0.0,0.0,0.0,30
outage,dapper,usable_confidence_proxy,0.7255264574970844,0.00273138929991575,0.724534548793681,0.7264857617893061,30
outage,dapper,mean_output_confidence,0.7255264574970844,0.00273138929991575,0.724534548793681,0.7264857617893061,30
outage,dapper,bandwidth_per_1000_frames_kb,0.0,0.0,0.0,0.0,30
outage,dapper,bandwidth_per_frame_kb,0.0,0.0,0.0,0.0,30
outage,dapper,fallback_rate,1.0,0.0,1.0,1.0,30
outage,dapper,reuse_rate,0.7340333333333333,0.0029300268721061903,0.7329666666666668,0.7350333333333333,30
outage,dapper,stale_acceptance_rate,0.0,0.0,0.0,0.0,30
outage,dapper,remote_attempt_rate,0.0,0.0,0.0,0.0,30
outage,dapper,remote_accept_rate,0.0,0.0,0.0,0.0,30
outage,dapper,remote_accepted_per_frame,0.0,0.0,0.0,0.0,30
outage,dapper,remote_rejected_deadline_rate,0.0,0.0,0.0,0.0,30
outage,dapper,remote_rejected_freshness_rate,0.0,0.0,0.0,0.0,30
outage,dapper,remote_failed_loss_rate,0.0,0.0,0.0,0.0,30
outage,dapper,mode_switches_per_1000,418.43333333333334,10.48375864860971,414.6333333333333,422.06666666666666,30
outage,dapper,pct_local_fast,22.63,0.6012343624749752,22.416666666666664,22.83666666666667,30
outage,dapper,pct_edge_accurate,0.0,0.0,0.0,0.0,30
outage,dapper,pct_hybrid,0.0,0.0,0.0,0.0,30
outage,dapper,pct_degraded_safe,77.36999999999999,0.6012343624749765,77.16333333333333,77.58333333333333,30
outage,deadline_greedy,mean_latency_ms,25.010062503109022,0.1685788631806354,24.95106672715531,25.069265526914986,30
outage,deadline_greedy,p95_latency_ms,34.0121154317442,0.15795577821290474,33.95612468699971,34.06642381717916,30
outage,deadline_greedy,p99_latency_ms,34.777699557235714,0.07705312091530245,34.750279067861925,34.804889127165445,30
outage,deadline_greedy,deadline_miss_rate,0.0,0.0,0.0,0.0,30
outage,deadline_greedy,usable_confidence_proxy,0.7249467226228217,0.0013696023696029161,0.7244492443659767,0.7254164481558691,30
outage,deadline_greedy,mean_output_confidence,0.7249467226228217,0.0013696023696029161,0.7244492443659767,0.7254164481558691,30
outage,deadline_greedy,bandwidth_per_1000_frames_kb,0.0,0.0,0.0,0.0,30
outage,deadline_greedy,bandwidth_per_frame_kb,0.0,0.0,0.0,0.0,30
outage,deadline_greedy,fallback_rate,0.0,0.0,0.0,0.0,30
outage,deadline_greedy,reuse_rate,0.0,0.0,0.0,0.0,30
outage,deadline_greedy,stale_acceptance_rate,0.0,0.0,0.0,0.0,30
outage,deadline_greedy,remote_attempt_rate,0.0,0.0,0.0,0.0,30
outage,deadline_greedy,remote_accept_rate,0.0,0.0,0.0,0.0,30
outage,deadline_greedy,remote_accepted_per_frame,0.0,0.0,0.0,0.0,30
outage,deadline_greedy,remote_rejected_deadline_rate,0.0,0.0,0.0,0.0,30
outage,deadline_greedy,remote_rejected_freshness_rate,0.0,0.0,0.0,0.0,30
outage,deadline_greedy,remote_failed_loss_rate,0.0,0.0,0.0,0.0,30
outage,deadline_greedy,mode_switches_per_1000,0.0,0.0,0.0,0.0,30
outage,deadline_greedy,pct_local_fast,100.0,0.0,100.0,100.0,30
outage,deadline_greedy,pct_edge_accurate,0.0,0.0,0.0,0.0,30
outage,deadline_greedy,pct_hybrid,0.0,0.0,0.0,0.0,30
outage,deadline_greedy,pct_degraded_safe,0.0,0.0,0.0,0.0,30
outage,confidence_deadline,mean_latency_ms,25.010062503109022,0.1685788631806354,24.95106672715531,25.069265526914986,30
outage,confidence_deadline,p95_latency_ms,34.0121154317442,0.15795577821290474,33.95612468699971,34.06642381717916,30
outage,confidence_deadline,p99_latency_ms,34.777699557235714,0.07705312091530245,34.750279067861925,34.804889127165445,30
outage,confidence_deadline,deadline_miss_rate,0.0,0.0,0.0,0.0,30
outage,confidence_deadline,usable_confidence_proxy,0.7249467226228217,0.0013696023696029161,0.7244492443659767,0.7254164481558691,30
outage,confidence_deadline,mean_output_confidence,0.7249467226228217,0.0013696023696029161,0.7244492443659767,0.7254164481558691,30
outage,confidence_deadline,bandwidth_per_1000_frames_kb,0.0,0.0,0.0,0.0,30
outage,confidence_deadline,bandwidth_per_frame_kb,0.0,0.0,0.0,0.0,30
outage,confidence_deadline,fallback_rate,0.0,0.0,0.0,0.0,30
outage,confidence_deadline,reuse_rate,0.0,0.0,0.0,0.0,30
outage,confidence_deadline,stale_acceptance_rate,0.0,0.0,0.0,0.0,30
outage,confidence_deadline,remote_attempt_rate,0.0,0.0,0.0,0.0,30
outage,confidence_deadline,remote_accept_rate,0.0,0.0,0.0,0.0,30
outage,confidence_deadline,remote_accepted_per_frame,0.0,0.0,0.0,0.0,30
outage,confidence_deadline,remote_rejected_deadline_rate,0.0,0.0,0.0,0.0,30
outage,confidence_deadline,remote_rejected_freshness_rate,0.0,0.0,0.0,0.0,30
outage,confidence_deadline,remote_failed_loss_rate,0.0,0.0,0.0,0.0,30
outage,confidence_deadline,mode_switches_per_1000,0.0,0.0,0.0,0.0,30
outage,confidence_deadline,pct_local_fast,100.0,0.0,100.0,100.0,30
outage,confidence_deadline,pct_edge_accurate,0.0,0.0,0.0,0.0,30
outage,confidence_deadline,pct_hybrid,0.0,0.0,0.0,0.0,30
outage,confidence_deadline,pct_degraded_safe,0.0,0.0,0.0,0.0,30
outage,rtt_threshold,mean_latency_ms,25.010062503109022,0.1685788631806354,24.95106672715531,25.069265526914986,30
outage,rtt_threshold,p95_latency_ms,34.0121154317442,0.15795577821290474,33.95612468699971,34.06642381717916,30
outage,rtt_threshold,p99_latency_ms,34.777699557235714,0.07705312091530245,34.750279067861925,34.804889127165445,30
outage,rtt_threshold,deadline_miss_rate,0.0,0.0,0.0,0.0,30
outage,rtt_threshold,usable_confidence_proxy,0.7249467226228217,0.0013696023696029161,0.7244492443659767,0.7254164481558691,30
outage,rtt_threshold,mean_output_confidence,0.7249467226228217,0.0013696023696029161,0.7244492443659767,0.7254164481558691,30
outage,rtt_threshold,bandwidth_per_1000_frames_kb,0.0,0.0,0.0,0.0,30
outage,rtt_threshold,bandwidth_per_frame_kb,0.0,0.0,0.0,0.0,30
outage,rtt_threshold,fallback_rate,0.0,0.0,0.0,0.0,30
outage,rtt_threshold,reuse_rate,0.0,0.0,0.0,0.0,30
outage,rtt_threshold,stale_acceptance_rate,0.0,0.0,0.0,0.0,30
outage,rtt_threshold,remote_attempt_rate,0.0,0.0,0.0,0.0,30
outage,rtt_threshold,remote_accept_rate,0.0,0.0,0.0,0.0,30
outage,rtt_threshold,remote_accepted_per_frame,0.0,0.0,0.0,0.0,30
outage,rtt_threshold,remote_rejected_deadline_rate,0.0,0.0,0.0,0.0,30
outage,rtt_threshold,remote_rejected_freshness_rate,0.0,0.0,0.0,0.0,30
outage,rtt_threshold,remote_failed_loss_rate,0.0,0.0,0.0,0.0,30
outage,rtt_threshold,mode_switches_per_1000,0.0,0.0,0.0,0.0,30
outage,rtt_threshold,pct_local_fast,100.0,0.0,100.0,100.0,30
outage,rtt_threshold,pct_edge_accurate,0.0,0.0,0.0,0.0,30
outage,rtt_threshold,pct_hybrid,0.0,0.0,0.0,0.0,30
outage,rtt_threshold,pct_degraded_safe,0.0,0.0,0.0,0.0,30
outage,oracle_feasible,mean_latency_ms,25.010062503109022,0.1685788631806354,24.95106672715531,25.069265526914986,30
outage,oracle_feasible,p95_latency_ms,34.0121154317442,0.15795577821290474,33.95612468699971,34.06642381717916,30
outage,oracle_feasible,p99_latency_ms,34.777699557235714,0.07705312091530245,34.750279067861925,34.804889127165445,30
outage,oracle_feasible,deadline_miss_rate,0.0,0.0,0.0,0.0,30
outage,oracle_feasible,usable_confidence_proxy,0.7249467226228217,0.0013696023696029161,0.7244492443659767,0.7254164481558691,30
outage,oracle_feasible,mean_output_confidence,0.7249467226228217,0.0013696023696029161,0.7244492443659767,0.7254164481558691,30
outage,oracle_feasible,bandwidth_per_1000_frames_kb,0.0,0.0,0.0,0.0,30
outage,oracle_feasible,bandwidth_per_frame_kb,0.0,0.0,0.0,0.0,30
outage,oracle_feasible,fallback_rate,0.0,0.0,0.0,0.0,30
outage,oracle_feasible,reuse_rate,0.0,0.0,0.0,0.0,30
outage,oracle_feasible,stale_acceptance_rate,0.0,0.0,0.0,0.0,30
outage,oracle_feasible,remote_attempt_rate,0.0,0.0,0.0,0.0,30
outage,oracle_feasible,remote_accept_rate,0.0,0.0,0.0,0.0,30
outage,oracle_feasible,remote_accepted_per_frame,0.0,0.0,0.0,0.0,30
outage,oracle_feasible,remote_rejected_deadline_rate,0.0,0.0,0.0,0.0,30
outage,oracle_feasible,remote_rejected_freshness_rate,0.0,0.0,0.0,0.0,30
outage,oracle_feasible,remote_failed_loss_rate,0.0,0.0,0.0,0.0,30
outage,oracle_feasible,mode_switches_per_1000,0.0,0.0,0.0,0.0,30
outage,oracle_feasible,pct_local_fast,100.0,0.0,100.0,100.0,30
outage,oracle_feasible,pct_edge_accurate,0.0,0.0,0.0,0.0,30
outage,oracle_feasible,pct_hybrid,0.0,0.0,0.0,0.0,30
outage,oracle_feasible,pct_degraded_safe,0.0,0.0,0.0,0.0,30
