metric,policy_a,policy_b,profile,n_seeds,mean_diff,ci_lo,ci_hi,std,excludes_zero,a_mean,b_mean
deadline_miss_rate,dapper,local_only,stable,30,0.0,0.0,0.0,0.0,False,0.0,0.0
p95_latency_ms,dapper,local_only,stable,30,0.0,0.0,0.0,0.0,False,33.984265110354684,33.984265110354684
usable_confidence_proxy,dapper,local_only,stable,30,0.07103096056039747,0.06999452617075337,0.07201709523182788,0.0028594121559587025,True,0.7959976928158301,0.7249667322554326
bandwidth_per_1000_frames_kb,dapper,local_only,stable,30,21621.666666666668,21499.166666666668,21735.833333333332,335.8425671130112,True,21621.666666666668,0.0
mean_latency_ms,dapper,local_only,stable,30,0.0,0.0,0.0,0.0,False,25.02027748999063,25.02027748999063
deadline_miss_rate,dapper,edge_only,stable,30,-0.48766666666666664,-0.4938333333333333,-0.48173333333333335,0.017307230566588564,True,0.0,0.48766666666666664
p95_latency_ms,dapper,edge_only,stable,30,-98.8330662825847,-98.92888898641895,-98.7417628874601,0.2671212125744816,True,33.984265110354684,132.81733139293937
usable_confidence_proxy,dapper,edge_only,stable,30,0.3476889049294008,0.3433221634925761,0.3522141997334681,0.012679508150302514,True,0.7959976928158301,0.4483087878864294
bandwidth_per_1000_frames_kb,dapper,edge_only,stable,30,-3378.3333333333335,-3500.8333333333335,-3264.1666666666665,335.8425671130112,True,21621.666666666668,25000.0
mean_latency_ms,dapper,edge_only,stable,30,-80.59084163564295,-80.82773192529947,-80.35736760719514,0.6703273928601338,True,25.02027748999063,105.61111912563356
deadline_miss_rate,dapper,cloud_only,stable,30,-1.0,-1.0,-1.0,0.0,True,0.0,1.0
p95_latency_ms,dapper,cloud_only,stable,30,-100.0,-100.0,-100.0,1.319444736062194e-14,True,33.984265110354684,133.9842651103547
usable_confidence_proxy,dapper,cloud_only,stable,30,0.7959976928158301,0.7949080850073025,0.7970417324338718,0.0030581965746421004,True,0.7959976928158301,0.0
bandwidth_per_1000_frames_kb,dapper,cloud_only,stable,30,-13378.333333333334,-13500.833333333334,-13264.166666666666,335.8425671130112,True,21621.666666666668,35000.0
mean_latency_ms,dapper,cloud_only,stable,30,-100.0,-100.0,-100.0,7.463906562163774e-15,True,25.02027748999063,125.02027748999065
deadline_miss_rate,dapper,deadline_greedy,stable,30,0.0,0.0,0.0,0.0,False,0.0,0.0
p95_latency_ms,dapper,deadline_greedy,stable,30,0.0,0.0,0.0,0.0,False,33.984265110354684,33.984265110354684
usable_confidence_proxy,dapper,deadline_greedy,stable,30,0.07103096056039747,0.06999452617075337,0.07201709523182788,0.0028594121559587025,True,0.7959976928158301,0.7249667322554326
bandwidth_per_1000_frames_kb,dapper,deadline_greedy,stable,30,21621.666666666668,21499.166666666668,21735.833333333332,335.8425671130112,True,21621.666666666668,0.0
mean_latency_ms,dapper,deadline_greedy,stable,30,0.0,0.0,0.0,0.0,False,25.02027748999063,25.02027748999063
deadline_miss_rate,dapper,confidence_deadline,stable,30,0.0,0.0,0.0,0.0,False,0.0,0.0
p95_latency_ms,dapper,confidence_deadline,stable,30,0.0,0.0,0.0,0.0,False,33.984265110354684,33.984265110354684
usable_confidence_proxy,dapper,confidence_deadline,stable,30,0.07103096056039747,0.06999452617075337,0.07201709523182788,0.0028594121559587025,True,0.7959976928158301,0.7249667322554326
bandwidth_per_1000_frames_kb,dapper,confidence_deadline,stable,30,21621.666666666668,21499.166666666668,21735.833333333332,335.8425671130112,True,21621.666666666668,0.0
mean_latency_ms,dapper,confidence_deadline,stable,30,0.0,0.0,0.0,0.0,False,25.02027748999063,25.02027748999063
deadline_miss_rate,dapper,rtt_threshold,stable,30,0.0,0.0,0.0,0.0,False,0.0,0.0
p95_latency_ms,dapper,rtt_threshold,stable,30,0.0,0.0,0.0,0.0,False,33.984265110354684,33.984265110354684
usable_confidence_proxy,dapper,rtt_threshold,stable,30,0.07103096056039747,0.06999452617075337,0.07201709523182788,0.0028594121559587025,True,0.7959976928158301,0.7249667322554326
bandwidth_per_1000_frames_kb,dapper,rtt_threshold,stable,30,21621.666666666668,21499.166666666668,21735.833333333332,335.8425671130112,True,21621.666666666668,0.0
mean_latency_ms,dapper,rtt_threshold,stable,30,0.0,0.0,0.0,0.0,False,25.02027748999063,25.02027748999063
deadline_miss_rate,dapper,oracle_feasible,stable,30,0.0,0.0,0.0,0.0,False,0.0,0.0
p95_latency_ms,dapper,oracle_feasible,stable,30,-63.54577902522974,-63.65759953384398,-63.430115981233875,0.3257201701305873,True,33.984265110354684,97.53004413558443
usable_confidence_proxy,dapper,oracle_feasible,stable,30,-0.005842067676327241,-0.006115042932905248,-0.005559615922972379,0.0007828098490027797,True,0.7959976928158301,0.8018397604921572
bandwidth_per_1000_frames_kb,dapper,oracle_feasible,stable,30,8813.333333333334,8613.333333333334,9021.666666666666,585.7405176552058,True,21621.666666666668,12808.333333333334
mean_latency_ms,dapper,oracle_feasible,stable,30,-31.82417496897626,-32.20486667348092,-31.429964061352393,1.108692300452022,True,25.02027748999063,56.844452458966884
deadline_miss_rate,dapper,local_only,congested,30,0.0,0.0,0.0,0.0,False,0.0,0.0
p95_latency_ms,dapper,local_only,congested,30,-0.006056330297488207,-0.011467731221755113,-0.0018764352867677967,0.01374405858321338,True,33.93663339562628,33.94268972592376
usable_confidence_proxy,dapper,local_only,congested,30,3.438769835493553e-05,-3.289185139498181e-05,0.0001007471911412309,0.0001905537198935076,False,0.724962592880273,0.7249282051819181
bandwidth_per_1000_frames_kb,dapper,local_only,congested,30,2.5,0.0,5.833333333333333,7.628214415734117,False,2.5,0.0
mean_latency_ms,dapper,local_only,congested,30,-0.18071063342183205,-0.20583783043820453,-0.15587085823663646,0.07144776170972846,True,24.831886454720813,25.012597088142645
deadline_miss_rate,dapper,edge_only,congested,30,-1.0,-1.0,-1.0,0.0,True,0.0,1.0
p95_latency_ms,dapper,edge_only,congested,30,-100.0060563302975,-100.01146773122177,-100.00187643528677,0.013744058583212445,True,33.93663339562628,133.9426897259238
usable_confidence_proxy,dapper,edge_only,congested,30,0.724962592880273,0.7244213882112449,0.7255313473425076,0.001562881778886257,True,0.724962592880273,0.0
bandwidth_per_1000_frames_kb,dapper,edge_only,congested,30,-24997.5,-25000.0,-24994.166666666668,7.628214415734117,True,2.5,25000.0
mean_latency_ms,dapper,edge_only,congested,30,-100.18071063342182,-100.2058378304382,-100.15587085823664,0.07144776170972553,True,24.831886454720813,125.01259708814266
deadline_miss_rate,dapper,cloud_only,congested,30,-1.0,-1.0,-1.0,0.0,True,0.0,1.0
p95_latency_ms,dapper,cloud_only,congested,30,-100.0060563302975,-100.01146773122177,-100.00187643528677,0.013744058583212445,True,33.93663339562628,133.9426897259238
usable_confidence_proxy,dapper,cloud_only,congested,30,0.724962592880273,0.7244213882112449,0.7255313473425076,0.001562881778886257,True,0.724962592880273,0.0
bandwidth_per_1000_frames_kb,dapper,cloud_only,congested,30,-34997.5,-35000.0,-34994.166666666664,7.628214415734117,True,2.5,35000.0
mean_latency_ms,dapper,cloud_only,congested,30,-100.18071063342182,-100.2058378304382,-100.15587085823664,0.07144776170972553,True,24.831886454720813,125.01259708814266
deadline_miss_rate,dapper,deadline_greedy,congested,30,0.0,0.0,0.0,0.0,False,0.0,0.0
p95_latency_ms,dapper,deadline_greedy,congested,30,-0.006056330297488207,-0.011467731221755113,-0.0018764352867677967,0.01374405858321338,True,33.93663339562628,33.94268972592376
usable_confidence_proxy,dapper,deadline_greedy,congested,30,3.438769835493553e-05,-3.289185139498181e-05,0.0001007471911412309,0.0001905537198935076,False,0.724962592880273,0.7249282051819181
bandwidth_per_1000_frames_kb,dapper,deadline_greedy,congested,30,2.5,0.0,5.833333333333333,7.628214415734117,False,2.5,0.0
mean_latency_ms,dapper,deadline_greedy,congested,30,-0.18071063342183205,-0.20583783043820453,-0.15587085823663646,0.07144776170972846,True,24.831886454720813,25.012597088142645
deadline_miss_rate,dapper,confidence_deadline,congested,30,0.0,0.0,0.0,0.0,False,0.0,0.0
p95_latency_ms,dapper,confidence_deadline,congested,30,-0.006056330297488207,-0.011467731221755113,-0.0018764352867677967,0.01374405858321338,True,33.93663339562628,33.94268972592376
usable_confidence_proxy,dapper,confidence_deadline,congested,30,3.438769835493553e-05,-3.289185139498181e-05,0.0001007471911412309,0.0001905537198935076,False,0.724962592880273,0.7249282051819181
bandwidth_per_1000_frames_kb,dapper,confidence_deadline,congested,30,2.5,0.0,5.833333333333333,7.628214415734117,False,2.5,0.0
mean_latency_ms,dapper,confidence_deadline,congested,30,-0.18071063342183205,-0.20583783043820453,-0.15587085823663646,0.07144776170972846,True,24.831886454720813,25.012597088142645
deadline_miss_rate,dapper,rtt_threshold,congested,30,0.0,0.0,0.0,0.0,False,0.0,0.0
p95_latency_ms,dapper,rtt_threshold,congested,30,-0.006056330297488207,-0.011467731221755113,-0.0018764352867677967,0.01374405858321338,True,33.93663339562628,33.94268972592376
usable_confidence_proxy,dapper,rtt_threshold,congested,30,3.438769835493553e-05,-3.289185139498181e-05,0.0001007471911412309,0.0001905537198935076,False,0.724962592880273,0.7249282051819181
bandwidth_per_1000_frames_kb,dapper,rtt_threshold,congested,30,2.5,0.0,5.833333333333333,7.628214415734117,False,2.5,0.0
mean_latency_ms,dapper,rtt_threshold,congested,30,-0.18071063342183205,-0.20583783043820453,-0.15587085823663646,0.07144776170972846,True,24.831886454720813,25.012597088142645
deadline_miss_rate,dapper,oracle_feasible,congested,30,0.0,0.0,0.0,0.0,False,0.0,0.0
p95_latency_ms,dapper,oracle_feasible,congested,30,-0.006056330297488207,-0.011467731221755113,-0.0018764352867677967,0.01374405858321338,True,33.93663339562628,33.94268972592376
usable_confidence_proxy,dapper,oracle_feasible,congested,30,3.438769835493553e-05,-3.289185139498181e-05,0.0001007471911412309,0.0001905537198935076,False,0.724962592880273,0.7249282051819181
bandwidth_per_1000_frames_kb,dapper,oracle_feasible,congested,30,2.5,0.0,5.833333333333333,7.628214415734117,False,2.5,0.0
mean_latency_ms,dapper,oracle_feasible,congested,30,-0.18071063342183205,-0.20583783043820453,-0.15587085823663646,0.07144776170972846,True,24.831886454720813,25.012597088142645
deadline_miss_rate,dapper,local_only,lossy,30,0.0,0.0,0.0,0.0,False,0.0,0.0
p95_latency_ms,dapper,local_only,lossy,30,0.0,0.0,0.0,0.0,False,34.012278154614826,34.012278154614826
usable_confidence_proxy,dapper,local_only,lossy,30,0.015793998188488256,0.015148566689305457,0.016467538178803906,0.0018739904946878288,True,0.7405908249005024,0.7247968267120143
bandwidth_per_1000_frames_kb,dapper,local_only,lossy,30,18126.666666666668,17975.0,18280.833333333332,439.9222763118529,True,18126.666666666668,0.0
mean_latency_ms,dapper,local_only,lossy,30,0.0,0.0,0.0,0.0,False,25.003209635014095,25.003209635014095
deadline_miss_rate,dapper,edge_only,lossy,30,-0.8750666666666667,-0.8793666666666665,-0.8705666666666666,0.012500850545775532,True,0.0,0.8750666666666667
p95_latency_ms,dapper,edge_only,lossy,30,-99.84356027215303,-99.8745605090371,-99.81097089827855,0.09016804315869013,True,34.012278154614826,133.85583842676783
usable_confidence_proxy,dapper,edge_only,lossy,30,0.6312621839928091,0.6279573008000279,0.634481095576223,0.009232654977017375,True,0.7405908249005024,0.10932864090769345
bandwidth_per_1000_frames_kb,dapper,edge_only,lossy,30,-6873.333333333333,-7025.0,-6719.166666666667,439.9222763118529,True,18126.666666666668,25000.0
mean_latency_ms,dapper,edge_only,lossy,30,-96.21288887607325,-96.35340513206344,-96.06483732876015,0.41002778002454227,True,25.003209635014095,121.21609851108734
deadline_miss_rate,dapper,cloud_only,lossy,30,-1.0,-1.0,-1.0,0.0,True,0.0,1.0
p95_latency_ms,dapper,cloud_only,lossy,30,-100.0,-100.0,-100.0,8.34490122535248e-15,True,34.012278154614826,134.01227815461485
usable_confidence_proxy,dapper,cloud_only,lossy,30,0.7405908249005024,0.7398371863884554,0.7413865873770361,0.0021791822011149593,True,0.7405908249005024,0.0
bandwidth_per_1000_frames_kb,dapper,cloud_only,lossy,30,-16873.333333333332,-17025.0,-16719.166666666668,439.9222763118529,True,18126.666666666668,35000.0
mean_latency_ms,dapper,cloud_only,lossy,30,-100.0,-100.0,-100.0,8.752206242255621e-15,True,25.003209635014095,125.0032096350141
deadline_miss_rate,dapper,deadline_greedy,lossy,30,0.0,0.0,0.0,0.0,False,0.0,0.0
p95_latency_ms,dapper,deadline_greedy,lossy,30,0.0,0.0,0.0,0.0,False,34.012278154614826,34.012278154614826
usable_confidence_proxy,dapper,deadline_greedy,lossy,30,0.015793998188488256,0.015148566689305457,0.016467538178803906,0.0018739904946878288,True,0.7405908249005024,0.7247968267120143
bandwidth_per_1000_frames_kb,dapper,deadline_greedy,lossy,30,18126.666666666668,17975.0,18280.833333333332,439.9222763118529,True,18126.666666666668,0.0
mean_latency_ms,dapper,deadline_greedy,lossy,30,0.0,0.0,0.0,0.0,False,25.003209635014095,25.003209635014095
deadline_miss_rate,dapper,confidence_deadline,lossy,30,0.0,0.0,0.0,0.0,False,0.0,0.0
p95_latency_ms,dapper,confidence_deadline,lossy,30,0.0,0.0,0.0,0.0,False,34.012278154614826,34.012278154614826
usable_confidence_proxy,dapper,confidence_deadline,lossy,30,0.015793998188488256,0.015148566689305457,0.016467538178803906,0.0018739904946878288,True,0.7405908249005024,0.7247968267120143
bandwidth_per_1000_frames_kb,dapper,confidence_deadline,lossy,30,18126.666666666668,17975.0,18280.833333333332,439.9222763118529,True,18126.666666666668,0.0
mean_latency_ms,dapper,confidence_deadline,lossy,30,0.0,0.0,0.0,0.0,False,25.003209635014095,25.003209635014095
deadline_miss_rate,dapper,rtt_threshold,lossy,30,0.0,0.0,0.0,0.0,False,0.0,0.0
p95_latency_ms,dapper,rtt_threshold,lossy,30,0.0,0.0,0.0,0.0,False,34.012278154614826,34.012278154614826
usable_confidence_proxy,dapper,rtt_threshold,lossy,30,0.015793998188488256,0.015148566689305457,0.016467538178803906,0.0018739904946878288,True,0.7405908249005024,0.7247968267120143
bandwidth_per_1000_frames_kb,dapper,rtt_threshold,lossy,30,18126.666666666668,17975.0,18280.833333333332,439.9222763118529,True,18126.666666666668,0.0
mean_latency_ms,dapper,rtt_threshold,lossy,30,0.0,0.0,0.0,0.0,False,25.003209635014095,25.003209635014095
deadline_miss_rate,dapper,oracle_feasible,lossy,30,0.0,0.0,0.0,0.0,False,0.0,0.0
p95_latency_ms,dapper,oracle_feasible,lossy,30,-62.314524602755085,-62.55859589494576,-62.063599772125905,0.6980455825110837,True,34.012278154614826,96.32680275736992
usable_confidence_proxy,dapper,oracle_feasible,lossy,30,-0.002882879926084455,-0.003058885840674918,-0.0027024182572667655,0.0005043638888325394,True,0.7405908249005024,0.7434737048265869
bandwidth_per_1000_frames_kb,dapper,oracle_feasible,lossy,30,15003.333333333334,14851.666666666666,15158.354166666666,440.9400876757978,True,18126.666666666668,3123.3333333333335
mean_latency_ms,dapper,oracle_feasible,lossy,30,-8.706222209406583,-9.010410044408726,-8.416070135406983,0.8477353427474347,True,25.003209635014095,33.70943184442068
deadline_miss_rate,dapper,local_only,variable,30,0.0,0.0,0.0,0.0,False,0.0,0.0
p95_latency_ms,dapper,local_only,variable,30,-0.2240719799256162,-0.26881002296579865,-0.18060073606690888,0.12474292792948971,True,33.74407704498113,33.968149024906744
usable_confidence_proxy,dapper,local_only,variable,30,0.006223865876464437,0.005587430916279176,0.006840259236049671,0.0017836659540701025,True,0.731537829380306,0.7253139635038416
bandwidth_per_1000_frames_kb,dapper,local_only,variable,30,5777.5,5557.5,5997.5,618.9308774285564,True,5777.5,0.0
mean_latency_ms,dapper,local_only,variable,30,-4.0491067717703455,-4.318142004735104,-3.7812068269710846,0.7472957040025575,True,20.905161109397675,24.954267881168015
deadline_miss_rate,dapper,edge_only,variable,30,-0.7400333333333333,-0.7542666666666666,-0.7261666666666666,0.03943609700675814,True,0.0,0.7400333333333333
p95_latency_ms,dapper,edge_only,variable,30,-99.84156226527753,-99.87776643796758,-99.80354475556567,0.10568852543547397,True,33.74407704498113,133.58563931025864
usable_confidence_proxy,dapper,edge_only,variable,30,0.5367606524304144,0.5268338951322645,0.5470022392975735,0.02826307797776819,True,0.731537829380306,0.19477717694989172
bandwidth_per_1000_frames_kb,dapper,edge_only,variable,30,-13772.5,-14099.166666666666,-13437.5,930.571524424085,True,5777.5,19550.0
mean_latency_ms,dapper,edge_only,variable,30,-80.88318528061457,-82.03872335994224,-79.73966529668282,3.226086215823104,True,20.905161109397675,101.78834639001225
deadline_miss_rate,dapper,cloud_only,variable,30,-0.7819999999999999,-0.7962000000000001,-0.7676333333333333,0.04009385540677411,True,0.0,0.7819999999999999
p95_latency_ms,dapper,cloud_only,variable,30,-99.92229342689627,-99.94474839564151,-99.89744815207645,0.06651559994676412,True,33.74407704498113,133.6663704718774
usable_confidence_proxy,dapper,cloud_only,variable,30,0.5734978882493753,0.5630033875985098,0.5837696620627632,0.02906070014987016,True,0.731537829380306,0.1580399411309307
bandwidth_per_1000_frames_kb,dapper,cloud_only,variable,30,-21592.5,-22045.5125,-21137.49166666667,1273.4793162692188,True,5777.5,27370.0
mean_latency_ms,dapper,cloud_only,variable,30,-82.24910677177034,-83.40608656649661,-81.07955870693944,3.2698626502039665,True,20.905161109397675,103.15426788116801
deadline_miss_rate,dapper,deadline_greedy,variable,30,0.0,0.0,0.0,0.0,False,0.0,0.0
p95_latency_ms,dapper,deadline_greedy,variable,30,-0.2240719799256162,-0.26881002296579865,-0.18060073606690888,0.12474292792948971,True,33.74407704498113,33.968149024906744
usable_confidence_proxy,dapper,deadline_greedy,variable,30,0.006223865876464437,0.005587430916279176,0.006840259236049671,0.0017836659540701025,True,0.731537829380306,0.7253139635038416
bandwidth_per_1000_frames_kb,dapper,deadline_greedy,variable,30,5777.5,5557.5,5997.5,618.9308774285564,True,5777.5,0.0
mean_latency_ms,dapper,deadline_greedy,variable,30,-4.0491067717703455,-4.318142004735104,-3.7812068269710846,0.7472957040025575,True,20.905161109397675,24.954267881168015
deadline_miss_rate,dapper,confidence_deadline,variable,30,0.0,0.0,0.0,0.0,False,0.0,0.0
p95_latency_ms,dapper,confidence_deadline,variable,30,-0.2240719799256162,-0.26881002296579865,-0.18060073606690888,0.12474292792948971,True,33.74407704498113,33.968149024906744
usable_confidence_proxy,dapper,confidence_deadline,variable,30,0.006223865876464437,0.005587430916279176,0.006840259236049671,0.0017836659540701025,True,0.731537829380306,0.7253139635038416
bandwidth_per_1000_frames_kb,dapper,confidence_deadline,variable,30,5777.5,5557.5,5997.5,618.9308774285564,True,5777.5,0.0
mean_latency_ms,dapper,confidence_deadline,variable,30,-4.0491067717703455,-4.318142004735104,-3.7812068269710846,0.7472957040025575,True,20.905161109397675,24.954267881168015
deadline_miss_rate,dapper,rtt_threshold,variable,30,-0.00023333333333333333,-0.00043333333333333337,-6.666666666666667e-05,0.000504006932993731,True,0.0,0.00023333333333333333
p95_latency_ms,dapper,rtt_threshold,variable,30,-0.2426188934563593,-0.2923349468866055,-0.19453702299984227,0.13703696272641705,True,33.74407704498113,33.986695938437485
usable_confidence_proxy,dapper,rtt_threshold,variable,30,0.006297847816410755,0.005647718751280953,0.006913124433862088,0.0018112121019217922,True,0.731537829380306,0.7252399815638955
bandwidth_per_1000_frames_kb,dapper,rtt_threshold,variable,30,5759.166666666667,5541.645833333334,5977.5,617.7155959430394,True,5777.5,18.333333333333332
mean_latency_ms,dapper,rtt_threshold,variable,30,-4.099784283349205,-4.3664550290225606,-3.8318310249864016,0.7421990008552624,True,20.905161109397675,25.004945392746876
deadline_miss_rate,dapper,oracle_feasible,variable,30,0.0,0.0,0.0,0.0,False,0.0,0.0
p95_latency_ms,dapper,oracle_feasible,variable,30,-8.284572246560572,-14.561783422104176,-2.5745418462317726,16.806137271142084,True,33.74407704498113,42.028649291541704
usable_confidence_proxy,dapper,oracle_feasible,variable,30,-0.00014425861690633794,-0.0004963046164584091,0.00020624928498582133,0.0009963565406802227,False,0.731537829380306,0.7316820879972125
bandwidth_per_1000_frames_kb,dapper,oracle_feasible,variable,30,4728.333333333333,4535.0,4926.666666666667,560.662067579918,True,5777.5,1049.1666666666667
mean_latency_ms,dapper,oracle_feasible,variable,30,-6.879851947281231,-7.171802680650827,-6.561740351548631,0.8710810191923601,True,20.905161109397675,27.785013056678896
deadline_miss_rate,dapper,local_only,outage,30,0.0,0.0,0.0,0.0,False,0.0,0.0
p95_latency_ms,dapper,local_only,outage,30,-2.8237311797748306,-2.983269864160442,-2.659076149250431,0.45990321067214307,True,31.18838425196936,34.0121154317442
usable_confidence_proxy,dapper,local_only,outage,30,0.0005797348742627273,-0.00024954573305228044,0.0014430284010222975,0.002400240526800291,False,0.7255264574970844,0.7249467226228217
bandwidth_per_1000_frames_kb,dapper,local_only,outage,30,0.0,0.0,0.0,0.0,False,0.0,0.0
mean_latency_ms,dapper,local_only,outage,30,-17.6284526889167,-17.68282878252973,-17.577741410864913,0.1499301010797902,True,7.381609814192322,25.010062503109022
deadline_miss_rate,dapper,edge_only,outage,30,-0.1468,-0.15326666666666666,-0.14063333333333336,0.017916280402144744,True,0.0,0.1468
p95_latency_ms,dapper,edge_only,outage,30,-96.88868224073445,-97.34769366326017,-96.44326899102637,1.284843881523376,True,31.18838425196936,128.07706649270384
usable_confidence_proxy,dapper,edge_only,outage,30,0.106803285437774,0.10229992766998228,0.11156830505706113,0.013082918344969116,True,0.7255264574970844,0.6187231720593105
bandwidth_per_1000_frames_kb,dapper,edge_only,outage,30,-3670.0,-3831.6666666666665,-3515.8333333333335,447.9070100536186,True,0.0,3670.0
mean_latency_ms,dapper,edge_only,outage,30,-32.308452688916695,-32.96306307373821,-31.680116137657297,1.8149337986006924,True,7.381609814192322,39.690062503109026
deadline_miss_rate,dapper,cloud_only,outage,30,-0.1468,-0.15326666666666666,-0.14063333333333336,0.017916280402144744,True,0.0,0.1468
p95_latency_ms,dapper,cloud_only,outage,30,-96.88868224073445,-97.34769366326017,-96.44326899102637,1.284843881523376,True,31.18838425196936,128.07706649270384
usable_confidence_proxy,dapper,cloud_only,outage,30,0.106803285437774,0.10229992766998228,0.11156830505706113,0.013082918344969116,True,0.7255264574970844,0.6187231720593105
bandwidth_per_1000_frames_kb,dapper,cloud_only,outage,30,-5138.0,-5364.333333333333,-4922.166666666667,627.069814075066,True,0.0,5138.0
mean_latency_ms,dapper,cloud_only,outage,30,-32.308452688916695,-32.96306307373821,-31.680116137657297,1.8149337986006924,True,7.381609814192322,39.690062503109026
deadline_miss_rate,dapper,deadline_greedy,outage,30,0.0,0.0,0.0,0.0,False,0.0,0.0
p95_latency_ms,dapper,deadline_greedy,outage,30,-2.8237311797748306,-2.983269864160442,-2.659076149250431,0.45990321067214307,True,31.18838425196936,34.0121154317442
usable_confidence_proxy,dapper,deadline_greedy,outage,30,0.0005797348742627273,-0.00024954573305228044,0.0014430284010222975,0.002400240526800291,False,0.7255264574970844,0.7249467226228217
bandwidth_per_1000_frames_kb,dapper,deadline_greedy,outage,30,0.0,0.0,0.0,0.0,False,0.0,0.0
mean_latency_ms,dapper,deadline_greedy,outage,30,-17.6284526889167,-17.68282878252973,-17.577741410864913,0.1499301010797902,True,7.381609814192322,25.010062503109022
deadline_miss_rate,dapper,confidence_deadline,outage,30,0.0,0.0,0.0,0.0,False,0.0,0.0
p95_latency_ms,dapper,confidence_deadline,outage,30,-2.8237311797748306,-2.983269864160442,-2.659076149250431,0.45990321067214307,True,31.18838425196936,34.0121154317442
usable_confidence_proxy,dapper,confidence_deadline,outage,30,0.0005797348742627273,-0.00024954573305228044,0.0014430284010222975,0.002400240526800291,False,0.7255264574970844,0.7249467226228217
bandwidth_per_1000_frames_kb,dapper,confidence_deadline,outage,30,0.0,0.0,0.0,0.0,False,0.0,0.0
mean_latency_ms,dapper,confidence_deadline,outage,30,-17.6284526889167,-17.68282878252973,-17.577741410864913,0.1499301010797902,True,7.381609814192322,25.010062503109022
deadline_miss_rate,dapper,rtt_threshold,outage,30,0.0,0.0,0.0,0.0,False,0.0,0.0
p95_latency_ms,dapper,rtt_threshold,outage,30,-2.8237311797748306,-2.983269864160442,-2.659076149250431,0.45990321067214307,True,31.18838425196936,34.0121154317442
usable_confidence_proxy,dapper,rtt_threshold,outage,30,0.0005797348742627273,-0.00024954573305228044,0.0014430284010222975,0.002400240526800291,False,0.7255264574970844,0.7249467226228217
bandwidth_per_1000_frames_kb,dapper,rtt_threshold,outage,30,0.0,0.0,0.0,0.0,False,0.0,0.0
mean_latency_ms,dapper,rtt_threshold,outage,30,-17.6284526889167,-17.68282878252973,-17.577741410864913,0.1499301010797902,True,7.381609814192322,25.010062503109022
deadline_miss_rate,dapper,oracle_feasible,outage,30,0.0,0.0,0.0,0.0,False,0.0,0.0
p95_latency_ms,dapper,oracle_feasible,outage,30,-2.8237311797748306,-2.983269864160442,-2.659076149250431,0.45990321067214307,True,31.18838425196936,34.0121154317442
usable_confidence_proxy,dapper,oracle_feasible,outage,30,0.0005797348742627273,-0.00024954573305228044,0.0014430284010222975,0.002400240526800291,False,0.7255264574970844,0.7249467226228217
bandwidth_per_1000_frames_kb,dapper,oracle_feasible,outage,30,0.0,0.0,0.0,0.0,False,0.0,0.0
mean_latency_ms,dapper,oracle_feasible,outage,30,-17.6284526889167,-17.68282878252973,-17.577741410864913,0.1499301010797902,True,7.381609814192322,25.010062503109022
deadline_miss_rate,dapper,local_only,ALL,30,0.0,0.0,0.0,0.0,False,0.0,0.0
p95_latency_ms,dapper,local_only,ALL,30,-0.6107718979995861,-0.64412786967088,-0.5766070636257918,0.09481121525814847,True,33.37312759150925,33.983899489508836
usable_confidence_proxy,dapper,local_only,ALL,30,0.018732589439593585,0.01840611824851057,0.01905867491702961,0.0009353234074794356,True,0.7437230794947993,0.7249904900552055
bandwidth_per_1000_frames_kb,dapper,local_only,ALL,30,9105.666666666666,9045.995833333332,9164.833333333334,168.55743589471896,True,9105.666666666666,0.0
mean_latency_ms,dapper,local_only,ALL,30,-4.3716540188217765,-4.425478066977364,-4.317397349053412,0.1518257854484623,True,20.628428900663106,25.000082919484882
deadline_miss_rate,dapper,edge_only,ALL,30,-0.6499133333333333,-0.6542868333333332,-0.6458133333333332,0.011933919590042882,True,0.0,0.6499133333333333
p95_latency_ms,dapper,edge_only,ALL,30,-99.08258547820944,-99.16983321062236,-98.99625839068553,0.24397016157521864,True,33.37312759150925,132.4557130697187
usable_confidence_proxy,dapper,edge_only,ALL,30,0.4694955239341343,0.4665432405102217,0.4726148834041577,0.008593205956554528,True,0.7437230794947993,0.27422755556066497
bandwidth_per_1000_frames_kb,dapper,edge_only,ALL,30,-10538.333333333334,-10631.670833333334,-10445.154166666667,265.78229791514985,True,9105.666666666666,19644.0
mean_latency_ms,dapper,edge_only,ALL,30,-78.03521582293386,-78.36460657583989,-77.72322675212251,0.9025828908544313,True,20.628428900663106,98.66364472359695
deadline_miss_rate,dapper,cloud_only,ALL,30,-0.7857599999999998,-0.7892735000000001,-0.7823666666666665,0.009657785853196717,True,0.0,0.7857599999999998
p95_latency_ms,dapper,cloud_only,ALL,30,-99.36340639958563,-99.45625445172726,-99.27433179995299,0.2582840507296567,True,33.37312759150925,132.7365339910949
usable_confidence_proxy,dapper,cloud_only,ALL,30,0.5883704568567509,0.5859541001982334,0.5907913237018899,0.006796005822347645,True,0.7437230794947993,0.15535262263804825
bandwidth_per_1000_frames_kb,dapper,cloud_only,ALL,30,-18395.933333333334,-18517.133333333335,-18274.0,346.66578691311884,True,9105.666666666666,27501.6
mean_latency_ms,dapper,cloud_only,ALL,30,-82.94765401882177,-83.24962269997985,-82.65589434188702,0.8330526705915787,True,20.628428900663106,103.57608291948488
deadline_miss_rate,dapper,deadline_greedy,ALL,30,0.0,0.0,0.0,0.0,False,0.0,0.0
p95_latency_ms,dapper,deadline_greedy,ALL,30,-0.6107718979995861,-0.64412786967088,-0.5766070636257918,0.09481121525814847,True,33.37312759150925,33.983899489508836
usable_confidence_proxy,dapper,deadline_greedy,ALL,30,0.018732589439593585,0.01840611824851057,0.01905867491702961,0.0009353234074794356,True,0.7437230794947993,0.7249904900552055
bandwidth_per_1000_frames_kb,dapper,deadline_greedy,ALL,30,9105.666666666666,9045.995833333332,9164.833333333334,168.55743589471896,True,9105.666666666666,0.0
mean_latency_ms,dapper,deadline_greedy,ALL,30,-4.3716540188217765,-4.425478066977364,-4.317397349053412,0.1518257854484623,True,20.628428900663106,25.000082919484882
deadline_miss_rate,dapper,confidence_deadline,ALL,30,0.0,0.0,0.0,0.0,False,0.0,0.0
p95_latency_ms,dapper,confidence_deadline,ALL,30,-0.6107718979995861,-0.64412786967088,-0.5766070636257918,0.09481121525814847,True,33.37312759150925,33.983899489508836
usable_confidence_proxy,dapper,confidence_deadline,ALL,30,0.018732589439593585,0.01840611824851057,0.01905867491702961,0.0009353234074794356,True,0.7437230794947993,0.7249904900552055
bandwidth_per_1000_frames_kb,dapper,confidence_deadline,ALL,30,9105.666666666666,9045.995833333332,9164.833333333334,168.55743589471896,True,9105.666666666666,0.0
mean_latency_ms,dapper,confidence_deadline,ALL,30,-4.3716540188217765,-4.425478066977364,-4.317397349053412,0.1518257854484623,True,20.628428900663106,25.000082919484882
deadline_miss_rate,dapper,rtt_threshold,ALL,30,-4.666666666666667e-05,-8.666666666666668e-05,-1.3333333333333333e-05,0.00010080138659874615,True,0.0,4.666666666666667e-05
p95_latency_ms,dapper,rtt_threshold,ALL,30,-0.6144812807057346,-0.6477243063922874,-0.5803627321932961,0.09477937343275929,True,33.37312759150925,33.987608872214985
usable_confidence_proxy,dapper,rtt_threshold,ALL,30,0.018747385827582855,0.01841649242231818,0.01907301015597138,0.0009363027708361421,True,0.7437230794947993,0.7249756936672164
bandwidth_per_1000_frames_kb,dapper,rtt_threshold,ALL,30,9102.0,9042.0,9161.004166666666,168.7612065244445,True,9105.666666666666,3.6666666666666665
mean_latency_ms,dapper,rtt_threshold,ALL,30,-4.3817895211375495,-4.435594743410151,-4.327456968659285,0.15064426913966542,True,20.628428900663106,25.01021842180065
deadline_miss_rate,dapper,oracle_feasible,ALL,30,0.0,0.0,0.0,0.0,False,0.0,0.0
p95_latency_ms,dapper,oracle_feasible,ALL,30,-27.39493267692354,-28.659624996130496,-26.25959686712168,3.3765644219001216,True,33.37312759150925,60.7680602684328
usable_confidence_proxy,dapper,oracle_feasible,ALL,30,-0.0016510167293400564,-0.0018328719377836387,-0.0014709121588786318,0.0005090697551704056,True,0.7437230794947993,0.7453740962241395
bandwidth_per_1000_frames_kb,dapper,oracle_feasible,ALL,30,5709.5,5634.5,5783.5,216.9591968630237,True,9105.666666666666,3396.1666666666665
mean_latency_ms,dapper,oracle_feasible,ALL,30,-13.04388248960052,-13.174153349806437,-12.902710111936939,0.38924895869428733,True,20.628428900663106,33.67231139026363
