call_index,decide_us
0,3.6
40,2.4
80,2.1
120,2.0
160,1.6
200,1.6
240,1.7
280,1.8
320,1.4
360,1.8
400,1.8
440,1.8
480,1.7
520,1.9
560,1.7
600,2.2
640,1.8
680,2.2
720,1.8
760,1.5
800,1.4
840,1.4
880,1.9
920,1.9
960,1.5
1000,1.8
1040,1.7
1080,1.9
1120,1.8
1160,1.6
1200,1.5
1240,1.3
1280,1.5
1320,1.7
1360,1.4
1400,1.6
1440,1.5
1480,1.4
1520,1.4
1560,1.6
1600,1.4
1640,1.5
1680,1.2
1720,1.3
1760,1.3
1800,1.3
1840,1.2
1880,1.3
1920,1.2
1960,1.1
2000,1.2
2040,1.5
2080,1.2
2120,1.2
2160,1.2
2200,1.3
2240,1.5
2280,1.5
2320,1.4
2360,1.6
2400,1.5
2440,1.7
2480,1.4
2520,1.7
2560,1.4
2600,1.7
2640,1.5
2680,1.7
2720,1.4
2760,1.6
2800,1.9
2840,1.9
2880,1.4
2920,1.5
2960,1.6
3000,1.5
3040,1.5
3080,1.6
3120,1.8
3160,1.6
3200,1.4
3240,1.5
3280,1.8
3320,1.4
3360,1.6
3400,1.7
3440,1.7
3480,1.4
3520,1.2
3560,1.3
3600,1.6
3640,1.3
3680,1.2
3720,1.5
3760,1.7
3800,1.3
3840,1.5
3880,1.1
3920,1.4
3960,1.2
4000,1.3
4040,1.1
4080,1.2
4120,1.2
4160,1.2
4200,1.4
4240,1.5
4280,1.2
4320,1.4
4360,1.1
4400,1.4
4440,1.2
4480,1.2
4520,1.4
4560,1.4
4600,1.2
4640,1.2
4680,1.2
4720,1.5
4760,1.5
4800,1.2
4840,1.3
4880,1.4
4920,1.3
4960,1.1
5000,1.2
5040,1.5
5080,1.5
5120,1.9
5160,1.5
5200,1.5
5240,1.5
5280,1.9
5320,1.9
5360,1.6
5400,1.6
5440,1.9
5480,1.7
5520,1.8
5560,1.5
5600,1.5
5640,1.6
5680,1.8
5720,1.9
5760,1.3
5800,1.9
5840,1.4
5880,1.6
5920,1.3
5960,1.6
6000,1.4
6040,1.7
6080,1.6
6120,1.7
6160,1.2
6200,1.2
6240,1.6
6280,1.6
6320,1.2
6360,1.3
6400,1.3
6440,1.3
6480,1.2
6520,1.2
6560,1.4
6600,1.3
6640,1.5
6680,1.5
6720,1.2
6760,1.5
6800,1.4
6840,1.5
6880,1.2
6920,1.1
6960,1.2
7000,1.4
7040,1.2
7080,1.4
7120,1.4
7160,1.5
7200,1.5
7240,1.2
7280,1.2
7320,1.5
7360,1.5
7400,1.2
7440,1.2
7480,1.5
7520,1.2
7560,1.3
7600,1.3
7640,1.2
7680,1.7
7720,1.8
7760,1.5
7800,1.8
7840,1.5
7880,1.5
7920,1.4
7960,1.5
8000,10.0
8040,1.5
8080,1.7
8120,1.5
8160,1.5
8200,1.8
8240,1.8
8280,1.5
8320,1.8
8360,1.8
8400,1.5
8440,1.5
8480,1.8
8520,1.5
8560,1.6
8600,1.6
8640,1.7
8680,2.0
8720,1.6
8760,1.5
8800,1.5
8840,1.6
8880,1.9
8920,1.8
8960,1.4
9000,1.5
9040,1.8
9080,1.8
9120,1.5
9160,1.3
9200,1.4
9240,1.3
9280,1.3
9320,1.2
9360,1.4
9400,1.2
9440,1.8
9480,1.8
9520,1.7
9560,1.9
9600,1.2
9640,1.4
9680,1.5
9720,1.2
9760,1.2
9800,1.5
9840,1.6
9880,1.4
9920,1.4
9960,1.2
10000,1.2
10040,1.6
10080,1.5
10120,1.5
10160,1.6
10200,1.2
10240,1.2
10280,1.3
10320,1.6
10360,1.3
10400,1.6
10440,1.5
10480,1.8
10520,1.5
10560,1.5
10600,1.8
10640,1.4
10680,1.3
10720,1.5
10760,1.6
10800,1.5
10840,1.4
10880,1.7
10920,1.4
10960,1.7
11000,1.4
11040,1.6
11080,1.6
11120,1.4
11160,1.6
11200,1.4
11240,1.3
11280,1.2
11320,1.5
11360,1.5
11400,1.3
11440,1.4
11480,1.2
11520,1.3
11560,1.5
11600,1.2
11640,1.2
11680,1.1
11720,1.4
11760,1.5
11800,1.2
11840,1.4
11880,1.1
11920,1.2
11960,1.3
12000,1.5
12040,1.4
12080,1.2
12120,1.5
12160,1.6
12200,1.4
12240,1.2
12280,1.5
12320,1.3
12360,1.3
12400,1.3
12440,1.4
12480,1.2
12520,1.2
12560,1.3
12600,1.3
12640,1.3
12680,1.2
12720,1.2
12760,1.6
12800,1.2
12840,1.3
12880,1.5
12920,1.6
12960,1.2
13000,1.9
13040,1.3
13080,1.7
13120,1.3
13160,1.7
13200,1.5
13240,1.7
13280,1.7
13320,1.7
13360,1.5
13400,1.7
13440,1.7
13480,1.4
13520,1.4
13560,1.4
13600,1.4
13640,1.5
13680,1.3
13720,1.6
13760,1.5
13800,1.3
13840,1.3
13880,1.5
13920,1.5
13960,1.2
14000,1.3
14040,1.4
14080,1.2
14120,1.4
14160,1.5
14200,1.4
14240,1.1
14280,1.2
14320,1.3
14360,1.2
14400,1.5
14440,1.3
14480,1.5
14520,1.3
14560,1.5
14600,1.2
14640,1.2
14680,1.3
14720,1.2
14760,1.3
14800,1.7
14840,1.3
14880,1.2
14920,1.6
14960,1.3
15000,1.5
15040,1.6
15080,1.5
15120,1.2
15160,1.4
15200,1.5
15240,1.5
15280,1.2
15320,1.2
15360,1.3
15400,1.3
15440,1.1
15480,1.6
15520,1.4
15560,1.2
15600,1.2
15640,1.5
15680,1.2
15720,1.3
15760,1.3
15800,1.9
15840,1.6
15880,1.6
15920,1.5
15960,1.4
16000,1.4
16040,1.4
16080,1.5
16120,1.8
16160,1.9
16200,1.5
16240,1.9
16280,1.9
16320,1.8
16360,1.6
16400,1.5
16440,1.5
16480,1.4
16520,1.3
16560,1.5
16600,1.8
16640,1.8
16680,1.4
16720,1.3
16760,1.5
16800,1.6
16840,1.5
16880,1.4
16920,1.3
16960,1.2
17000,1.3
17040,1.7
17080,1.5
17120,1.5
17160,1.3
17200,1.3
17240,1.2
17280,1.4
17320,1.3
17360,1.3
17400,1.5
17440,1.3
17480,1.2
17520,1.4
17560,1.3
17600,1.5
17640,1.2
17680,1.4
17720,1.5
17760,1.1
17800,1.5
17840,1.2
17880,1.5
17920,1.4
17960,1.2
18000,1.2
18040,1.2
18080,1.2
18120,1.2
18160,1.2
18200,1.6
18240,1.5
18280,1.8
18320,1.2
18360,1.3
18400,1.5
18440,1.5
18480,1.6
18520,1.4
18560,1.5
18600,1.9
18640,1.5
18680,1.9
18720,1.6
18760,1.9
18800,1.6
18840,1.5
18880,1.8
18920,1.9
18960,6.7
19000,1.9
19040,1.6
19080,1.5
19120,1.9
19160,1.8
19200,1.4
19240,1.4
19280,1.3
19320,1.4
19360,1.3
19400,1.6
19440,1.6
19480,1.5
19520,1.6
19560,1.4
19600,1.5
19640,1.3
19680,1.2
19720,1.6
19760,1.4
19800,1.2
19840,1.2
19880,1.4
19920,1.5
19960,1.3
20000,1.5
20040,1.3
20080,1.2
20120,1.1
20160,1.5
20200,1.2
20240,1.4
20280,1.1
20320,1.3
20360,1.2
20400,1.2
20440,1.4
20480,1.2
20520,7.4
20560,1.3
20600,1.2
20640,1.2
20680,1.5
20720,1.3
20760,1.5
20800,1.2
20840,1.5
20880,1.8
20920,1.5
20960,1.5
21000,1.7
21040,1.8
21080,1.4
21120,1.8
21160,1.8
21200,1.5
21240,1.5
21280,1.4
21320,1.6
21360,1.5
21400,1.5
21440,1.6
21480,1.6
21520,1.4
21560,1.4
21600,1.6
21640,1.4
21680,1.5
21720,1.3
21760,1.4
21800,1.3
21840,1.5
21880,1.3
21920,1.6
21960,1.2
22000,1.5
22040,1.5
22080,1.4
22120,1.1
22160,1.2
22200,1.5
22240,1.2
22280,1.6
22320,1.2
22360,1.4
22400,1.5
22440,1.3
22480,1.3
22520,1.3
22560,1.3
22600,1.5
22640,1.2
22680,1.5
22720,1.2
22760,1.2
22800,1.7
22840,1.1
22880,1.2
22920,1.2
22960,1.6
23000,1.2
23040,1.2
23080,1.1
23120,1.2
23160,1.3
23200,1.3
23240,1.5
23280,1.2
23320,1.3
23360,1.3
23400,1.5
23440,1.5
23480,1.4
23520,1.3
23560,1.4
23600,1.4
23640,1.6
23680,1.6
23720,1.7
23760,1.4
23800,1.4
23840,1.8
23880,1.5
23920,1.4
23960,1.7
24000,1.4
24040,1.5
24080,1.4
24120,1.8
24160,1.7
24200,1.4
24240,1.7
24280,1.4
24320,1.6
24360,1.8
24400,1.5
24440,1.4
24480,1.3
24520,1.2
24560,1.5
24600,1.3
24640,1.1
24680,1.2
24720,1.2
24760,1.4
24800,1.5
24840,1.3
24880,1.5
24920,1.3
24960,1.2
25000,1.4
25040,1.5
25080,1.2
25120,1.4
25160,1.2
25200,1.3
25240,1.2
25280,1.5
25320,1.2
25360,1.3
25400,1.1
25440,1.2
25480,1.3
25520,1.2
25560,1.2
25600,1.2
25640,1.2
25680,1.5
25720,1.2
25760,1.4
25800,1.2
25840,1.2
25880,1.5
25920,1.4
25960,1.2
26000,1.2
26040,1.4
26080,1.2
26120,1.5
26160,5.8
26200,1.4
26240,4.2
26280,3.6
26320,1.5
26360,1.8
26400,1.2
26440,1.7
26480,1.5
26520,1.2
26560,1.5
26600,1.5
26640,1.2
26680,1.5
26720,1.3
26760,1.3
26800,1.5
26840,1.5
26880,1.3
26920,1.5
26960,1.5
27000,1.2
27040,2.0
27080,1.2
27120,1.2
27160,1.5
27200,1.5
27240,3.6
27280,1.4
27320,1.4
27360,1.6
27400,1.4
27440,1.6
27480,1.5
27520,1.5
27560,1.2
27600,1.3
27640,1.5
27680,1.2
27720,1.5
27760,1.3
27800,1.5
27840,1.4
27880,1.2
27920,1.2
27960,1.2
28000,1.1
28040,1.5
28080,1.5
28120,1.5
28160,1.2
28200,1.6
28240,1.5
28280,1.1
28320,1.4
28360,1.3
28400,1.3
28440,1.5
28480,1.8
28520,1.2
28560,1.6
28600,1.5
28640,1.1
28680,1.1
28720,1.1
28760,1.3
28800,1.2
28840,1.3
28880,1.5
28920,1.6
28960,1.6
29000,1.5
29040,1.8
29080,2.0
29120,1.7
29160,2.0
29200,1.8
29240,1.7
29280,1.8
29320,2.0
29360,1.6
29400,1.9
29440,1.6
29480,1.4
29520,1.5
29560,1.8
29600,1.8
29640,1.5
29680,3.2
29720,3.5
29760,1.6
29800,1.6
29840,1.4
29880,1.6
29920,1.3
29960,1.7
30000,1.6
30040,1.5
30080,1.5
30120,1.2
30160,1.5
30200,1.4
30240,1.7
30280,1.3
30320,1.3
30360,1.5
30400,1.6
30440,1.3
30480,1.4
30520,1.3
30560,1.3
30600,1.3
30640,1.1
30680,1.2
30720,1.1
30760,1.4
30800,1.2
30840,1.2
30880,1.2
30920,1.3
30960,1.5
31000,1.2
31040,1.3
31080,1.5
31120,1.7
31160,1.3
31200,1.2
31240,1.6
31280,1.7
31320,1.8
31360,1.4
31400,1.4
31440,1.3
31480,1.4
31520,1.5
31560,1.7
31600,1.7
31640,1.4
31680,1.4
31720,1.7
31760,1.3
31800,1.8
31840,1.5
31880,1.4
31920,1.6
31960,1.4
32000,1.5
32040,1.6
32080,1.3
32120,1.4
32160,1.2
32200,1.5
32240,1.2
32280,1.3
32320,1.4
32360,1.4
32400,1.2
32440,1.5
32480,1.3
32520,1.4
32560,1.4
32600,1.3
32640,1.2
32680,1.4
32720,1.4
32760,1.5
32800,1.2
32840,1.4
32880,1.1
32920,1.2
32960,1.2
33000,1.1
33040,1.3
33080,1.5
33120,1.3
33160,1.6
33200,1.4
33240,1.2
33280,1.2
33320,1.2
33360,1.5
33400,1.4
33440,1.1
33480,1.4
33520,1.4
33560,1.1
33600,1.3
33640,1.2
33680,1.2
33720,1.5
33760,1.2
33800,1.3
33840,1.3
33880,1.2
33920,1.1
33960,1.5
34000,1.3
34040,1.3
34080,1.6
34120,1.3
34160,1.4
34200,1.4
34240,1.5
34280,1.4
34320,1.5
34360,1.7
34400,1.4
34440,1.7
34480,1.7
34520,1.6
34560,1.7
34600,1.6
34640,1.3
34680,1.5
34720,1.3
34760,1.3
34800,1.5
34840,1.4
34880,1.4
34920,1.7
34960,1.2
35000,1.6
35040,1.3
35080,1.3
35120,1.4
35160,1.5
35200,1.4
35240,1.6
35280,1.7
35320,1.2
35360,1.3
35400,1.2
35440,1.2
35480,1.2
35520,1.3
35560,1.2
35600,1.1
35640,1.4
35680,1.2
35720,1.5
35760,1.5
35800,1.5
35840,1.3
35880,1.4
35920,1.2
35960,1.2
36000,1.5
36040,1.5
36080,1.3
36120,1.2
36160,1.1
36200,1.1
36240,1.5
36280,1.2
36320,1.2
36360,1.3
36400,1.4
36440,1.4
36480,1.1
36520,1.5
36560,1.4
36600,1.1
36640,1.4
36680,1.5
36720,1.4
36760,1.5
36800,1.5
36840,1.5
36880,1.5
36920,1.9
36960,1.8
37000,1.8
37040,1.9
37080,1.5
37120,1.4
37160,1.6
37200,1.6
37240,1.6
37280,1.8
37320,1.5
37360,1.8
37400,1.4
37440,1.8
37480,1.8
37520,1.4
37560,1.3
37600,1.7
37640,1.5
37680,1.5
37720,1.5
37760,1.3
37800,1.3
37840,1.3
37880,1.5
37920,1.3
37960,1.2
38000,1.3
38040,1.7
38080,1.3
38120,1.3
38160,1.1
38200,1.2
38240,1.4
38280,1.2
38320,1.2
38360,1.1
38400,1.3
38440,1.3
38480,1.3
38520,1.5
38560,1.5
38600,1.3
38640,1.2
38680,1.4
38720,1.2
38760,1.3
38800,1.8
38840,1.8
38880,1.9
38920,1.6
38960,1.6
39000,1.8
39040,1.7
39080,2.0
39120,1.7
39160,1.9
39200,1.6
39240,2.0
39280,1.5
39320,1.8
39360,1.7
39400,1.5
39440,1.7
39480,1.7
39520,1.7
39560,1.5
39600,1.4
39640,1.7
39680,1.4
39720,1.5
39760,1.5
39800,1.5
39840,1.4
39880,1.5
39920,1.8
39960,1.8
40000,1.7
40040,1.3
40080,1.3
40120,1.3
40160,1.7
40200,1.3
40240,1.2
40280,1.3
40320,1.5
40360,1.2
40400,1.4
40440,1.5
40480,1.1
40520,1.2
40560,1.5
40600,1.2
40640,1.3
40680,1.5
40720,1.3
40760,1.4
40800,1.5
40840,1.7
40880,1.3
40920,1.4
40960,1.2
41000,1.5
41040,1.5
41080,1.2
41120,1.4
41160,1.5
41200,1.1
41240,1.4
41280,1.5
41320,1.5
41360,1.2
41400,1.2
41440,1.5
41480,1.4
41520,1.4
41560,1.4
41600,1.2
41640,1.5
41680,1.6
41720,1.5
41760,1.2
41800,1.5
41840,1.2
41880,1.2
41920,1.2
41960,1.5
42000,1.4
42040,1.2
42080,1.4
42120,1.3
42160,1.4
42200,1.6
42240,1.6
42280,1.4
42320,1.4
42360,1.5
42400,1.7
42440,1.7
42480,1.4
42520,1.3
42560,1.7
42600,1.6
42640,1.3
42680,1.8
42720,1.4
42760,1.5
42800,1.4
42840,1.6
42880,1.4
42920,1.6
42960,1.7
43000,1.6
43040,1.7
43080,1.4
43120,1.6
43160,1.6
43200,1.7
43240,1.7
43280,1.4
43320,1.4
43360,1.7
43400,1.3
43440,1.1
43480,1.5
43520,1.5
43560,1.4
43600,1.5
43640,1.4
43680,1.3
43720,1.4
43760,1.3
43800,1.2
43840,1.5
43880,1.4
43920,1.5
43960,1.5
44000,1.2
44040,1.6
44080,1.4
44120,1.4
44160,1.3
44200,1.2
44240,1.5
44280,1.2
44320,1.2
44360,1.3
44400,1.2
44440,1.1
44480,1.5
44520,1.3
44560,1.4
44600,1.5
44640,1.1
44680,1.3
44720,1.5
44760,1.5
44800,1.5
44840,1.3
44880,2.0
44920,1.6
44960,1.6
45000,1.6
45040,1.3
45080,1.4
45120,1.4
45160,1.5
45200,1.4
45240,1.7
45280,1.6
45320,1.2
45360,1.4
45400,1.8
45440,1.6
45480,1.3
45520,1.6
45560,1.4
45600,1.2
45640,1.3
45680,1.5
45720,1.5
45760,1.4
45800,1.4
45840,1.4
45880,1.2
45920,1.1
45960,1.5
46000,1.2
46040,1.2
46080,1.4
46120,1.2
46160,1.4
46200,1.4
46240,1.3
46280,1.3
46320,1.2
46360,1.5
46400,1.5
46440,1.5
46480,1.3
46520,1.3
46560,1.7
46600,1.2
46640,1.2
46680,1.5
46720,1.2
46760,1.7
46800,1.3
46840,1.6
46880,1.4
46920,1.2
46960,1.2
47000,1.5
47040,1.2
47080,1.2
47120,1.1
47160,1.5
47200,1.4
47240,1.4
47280,1.2
47320,1.1
47360,1.5
47400,1.2
47440,1.4
47480,1.2
47520,1.4
47560,1.7
47600,1.7
47640,1.7
47680,1.4
47720,1.3
47760,1.4
47800,1.5
47840,1.8
47880,1.8
47920,1.6
47960,1.7
48000,1.3
48040,1.4
48080,1.7
48120,2.1
48160,1.7
48200,1.7
48240,1.7
48280,1.3
48320,1.3
48360,1.2
48400,1.4
48440,1.4
48480,1.2
48520,1.3
48560,1.1
48600,1.4
48640,1.2
48680,1.2
48720,3.5
48760,1.7
48800,1.6
48840,1.4
48880,1.6
48920,1.8
48960,1.5
49000,1.8
49040,1.5
49080,1.8
49120,1.8
49160,1.6
49200,1.8
49240,1.7
49280,1.7
49320,1.7
49360,1.7
49400,1.5
49440,1.3
49480,1.5
49520,1.2
49560,1.5
49600,1.5
49640,1.6
49680,1.2
49720,1.5
49760,1.3
49800,1.2
49840,1.4
49880,1.2
49920,1.5
49960,1.2
50000,1.5
50040,1.5
50080,1.3
50120,1.5
50160,1.5
50200,1.5
50240,1.1
50280,1.2
50320,1.2
50360,1.2
50400,1.3
50440,1.4
50480,1.7
50520,1.8
50560,1.5
50600,1.3
50640,1.8
50680,1.7
50720,1.3
50760,1.4
50800,1.4
50840,1.5
50880,1.3
50920,1.7
50960,1.2
51000,1.2
51040,1.6
51080,1.7
51120,1.4
51160,1.4
51200,1.5
51240,1.2
51280,1.2
51320,1.2
51360,1.4
51400,1.2
51440,1.2
51480,1.3
51520,1.6
51560,1.4
51600,1.3
51640,1.1
51680,1.5
51720,1.4
51760,1.4
51800,1.2
51840,1.1
51880,1.3
51920,1.6
51960,1.3
52000,1.3
52040,1.4
52080,1.4
52120,1.4
52160,1.2
52200,1.4
52240,1.5
52280,1.2
52320,1.3
52360,1.2
52400,1.5
52440,1.2
52480,1.1
52520,1.3
52560,1.4
52600,1.2
52640,1.2
52680,1.2
52720,1.4
52760,1.3
52800,1.3
52840,1.3
52880,1.7
52920,1.6
52960,1.5
53000,1.6
53040,1.6
53080,1.3
53120,1.3
53160,1.6
53200,1.6
53240,1.4
53280,1.3
53320,1.3
53360,1.7
53400,1.3
53440,1.7
53480,1.5
53520,1.7
53560,1.4
53600,1.5
53640,1.5
53680,1.6
53720,1.3
53760,1.6
53800,1.2
53840,1.3
53880,1.2
53920,1.3
53960,1.3
54000,1.2
54040,1.4
54080,1.6
54120,1.3
54160,1.3
54200,1.6
54240,1.5
54280,1.6
54320,1.1
54360,1.2
54400,1.2
54440,1.5
54480,1.4
54520,1.4
54560,1.4
54600,1.3
54640,1.4
54680,1.5
54720,1.5
54760,1.2
54800,1.3
54840,1.2
54880,1.3
54920,1.4
54960,1.3
55000,1.6
55040,1.4
55080,1.5
55120,1.5
55160,1.1
55200,1.3
55240,1.3
55280,1.2
55320,1.5
55360,1.3
55400,1.2
55440,1.5
55480,1.2
55520,1.4
55560,1.3
55600,1.7
55640,1.8
55680,1.3
55720,1.2
55760,1.5
55800,1.2
55840,1.3
55880,1.3
55920,1.6
55960,1.4
56000,1.7
56040,1.5
56080,1.3
56120,1.7
56160,1.8
56200,1.7
56240,1.4
56280,1.8
56320,1.3
56360,1.6
56400,1.4
56440,1.4
56480,1.4
56520,1.5
56560,1.8
56600,1.7
56640,1.8
56680,1.5
56720,1.6
56760,1.2
56800,1.3
56840,1.3
56880,1.2
56920,1.5
56960,1.8
57000,1.2
57040,1.4
57080,1.6
57120,1.2
57160,1.5
57200,1.2
57240,1.2
57280,1.1
57320,1.2
57360,1.3
57400,1.4
57440,1.1
57480,1.2
57520,1.1
57560,1.5
57600,1.2
57640,1.4
57680,1.5
57720,1.2
57760,1.2
57800,1.4
57840,1.5
57880,1.2
57920,1.5
57960,1.2
58000,1.2
58040,1.2
58080,1.5
58120,1.3
58160,1.3
58200,1.4
58240,1.5
58280,1.3
58320,1.5
58360,1.3
58400,1.4
58440,1.6
58480,1.6
58520,1.4
58560,1.4
58600,1.4
58640,1.9
58680,1.7
58720,1.6
58760,1.9
58800,2.0
58840,2.0
58880,1.7
58920,1.9
58960,1.6
59000,2.4
59040,1.6
59080,1.7
59120,1.8
59160,1.5
59200,1.9
59240,2.0
59280,1.5
59320,1.3
59360,1.3
59400,1.5
59440,1.3
59480,1.2
59520,1.3
59560,1.3
59600,1.5
59640,1.3
59680,1.4
59720,1.3
59760,1.2
59800,1.5
59840,1.5
59880,1.4
59920,1.2
59960,1.3
60000,1.2
60040,1.1
60080,1.3
60120,1.5
60160,1.4
60200,1.2
60240,1.5
60280,1.2
60320,1.4
60360,1.5
60400,1.2
60440,1.1
60480,1.5
60520,1.4
60560,1.2
60600,1.2
60640,1.4
60680,1.1
60720,1.1
60760,1.1
60800,1.1
60840,1.3
60880,1.1
60920,1.5
60960,1.2
61000,1.5
61040,1.7
61080,1.3
61120,1.5
61160,1.4
61200,1.6
61240,1.3
61280,1.3
61320,1.4
61360,1.3
61400,1.6
61440,1.3
61480,1.7
61520,1.6
61560,1.5
61600,1.7
61640,1.8
61680,1.6
61720,1.6
61760,1.6
61800,1.4
61840,1.4
61880,1.7
61920,1.4
61960,1.5
62000,1.4
62040,1.6
62080,1.4
62120,1.3
62160,1.2
62200,1.3
62240,1.3
62280,1.2
62320,1.3
62360,1.2
62400,1.3
62440,1.4
62480,1.6
62520,1.4
62560,1.4
62600,1.2
62640,1.4
62680,1.5
62720,1.1
62760,1.3
62800,1.2
62840,1.4
62880,1.3
62920,1.2
62960,1.4
63000,1.3
63040,1.3
63080,1.3
63120,1.6
63160,1.3
63200,1.3
63240,1.6
63280,1.3
63320,1.6
63360,1.5
63400,1.5
63440,1.3
63480,1.5
63520,1.2
63560,1.3
63600,1.3
63640,1.3
63680,1.3
63720,1.6
63760,1.5
63800,1.6
63840,1.5
63880,1.5
63920,1.5
63960,1.2
64000,1.7
64040,1.7
64080,1.4
64120,1.4
64160,1.5
64200,1.7
64240,1.5
64280,1.6
64320,1.7
64360,1.4
64400,1.4
64440,1.4
64480,1.3
64520,1.2
64560,1.4
64600,1.4
64640,1.2
64680,1.2
64720,1.5
64760,1.4
64800,1.5
64840,1.2
64880,1.3
64920,1.5
64960,1.2
65000,1.1
65040,1.2
65080,1.5
65120,1.3
65160,1.2
65200,1.5
65240,1.5
65280,1.2
65320,1.1
65360,1.2
65400,1.5
65440,1.1
65480,1.1
65520,1.4
65560,1.4
65600,1.2
65640,1.2
65680,1.3
65720,1.4
65760,1.4
65800,1.5
65840,1.5
65880,1.1
65920,1.2
65960,1.3
66000,1.5
66040,1.3
66080,1.4
66120,1.6
66160,1.3
66200,1.3
66240,1.4
66280,1.5
66320,1.5
66360,1.2
66400,1.5
66440,1.3
66480,1.3
66520,1.2
66560,1.4
66600,1.6
66640,1.2
66680,1.7
66720,1.4
66760,1.5
66800,1.5
66840,1.8
66880,1.5
66920,1.8
66960,8.4
67000,1.7
67040,1.5
67080,1.5
67120,1.4
67160,1.5
67200,1.6
67240,1.5
67280,1.3
67320,1.8
67360,1.3
67400,1.6
67440,1.7
67480,1.4
67520,1.3
67560,1.3
67600,1.5
67640,1.3
67680,1.3
67720,1.6
67760,1.6
67800,1.3
67840,1.4
67880,1.2
67920,1.2
67960,1.2
68000,1.3
68040,1.4
68080,1.5
68120,1.2
68160,1.3
68200,1.4
68240,1.2
68280,1.5
68320,1.1
68360,1.3
68400,1.5
68440,1.2
68480,1.4
68520,1.3
68560,1.5
68600,1.2
68640,1.2
68680,1.4
68720,1.5
68760,1.3
68800,1.2
68840,1.5
68880,1.3
68920,1.4
68960,1.3
69000,1.3
69040,1.4
69080,1.2
69120,1.4
69160,1.5
69200,1.9
69240,2.0
69280,2.0
69320,1.5
69360,1.4
69400,1.8
69440,1.4
69480,1.9
69520,1.9
69560,1.4
69600,2.0
69640,1.9
69680,1.9
69720,1.6
69760,1.7
69800,1.5
69840,1.8
69880,1.6
69920,1.7
69960,1.7
70000,1.4
70040,1.5
70080,1.5
70120,2.0
70160,2.0
70200,1.2
70240,1.3
70280,1.3
70320,1.5
70360,1.4
70400,1.4
70440,1.3
70480,1.3
70520,1.4
70560,1.5
70600,1.6
70640,1.2
70680,1.3
70720,1.5
70760,1.6
70800,1.4
70840,1.5
70880,1.2
70920,1.3
70960,1.2
71000,1.5
71040,1.6
71080,1.2
71120,1.3
71160,1.5
71200,1.3
71240,1.4
71280,1.2
71320,1.4
71360,1.5
71400,1.2
71440,1.1
71480,1.5
71520,1.2
71560,1.3
71600,1.5
71640,1.2
71680,1.5
71720,1.2
71760,1.3
71800,1.4
71840,1.7
71880,1.7
71920,1.6
71960,1.4
72000,1.4
72040,1.7
72080,1.5
72120,1.5
72160,1.8
72200,1.9
72240,1.5
72280,1.8
72320,2.1
72360,1.5
72400,1.5
72440,1.6
72480,1.4
72520,1.8
72560,1.3
72600,1.4
72640,1.3
72680,1.5
72720,1.6
72760,1.6
72800,1.4
72840,1.5
72880,1.5
72920,1.4
72960,1.2
73000,1.4
73040,1.5
73080,1.4
73120,1.5
73160,1.2
73200,1.2
73240,1.3
73280,1.3
73320,1.4
73360,1.3
73400,1.4
73440,1.2
73480,1.3
73520,1.4
73560,1.2
73600,1.1
73640,1.1
73680,1.3
73720,1.1
73760,1.4
73800,1.7
73840,1.2
73880,1.2
73920,1.5
73960,1.4
74000,38.2
74040,1.2
74080,1.5
74120,1.4
74160,1.2
74200,1.3
74240,1.4
74280,1.4
74320,1.2
74360,1.5
74400,1.2
74440,1.2
74480,1.3
74520,1.7
74560,1.5
74600,1.5
74640,1.9
74680,1.8
74720,1.6
74760,1.5
74800,1.5
74840,1.7
74880,1.5
74920,1.4
74960,1.7
75000,1.8
75040,1.8
75080,1.5
75120,1.5
75160,1.6
75200,1.6
75240,1.4
75280,1.5
75320,1.7
75360,1.5
75400,1.3
75440,1.6
75480,1.5
75520,1.6
75560,1.7
75600,1.4
75640,1.4
75680,1.5
75720,1.3
75760,1.6
75800,1.6
75840,1.5
75880,1.5
75920,1.2
75960,1.3
76000,1.6
76040,1.6
76080,1.2
76120,1.3
76160,1.5
76200,1.4
76240,1.3
76280,1.2
76320,1.5
76360,1.3
76400,1.1
76440,1.2
76480,1.2
76520,1.2
76560,1.2
76600,1.3
76640,1.4
76680,1.6
76720,1.3
76760,1.2
76800,1.2
76840,1.3
76880,1.5
76920,1.4
76960,1.3
77000,1.2
77040,1.2
77080,1.4
77120,1.1
77160,1.2
77200,1.2
77240,1.8
77280,1.5
77320,1.7
77360,1.6
77400,1.6
77440,1.5
77480,1.7
77520,1.6
77560,1.6
77600,1.5
77640,1.5
77680,1.5
77720,1.5
77760,1.6
77800,1.8
77840,1.4
77880,1.7
77920,1.5
77960,1.8
78000,1.5
78040,1.7
78080,1.6
78120,1.6
78160,1.6
78200,1.3
78240,1.3
78280,1.2
78320,1.6
78360,1.5
78400,1.5
78440,1.2
78480,1.2
78520,1.2
78560,1.5
78600,1.2
78640,1.2
78680,1.3
78720,1.3
78760,1.2
78800,1.6
78840,1.1
78880,1.5
78920,1.2
78960,1.2
79000,1.5
79040,1.4
79080,1.5
79120,1.6
79160,1.4
79200,1.3
79240,1.2
79280,1.5
79320,1.9
79360,1.5
79400,1.6
79440,1.6
79480,2.0
79520,1.5
79560,1.5
79600,1.7
79640,1.4
79680,1.6
79720,1.4
79760,1.7
79800,1.8
79840,1.8
79880,1.4
79920,1.7
79960,1.8
80000,1.6
80040,1.7
80080,1.4
80120,1.4
80160,1.6
80200,1.4
80240,1.3
80280,7.1
80320,1.4
80360,1.3
80400,1.5
80440,1.6
80480,1.6
80520,1.4
80560,1.5
80600,1.3
80640,1.4
80680,1.2
80720,1.5
80760,1.3
80800,1.5
80840,1.5
80880,1.5
80920,1.2
80960,1.7
81000,1.3
81040,1.3
81080,1.2
81120,1.2
81160,1.4
81200,1.4
81240,1.5
81280,1.4
81320,1.2
81360,1.3
81400,1.4
81440,1.3
81480,1.4
81520,1.4
81560,1.2
81600,1.1
81640,1.4
81680,1.2
81720,1.2
81760,1.3
81800,1.2
81840,1.5
81880,1.1
81920,1.2
81960,1.2
82000,1.5
82040,1.3
82080,1.5
82120,1.6
82160,1.2
82200,1.2
82240,1.2
82280,1.2
82320,1.2
82360,1.5
82400,1.5
82440,1.3
82480,1.2
82520,1.7
82560,1.3
82600,1.4
82640,1.4
82680,1.7
82720,1.4
82760,1.7
82800,1.7
82840,1.6
82880,1.5
82920,1.5
82960,1.5
83000,1.6
83040,1.5
83080,1.5
83120,1.4
83160,1.8
83200,1.6
83240,1.4
83280,1.6
83320,1.4
83360,1.7
83400,1.4
83440,1.5
83480,1.3
83520,1.6
83560,1.3
83600,1.5
83640,1.5
83680,1.3
83720,1.2
83760,1.3
83800,1.5
83840,1.2
83880,1.2
83920,1.2
83960,1.2
84000,1.1
84040,1.3
84080,1.6
84120,1.5
84160,1.2
84200,1.2
84240,1.2
84280,1.3
84320,1.5
84360,1.3
84400,1.4
84440,1.3
84480,1.3
84520,1.5
84560,1.6
84600,1.4
84640,1.3
84680,1.2
84720,1.3
84760,1.2
84800,1.6
84840,1.3
84880,1.2
84920,1.2
84960,1.7
85000,1.5
85040,1.5
85080,1.5
85120,1.5
85160,1.1
85200,1.5
85240,1.8
85280,1.8
85320,1.8
85360,1.5
85400,1.5
85440,1.4
85480,1.5
85520,1.8
85560,1.7
85600,1.6
85640,1.7
85680,1.6
85720,1.6
85760,1.5
85800,1.8
85840,1.5
85880,1.4
85920,1.4
85960,1.3
86000,1.7
86040,1.6
86080,1.5
86120,1.5
86160,1.4
86200,1.2
86240,1.2
86280,1.2
86320,1.3
86360,1.3
86400,1.5
86440,1.5
86480,1.2
86520,1.5
86560,1.2
86600,1.2
86640,1.4
86680,1.3
86720,1.4
86760,1.4
86800,1.2
86840,1.3
86880,1.5
86920,1.5
86960,1.2
87000,1.2
87040,1.5
87080,1.2
87120,1.3
87160,1.1
87200,1.5
87240,1.5
87280,1.4
87320,1.5
87360,1.5
87400,1.2
87440,1.4
87480,1.1
87520,1.3
87560,1.2
87600,1.4
87640,1.6
87680,1.4
87720,1.3
87760,1.2
87800,1.2
87840,1.3
87880,1.2
87920,1.5
87960,1.3
88000,1.3
88040,1.5
88080,1.3
88120,1.6
88160,1.6
88200,1.3
88240,1.3
88280,1.4
88320,1.4
88360,1.7
88400,1.8
88440,1.5
88480,1.4
88520,1.6
88560,1.4
88600,1.5
88640,1.3
88680,1.4
88720,1.4
88760,1.7
88800,1.6
88840,1.4
88880,1.4
88920,1.2
88960,1.2
89000,1.2
89040,1.5
89080,1.3
89120,1.1
89160,1.5
89200,1.2
89240,1.2
89280,1.5
89320,1.5
89360,1.4
89400,1.5
89440,1.2
89480,1.2
89520,4.3
89560,4.0
89600,1.9
89640,1.9
89680,1.6
89720,1.9
89760,1.8
89800,1.6
89840,1.5
89880,1.8
89920,1.4
89960,1.8
90000,1.8
90040,1.4
90080,1.3
90120,1.2
90160,1.4
90200,1.2
90240,1.2
90280,1.4
90320,1.5
90360,1.3
90400,1.5
90440,1.5
90480,1.5
90520,1.7
90560,1.8
90600,1.4
90640,1.9
90680,1.9
90720,1.6
90760,1.8
90800,1.8
90840,1.4
90880,1.5
90920,1.6
90960,1.6
91000,1.5
91040,1.5
91080,1.5
91120,1.7
91160,1.5
91200,1.3
91240,1.5
91280,1.7
91320,1.4
91360,1.5
91400,1.5
91440,1.6
91480,1.3
91520,1.6
91560,1.3
91600,1.3
91640,1.2
91680,1.6
91720,1.5
91760,1.3
91800,1.3
91840,1.3
91880,1.3
91920,1.3
91960,1.6
92000,1.3
92040,1.2
92080,1.4
92120,1.5
92160,1.2
92200,1.5
92240,1.2
92280,1.2
92320,1.4
92360,1.2
92400,1.6
92440,1.6
92480,1.3
92520,1.4
92560,1.4
92600,1.4
92640,1.4
92680,1.4
92720,1.7
92760,1.9
92800,1.5
92840,1.4
92880,1.9
92920,2.0
92960,1.7
93000,2.0
93040,1.7
93080,2.0
93120,1.7
93160,1.5
93200,1.8
93240,1.6
93280,1.5
93320,1.8
93360,1.8
93400,1.7
93440,1.5
93480,1.6
93520,1.5
93560,1.5
93600,1.8
93640,1.8
93680,1.8
93720,1.5
93760,2.0
93800,3.5
93840,1.9
93880,1.6
93920,1.7
93960,1.7
94000,1.6
94040,1.7
94080,1.7
94120,1.5
94160,1.4
94200,1.7
94240,1.8
94280,1.7
94320,1.5
94360,1.4
94400,1.4
94440,1.4
94480,1.7
94520,1.6
94560,1.3
94600,1.4
94640,1.6
94680,1.6
94720,1.4
94760,1.5
94800,1.4
94840,1.4
94880,1.4
94920,1.4
94960,1.7
95000,1.3
95040,1.5
95080,1.4
95120,1.7
95160,1.3
95200,1.4
95240,1.7
95280,1.6
95320,1.4
95360,1.4
95400,1.4
95440,1.7
95480,1.7
95520,1.5
95560,1.3
95600,1.3
95640,1.4
95680,1.7
95720,1.5
95760,1.5
95800,1.6
95840,1.6
95880,1.4
95920,1.5
95960,1.5
96000,1.7
96040,1.4
96080,1.4
96120,1.2
96160,1.2
96200,1.2
96240,1.5
96280,1.4
96320,1.4
96360,1.4
96400,1.2
96440,1.1
96480,1.1
96520,1.1
96560,1.2
96600,1.4
96640,1.2
96680,1.4
96720,1.4
96760,1.2
96800,1.4
96840,1.5
96880,1.2
96920,1.4
96960,1.4
97000,1.2
97040,1.3
97080,1.2
97120,1.4
97160,1.2
97200,1.2
97240,1.1
97280,1.2
97320,1.3
97360,1.5
97400,1.5
97440,1.2
97480,1.6
97520,1.5
97560,1.4
97600,1.4
97640,1.2
97680,1.5
97720,1.5
97760,1.5
97800,1.3
97840,1.4
97880,1.3
97920,1.2
97960,1.6
98000,1.5
98040,1.7
98080,1.7
98120,1.7
98160,1.5
98200,1.5
98240,1.4
98280,1.5
98320,1.4
98360,1.4
98400,1.4
98440,1.5
98480,1.7
98520,1.4
98560,1.5
98600,1.7
98640,1.4
98680,1.4
98720,1.3
98760,1.2
98800,1.3
98840,1.4
98880,1.2
98920,1.3
98960,1.3
99000,1.2
99040,1.2
99080,1.5
99120,1.5
99160,1.4
99200,1.4
99240,1.4
99280,1.4
99320,1.5
99360,1.6
99400,1.4
99440,1.6
99480,1.4
99520,1.5
99560,1.3
99600,1.4
99640,1.4
99680,1.7
99720,1.7
99760,1.6
99800,2.0
99840,1.5
99880,1.7
99920,1.1
99960,1.1
100000,1.5
100040,1.3
100080,1.2
100120,1.3
100160,1.3
100200,1.2
100240,1.3
100280,1.5
100320,1.2
100360,1.2
100400,1.2
100440,1.2
100480,1.5
100520,1.3
100560,1.5
100600,1.5
100640,1.5
100680,1.5
100720,1.6
100760,1.3
100800,1.6
100840,1.3
100880,1.6
100920,1.3
100960,1.3
101000,1.6
101040,1.5
101080,1.7
101120,1.4
101160,1.6
101200,1.3
101240,1.3
101280,1.6
101320,1.4
101360,1.4
101400,1.6
101440,1.2
101480,1.2
101520,1.4
101560,1.2
101600,1.2
101640,1.3
101680,1.5
101720,1.2
101760,1.1
101800,1.2
101840,1.2
101880,1.3
101920,1.6
101960,1.5
102000,1.2
102040,1.5
102080,1.5
102120,1.2
102160,1.2
102200,1.3
102240,1.2
102280,1.1
102320,1.3
102360,1.2
102400,1.5
102440,1.2
102480,1.2
102520,1.2
102560,1.4
102600,1.2
102640,1.1
102680,1.4
102720,1.4
102760,1.4
102800,1.4
102840,1.2
102880,1.4
102920,1.4
102960,1.5
103000,1.2
103040,1.2
103080,1.5
103120,1.1
103160,1.2
103200,1.6
103240,1.2
103280,1.2
103320,1.5
103360,1.6
103400,1.3
103440,1.3
103480,1.3
103520,1.3
103560,1.6
103600,1.4
103640,1.4
103680,1.6
103720,1.4
103760,1.5
103800,1.4
103840,1.8
103880,1.7
103920,1.8
103960,1.5
104000,1.7
104040,1.5
104080,1.4
104120,1.3
104160,1.4
104200,1.6
104240,1.5
104280,1.4
104320,1.2
104360,1.6
104400,1.3
104440,1.4
104480,1.3
104520,1.2
104560,1.2
104600,1.3
104640,1.2
104680,1.4
104720,1.2
104760,1.4
104800,1.5
104840,1.5
104880,1.1
104920,1.4
104960,1.2
105000,1.2
105040,1.4
105080,1.2
105120,1.5
105160,1.3
105200,1.4
105240,1.5
105280,1.1
105320,1.2
105360,1.3
105400,1.1
105440,1.3
105480,1.4
105520,1.3
105560,1.3
105600,1.4
105640,1.5
105680,1.2
105720,1.5
105760,1.2
105800,1.2
105840,1.4
105880,1.2
105920,1.1
105960,1.5
106000,1.6
106040,1.5
106080,1.5
106120,1.2
106160,1.6
106200,1.3
106240,1.3
106280,1.3
106320,1.3
106360,1.5
106400,1.5
106440,1.4
106480,1.5
106520,1.8
106560,1.4
106600,1.5
106640,1.8
106680,1.5
106720,1.7
106760,1.7
106800,1.5
106840,1.6
106880,1.4
106920,1.4
106960,1.4
107000,1.6
107040,1.9
107080,1.5
107120,1.3
107160,1.2
107200,1.5
107240,1.2
107280,1.3
107320,1.4
107360,1.2
107400,1.4
107440,1.4
107480,1.2
107520,1.2
107560,1.2
107600,1.5
107640,1.4
107680,1.4
107720,1.3
107760,1.2
107800,1.2
107840,1.2
107880,1.3
107920,1.2
107960,1.5
108000,1.3
108040,1.5
108080,1.2
108120,1.2
108160,1.4
108200,1.2
108240,1.3
108280,1.4
108320,1.2
108360,1.2
108400,1.2
108440,1.1
108480,1.2
108520,1.6
108560,1.2
108600,1.4
108640,1.2
108680,1.3
108720,1.3
108760,1.5
108800,1.2
108840,1.2
108880,1.2
108920,1.4
108960,1.4
109000,1.2
109040,1.6
109080,1.7
109120,1.3
109160,1.3
109200,1.5
109240,1.6
109280,1.4
109320,1.5
109360,1.5
109400,1.4
109440,1.8
109480,1.5
109520,1.5
109560,1.7
109600,1.4
109640,1.4
109680,1.7
109720,1.5
109760,1.3
109800,1.7
109840,1.7
109880,1.6
109920,1.5
109960,1.8
110000,1.4
110040,1.4
110080,1.9
110120,1.2
110160,1.3
110200,1.2
110240,1.5
110280,1.3
110320,1.2
110360,1.3
110400,1.2
110440,1.5
110480,1.3
110520,1.4
110560,1.6
110600,1.3
110640,1.3
110680,1.5
110720,1.3
110760,1.3
110800,1.5
110840,1.4
110880,1.2
110920,1.1
110960,1.2
111000,1.5
111040,1.3
111080,1.3
111120,1.4
111160,1.7
111200,1.6
111240,1.2
111280,1.3
111320,1.4
111360,1.5
111400,1.3
111440,1.3
111480,1.6
111520,1.3
111560,1.5
111600,1.5
111640,1.4
111680,1.4
111720,1.7
111760,1.6
111800,1.7
111840,1.4
111880,1.6
111920,1.4
111960,1.7
112000,1.5
112040,1.4
112080,1.3
112120,1.5
112160,1.7
112200,1.7
112240,1.7
112280,1.4
112320,1.4
112360,1.7
112400,1.3
112440,1.6
112480,1.5
112520,1.2
112560,1.1
112600,1.4
112640,1.3
112680,1.3
112720,1.4
112760,1.3
112800,1.5
112840,1.3
112880,1.3
112920,1.3
112960,1.5
113000,1.3
113040,1.6
113080,1.5
113120,1.2
113160,1.4
113200,1.3
113240,1.2
113280,1.2
113320,1.2
113360,1.2
113400,1.2
113440,1.3
113480,1.2
113520,1.4
113560,1.2
113600,1.2
113640,1.2
113680,1.3
113720,1.5
113760,1.4
113800,1.5
113840,1.4
113880,1.4
113920,1.2
113960,1.2
114000,1.2
114040,1.2
114080,1.4
114120,1.1
114160,1.2
114200,1.2
114240,1.2
114280,4.2
114320,3.5
114360,1.5
114400,1.7
114440,1.7
114480,1.5
114520,1.4
114560,1.5
114600,1.5
114640,1.5
114680,1.5
114720,1.8
114760,1.5
114800,1.5
114840,1.8
114880,1.4
114920,1.5
114960,1.8
115000,1.6
115040,1.3
115080,1.7
115120,1.4
115160,1.6
115200,1.3
115240,1.7
115280,1.2
115320,1.6
115360,1.7
115400,1.2
115440,1.3
115480,1.2
115520,1.5
115560,1.5
115600,1.3
115640,1.4
115680,1.3
115720,1.3
115760,1.5
115800,1.2
115840,1.2
115880,1.3
115920,1.4
115960,1.2
116000,1.5
116040,1.4
116080,1.2
116120,1.4
116160,1.5
116200,1.6
116240,1.2
116280,1.3
116320,1.4
116360,1.3
116400,1.2
116440,1.2
116480,1.5
116520,1.5
116560,1.2
116600,1.5
116640,1.2
116680,1.4
116720,1.2
116760,1.2
116800,1.2
116840,2.9
116880,3.0
116920,1.4
116960,1.7
117000,1.2
117040,1.4
117080,1.6
117120,1.6
117160,1.6
117200,1.6
117240,1.7
117280,1.4
117320,1.4
117360,1.4
117400,1.6
117440,1.7
117480,1.3
117520,1.3
117560,1.7
117600,1.3
117640,1.3
117680,1.3
117720,1.5
117760,1.5
117800,1.1
117840,1.6
117880,1.6
117920,1.5
117960,1.6
118000,1.4
118040,1.3
118080,1.4
118120,1.1
118160,1.4
118200,1.4
118240,1.5
118280,1.4
118320,1.2
118360,1.4
118400,1.5
118440,1.5
118480,1.4
118520,1.2
118560,1.2
118600,1.2
118640,1.1
118680,1.5
118720,1.4
118760,1.3
118800,1.2
118840,1.4
118880,1.4
118920,1.2
118960,1.2
119000,1.5
119040,1.2
119080,1.2
119120,1.5
119160,1.1
119200,1.1
119240,1.4
119280,1.2
119320,1.3
119360,1.2
119400,1.5
119440,1.4
119480,1.4
119520,1.2
119560,1.1
119600,1.7
119640,1.8
119680,1.7
119720,1.7
119760,1.7
119800,1.4
119840,1.4
119880,1.8
119920,1.8
119960,1.8
120000,1.7
120040,1.5
120080,1.6
120120,1.8
120160,1.6
120200,1.8
120240,1.9
120280,2.0
120320,1.6
120360,1.3
120400,1.6
120440,1.4
120480,1.5
120520,1.5
120560,1.5
120600,1.3
120640,1.5
120680,1.3
120720,1.3
120760,1.5
120800,1.2
120840,1.4
120880,1.2
120920,1.3
120960,1.4
121000,1.2
121040,1.3
121080,1.5
121120,1.4
121160,1.3
121200,1.4
121240,1.6
121280,1.2
121320,1.2
121360,1.1
121400,1.4
121440,1.4
121480,1.2
121520,1.2
121560,1.2
121600,1.2
121640,1.2
121680,1.2
121720,1.3
121760,1.3
121800,1.3
121840,1.3
121880,1.2
121920,1.2
121960,1.2
122000,1.3
122040,1.6
122080,1.4
122120,1.5
122160,1.5
122200,1.2
122240,1.4
122280,1.5
122320,1.6
122360,1.4
122400,1.5
122440,1.6
122480,1.7
122520,1.4
122560,1.4
122600,1.6
122640,1.4
122680,1.7
122720,1.7
122760,1.5
122800,1.4
122840,1.5
122880,1.7
122920,1.7
122960,1.7
123000,1.3
123040,1.3
123080,1.6
123120,1.4
123160,1.2
123200,1.5
123240,1.3
123280,1.5
123320,1.2
123360,1.3
123400,1.2
123440,1.5
123480,1.2
123520,1.3
123560,1.2
123600,1.2
123640,1.3
123680,1.3
123720,1.3
123760,1.5
123800,1.3
123840,1.5
123880,1.2
123920,1.3
123960,1.4
124000,1.1
124040,1.1
124080,1.4
124120,1.2
124160,1.5
124200,1.4
124240,1.1
124280,1.4
124320,1.4
124360,1.6
124400,1.3
124440,1.3
124480,1.1
124520,1.3
124560,1.2
124600,1.4
124640,1.3
124680,1.5
124720,1.2
124760,1.4
124800,1.2
124840,1.4
124880,1.1
124920,1.4
124960,1.4
125000,1.5
125040,1.6
125080,1.7
125120,1.7
125160,1.7
125200,1.4
125240,1.3
125280,1.5
125320,1.8
125360,1.8
125400,1.7
125440,1.7
125480,1.6
125520,1.5
125560,1.7
125600,1.5
125640,1.7
125680,1.5
125720,1.2
125760,1.5
125800,1.2
125840,1.4
125880,1.2
125920,1.3
125960,1.3
126000,1.2
126040,1.2
126080,1.3
126120,1.4
126160,1.4
126200,1.5
126240,1.3
126280,1.5
126320,1.6
126360,1.2
126400,1.5
126440,1.5
126480,1.4
126520,1.5
126560,1.4
126600,1.5
126640,1.2
126680,1.3
126720,1.4
126760,1.3
126800,1.2
126840,1.2
126880,1.5
126920,1.4
126960,1.1
127000,1.4
127040,1.4
127080,1.2
127120,1.2
127160,1.2
127200,1.2
127240,1.5
127280,1.5
127320,1.2
127360,1.5
127400,1.3
127440,1.3
127480,1.4
127520,1.2
127560,1.5
127600,1.1
127640,1.5
127680,1.3
127720,1.3
127760,1.8
127800,1.6
127840,1.8
127880,1.9
127920,1.3
127960,1.4
128000,1.6
128040,1.6
128080,1.4
128120,1.3
128160,1.5
128200,1.7
128240,1.5
128280,1.7
128320,1.6
128360,1.7
128400,1.8
128440,1.5
128480,1.8
128520,1.4
128560,1.6
128600,1.5
128640,1.5
128680,1.2
128720,1.2
128760,1.3
128800,1.5
128840,1.2
128880,1.2
128920,1.5
128960,1.3
129000,1.3
129040,1.3
129080,1.5
129120,1.3
129160,1.2
129200,1.5
129240,1.4
129280,1.5
129320,1.5
129360,1.2
129400,1.4
129440,1.4
129480,1.1
129520,1.2
129560,1.4
129600,1.2
129640,1.3
129680,1.1
129720,1.3
129760,1.1
129800,1.2
129840,1.2
129880,1.5
129920,1.2
129960,1.3
130000,1.1
130040,1.5
130080,1.2
130120,1.2
130160,1.3
130200,1.7
130240,1.5
130280,1.2
130320,1.3
130360,1.5
130400,3.4
130440,2.8
130480,3.6
130520,1.7
130560,1.7
130600,1.3
130640,1.6
130680,1.3
130720,1.6
130760,1.6
130800,1.3
130840,1.4
130880,1.5
130920,1.4
130960,1.5
131000,1.4
131040,1.3
131080,1.4
131120,1.4
131160,1.4
131200,1.3
131240,1.3
131280,1.6
131320,1.4
131360,1.3
131400,1.6
131440,1.6
131480,1.3
131520,1.3
131560,1.6
131600,1.3
131640,1.6
131680,1.4
131720,1.2
131760,1.1
131800,1.2
131840,1.3
131880,1.3
131920,1.5
131960,1.4
132000,1.5
132040,1.4
132080,1.2
132120,1.2
132160,1.2
132200,1.5
132240,1.3
132280,1.2
132320,1.4
132360,1.4
132400,1.2
132440,1.1
132480,1.4
132520,1.5
132560,1.3
132600,1.1
132640,1.2
132680,1.2
132720,1.2
132760,7.7
132800,1.2
132840,1.4
132880,1.2
132920,1.4
132960,1.6
133000,1.2
133040,1.5
133080,1.8
133120,1.7
133160,1.4
133200,1.7
133240,1.4
133280,1.7
133320,1.7
133360,1.7
133400,1.7
133440,1.5
133480,1.7
133520,1.5
133560,1.5
133600,1.3
133640,1.5
133680,1.3
133720,1.4
133760,1.7
133800,1.3
133840,1.5
133880,1.4
133920,1.7
133960,1.5
134000,1.4
134040,1.2
134080,1.3
134120,1.5
134160,1.2
134200,1.3
134240,1.5
134280,1.6
134320,1.5
134360,1.3
134400,1.2
134440,1.2
134480,1.5
134520,1.2
134560,1.5
134600,1.2
134640,1.2
134680,1.3
134720,1.1
134760,1.3
134800,1.1
134840,1.2
134880,1.4
134920,1.2
134960,1.1
135000,1.2
135040,1.4
135080,1.3
135120,1.4
135160,1.2
135200,1.2
135240,1.5
135280,1.4
135320,1.1
135360,1.5
135400,1.4
135440,1.2
135480,1.2
135520,1.3
135560,1.3
135600,1.1
135640,1.1
135680,1.2
135720,1.2
135760,1.6
135800,1.4
135840,1.4
135880,1.8
135920,1.5
135960,1.7
136000,1.7
136040,1.7
136080,1.5
136120,1.7
136160,1.7
136200,1.7
136240,1.4
136280,1.7
136320,1.7
136360,1.8
136400,1.5
136440,1.5
136480,1.4
136520,1.4
136560,1.6
136600,1.6
136640,1.4
136680,1.5
136720,1.3
136760,1.3
136800,1.4
136840,1.2
136880,1.2
136920,1.5
136960,1.5
137000,1.3
137040,1.7
137080,1.2
137120,1.5
137160,1.5
137200,1.2
137240,1.2
137280,1.2
137320,1.2
137360,1.2
137400,1.4
137440,1.2
137480,1.5
137520,1.2
137560,1.2
137600,1.5
137640,1.5
137680,1.2
137720,1.4
137760,1.4
137800,1.3
137840,1.3
137880,1.2
137920,1.2
137960,1.4
138000,1.1
138040,1.2
138080,1.3
138120,1.5
138160,1.4
138200,1.3
138240,1.2
138280,1.2
138320,1.4
138360,1.2
138400,1.4
138440,1.2
138480,1.5
138520,1.5
138560,1.8
138600,1.8
138640,1.7
138680,1.8
138720,1.5
138760,1.6
138800,1.8
138840,1.6
138880,1.8
138920,1.5
138960,1.4
139000,1.8
139040,1.4
139080,1.8
139120,1.5
139160,1.4
139200,10.2
139240,1.5
139280,1.5
139320,1.5
139360,1.4
139400,1.6
139440,1.3
139480,1.6
139520,1.5
139560,1.5
139600,1.5
139640,1.2
139680,1.4
139720,1.5
139760,1.5
139800,1.5
139840,1.1
139880,1.2
139920,1.4
139960,1.5
140000,1.5
140040,1.1
140080,1.4
140120,1.3
140160,1.3
140200,1.3
140240,1.2
140280,1.4
140320,1.5
140360,1.3
140400,1.7
140440,1.2
140480,1.3
140520,1.3
140560,1.2
140600,1.2
140640,1.1
140680,1.4
140720,1.3
140760,1.4
140800,1.5
140840,1.7
140880,1.5
140920,1.7
140960,1.6
141000,1.7
141040,1.7
141080,1.4
141120,1.4
141160,1.6
141200,1.3
141240,1.6
141280,1.8
141320,1.6
141360,1.5
141400,1.5
141440,1.5
141480,1.6
141520,1.7
141560,1.7
141600,1.8
141640,1.8
141680,1.4
141720,1.4
141760,1.4
141800,1.4
141840,1.4
141880,1.5
141920,2.0
141960,1.5
142000,1.3
142040,1.2
142080,1.3
142120,1.2
142160,1.2
142200,1.4
142240,1.2
142280,1.4
142320,1.3
142360,1.2
142400,1.3
142440,1.2
142480,1.5
142520,1.5
142560,1.3
142600,1.5
142640,1.2
142680,1.1
142720,1.5
142760,1.5
142800,1.4
142840,1.3
142880,1.2
142920,1.2
142960,1.5
143000,1.2
143040,1.5
143080,1.3
143120,1.4
143160,1.4
143200,1.1
143240,1.5
143280,1.5
143320,1.4
143360,1.2
143400,1.5
143440,1.6
143480,1.2
143520,1.2
143560,1.4
143600,1.4
143640,1.5
143680,1.3
143720,1.2
143760,1.3
143800,1.8
143840,1.8
143880,1.7
143920,1.4
143960,1.8
144000,1.6
144040,1.8
144080,1.8
144120,2.1
144160,1.9
144200,1.5
144240,1.7
144280,1.8
144320,1.4
144360,1.8
144400,1.5
144440,1.8
144480,1.5
144520,1.4
144560,1.4
144600,1.7
144640,1.5
144680,1.7
144720,1.7
144760,1.8
144800,1.7
144840,1.3
144880,1.4
144920,1.3
144960,1.3
145000,1.4
145040,1.2
145080,1.3
145120,1.6
145160,1.2
145200,1.5
145240,1.3
145280,1.5
145320,1.3
145360,1.2
145400,1.2
145440,1.5
145480,1.5
145520,1.3
145560,1.2
145600,7.6
145640,1.2
145680,1.1
145720,1.5
145760,1.3
145800,1.3
145840,1.2
145880,1.1
145920,1.5
145960,1.3
146000,1.5
146040,1.4
146080,1.4
146120,1.1
146160,1.2
146200,1.3
146240,1.2
146280,1.2
146320,1.1
146360,1.4
146400,1.6
146440,1.5
146480,1.2
146520,1.6
146560,1.3
146600,1.3
146640,1.5
146680,1.6
146720,1.3
146760,1.4
146800,1.5
146840,1.6
146880,1.3
146920,1.4
146960,1.9
147000,1.8
147040,1.6
147080,1.6
147120,1.7
147160,1.4
147200,1.4
147240,1.7
147280,1.5
147320,1.7
147360,1.7
147400,1.3
147440,1.2
147480,1.5
147520,1.4
147560,1.5
147600,1.4
147640,1.3
147680,1.4
147720,1.2
147760,1.2
147800,1.2
147840,1.4
147880,1.4
147920,1.5
147960,1.5
148000,1.4
148040,1.5
148080,1.2
148120,1.1
148160,1.1
148200,1.2
148240,1.2
148280,1.4
148320,1.4
148360,1.4
148400,1.2
148440,1.2
148480,1.2
148520,1.2
148560,1.5
148600,1.1
148640,1.2
148680,1.4
148720,1.2
148760,1.5
148800,1.1
148840,1.3
148880,1.2
148920,1.2
148960,1.3
149000,1.4
149040,1.2
149080,1.2
149120,1.4
149160,1.3
149200,1.4
149240,1.5
149280,1.4
149320,1.8
149360,1.8
149400,1.5
149440,1.7
149480,1.5
149520,1.7
149560,1.8
149600,1.6
149640,1.8
149680,1.9
149720,1.7
149760,1.9
149800,1.5
149840,1.6
149880,1.5
149920,1.7
149960,1.5
150000,1.5
150040,1.3
150080,1.3
150120,1.4
150160,1.4
150200,1.4
150240,1.2
150280,1.6
150320,1.3
150360,1.2
150400,1.2
150440,1.2
150480,1.5
150520,1.3
150560,1.2
150600,1.3
150640,1.3
150680,1.5
150720,1.2
150760,1.5
150800,1.3
150840,1.5
150880,4.3
150920,2.1
150960,1.7
151000,1.8
151040,1.5
151080,2.0
151120,1.9
151160,1.4
151200,1.4
151240,1.6
151280,1.7
151320,1.5
151360,2.2
151400,1.5
151440,1.8
151480,1.8
151520,1.4
151560,1.7
151600,1.7
151640,1.3
151680,1.6
151720,1.4
151760,1.3
151800,1.8
151840,1.7
151880,1.5
151920,1.5
151960,1.5
152000,1.4
152040,1.5
152080,1.7
152120,1.5
152160,1.7
152200,1.5
152240,1.3
152280,1.7
152320,1.5
152360,2.0
152400,1.4
152440,1.2
152480,1.5
152520,1.2
152560,1.3
152600,1.4
152640,1.5
152680,1.4
152720,1.1
152760,1.1
152800,1.2
152840,1.2
152880,1.1
152920,1.3
152960,1.2
153000,1.1
153040,1.2
153080,1.5
153120,1.2
153160,1.1
153200,1.5
153240,1.4
153280,1.3
153320,1.1
153360,1.5
153400,1.2
153440,1.2
153480,1.2
153520,1.4
153560,1.2
153600,1.2
153640,1.4
153680,1.5
153720,1.1
153760,1.5
153800,1.5
153840,1.2
153880,1.5
153920,1.4
153960,1.3
154000,1.2
154040,1.2
154080,1.2
154120,1.2
154160,1.1
154200,1.4
154240,1.5
154280,1.2
154320,1.2
154360,1.4
154400,1.6
154440,1.5
154480,1.6
154520,1.2
154560,1.4
154600,1.5
154640,1.4
154680,1.8
154720,1.5
154760,1.3
154800,1.6
154840,1.4
154880,1.4
154920,1.5
154960,1.5
155000,1.7
155040,1.4
155080,1.8
155120,1.7
155160,1.5
155200,1.6
155240,1.3
155280,1.2
155320,1.1
155360,1.3
155400,1.5
155440,1.2
155480,1.2
155520,1.2
155560,1.2
155600,1.5
155640,1.3
155680,1.5
155720,1.4
155760,1.4
155800,1.3
155840,1.1
155880,1.5
155920,1.3
155960,1.2
156000,1.3
156040,1.2
156080,1.4
156120,1.2
156160,1.2
156200,1.2
156240,1.5
156280,1.2
156320,1.2
156360,1.2
156400,1.5
156440,1.2
156480,1.1
156520,1.2
156560,1.2
156600,1.2
156640,1.2
156680,1.2
156720,1.6
156760,1.6
156800,1.1
156840,1.4
156880,1.4
156920,1.5
156960,1.2
157000,1.4
157040,1.3
157080,1.3
157120,1.3
157160,1.2
157200,1.2
157240,1.5
157280,1.5
157320,1.4
157360,1.3
157400,1.7
157440,1.4
157480,1.4
157520,1.7
157560,1.6
157600,1.4
157640,1.4
157680,1.4
157720,1.4
157760,1.4
157800,1.4
157840,1.4
157880,1.7
157920,1.7
157960,1.3
158000,1.3
158040,1.6
158080,1.4
158120,1.5
158160,1.2
158200,1.2
158240,1.5
158280,1.1
158320,1.2
158360,1.5
158400,1.2
158440,1.5
158480,1.2
158520,1.5
158560,1.4
158600,1.4
158640,1.5
158680,1.5
158720,1.2
158760,1.4
158800,1.2
158840,1.2
158880,1.2
158920,1.2
158960,1.1
159000,1.5
159040,1.2
159080,1.3
159120,1.2
159160,1.4
159200,1.1
159240,1.5
159280,1.3
159320,1.5
159360,1.3
159400,1.2
159440,1.2
159480,1.1
159520,1.5
159560,1.1
159600,1.4
159640,1.2
159680,1.5
159720,1.3
159760,1.4
159800,1.3
159840,1.2
159880,1.6
159920,1.2
159960,1.6
160000,1.6
160040,1.7
160080,1.4
160120,1.3
160160,1.4
160200,1.3
160240,1.4
160280,1.9
160320,1.4
160360,1.4
160400,1.4
160440,1.6
160480,1.7
160520,1.6
160560,1.7
160600,1.3
160640,1.4
160680,1.3
160720,1.4
160760,1.8
160800,1.4
160840,1.8
160880,1.5
160920,1.7
160960,1.4
161000,1.5
161040,1.4
161080,1.6
161120,1.5
161160,1.8
161200,1.4
161240,1.5
161280,1.4
161320,1.4
161360,1.1
161400,1.4
161440,1.1
161480,1.1
161520,1.2
161560,1.2
161600,1.5
161640,1.2
161680,1.2
161720,1.2
161760,1.4
161800,1.2
161840,1.5
161880,1.2
161920,1.1
161960,1.2
162000,1.3
162040,1.5
162080,1.5
162120,1.5
162160,1.3
162200,1.3
162240,1.2
162280,1.5
162320,1.5
162360,1.7
162400,1.2
162440,1.5
162480,1.5
162520,1.8
162560,1.4
162600,1.6
162640,1.3
162680,1.2
162720,1.5
162760,1.4
162800,1.7
162840,1.8
162880,1.9
162920,1.4
162960,1.4
163000,1.8
163040,1.6
163080,1.3
163120,1.7
163160,1.3
163200,1.4
163240,1.4
163280,1.6
163320,1.3
163360,1.4
163400,1.3
163440,1.5
163480,1.2
163520,1.4
163560,1.4
163600,1.1
163640,1.3
163680,1.4
163720,1.3
163760,1.2
163800,1.2
163840,1.2
163880,1.2
163920,1.4
163960,1.4
164000,1.4
164040,1.2
164080,1.5
164120,1.4
164160,1.2
164200,1.5
164240,1.2
164280,1.3
164320,1.4
164360,1.4
164400,1.2
164440,1.2
164480,1.4
164520,1.1
164560,1.4
164600,1.4
164640,1.7
164680,1.2
164720,1.1
164760,1.5
164800,1.2
164840,1.5
164880,1.2
164920,1.2
164960,1.1
165000,1.2
165040,1.2
165080,1.4
165120,1.5
165160,1.3
165200,1.2
165240,1.2
165280,1.5
165320,1.7
165360,1.8
165400,1.8
165440,1.5
165480,1.8
165520,1.6
165560,1.8
165600,1.8
165640,1.8
165680,1.4
165720,1.9
165760,1.6
165800,1.7
165840,1.9
165880,1.6
165920,1.5
165960,1.7
166000,1.8
166040,1.7
166080,1.5
166120,1.4
166160,1.4
166200,1.6
166240,1.3
166280,1.5
166320,1.6
166360,8.9
166400,1.3
166440,1.3
166480,1.3
166520,1.2
166560,1.4
166600,1.2
166640,1.5
166680,1.2
166720,1.2
166760,1.2
166800,1.5
166840,1.3
166880,1.2
166920,1.5
166960,1.3
167000,1.3
167040,1.3
167080,1.2
167120,1.5
167160,1.4
167200,1.2
167240,1.2
167280,1.4
167320,1.4
167360,1.1
167400,1.3
167440,1.2
167480,1.2
167520,1.2
167560,1.3
167600,1.3
167640,1.3
167680,1.4
167720,1.6
167760,1.5
167800,1.6
167840,1.3
167880,1.3
167920,1.2
167960,1.5
168000,1.5
168040,1.6
168080,1.4
168120,1.4
168160,1.5
168200,1.3
168240,1.3
168280,1.3
168320,1.6
168360,1.3
168400,1.3
168440,1.3
168480,1.3
168520,1.3
168560,1.3
168600,1.2
168640,1.6
168680,1.4
168720,1.3
168760,1.4
168800,1.5
168840,1.5
168880,1.4
168920,1.5
168960,1.6
169000,1.5
169040,1.5
169080,1.7
169120,1.7
169160,1.2
169200,1.4
169240,1.6
169280,1.3
169320,1.5
169360,1.2
169400,1.2
169440,1.2
169480,1.2
169520,1.2
169560,1.3
169600,1.1
169640,1.5
169680,1.7
169720,1.3
169760,1.5
169800,1.4
169840,1.4
169880,1.5
169920,1.2
169960,1.5
170000,1.4
170040,1.4
170080,1.2
170120,1.5
170160,1.2
170200,1.5
170240,1.2
170280,1.4
170320,1.5
170360,1.5
170400,1.5
170440,1.5
170480,1.4
170520,1.2
170560,1.3
170600,1.5
170640,1.2
170680,1.6
170720,1.3
170760,1.6
170800,1.4
170840,1.8
170880,1.5
170920,1.5
170960,1.8
171000,1.6
171040,1.8
171080,1.6
171120,1.8
171160,1.6
171200,1.5
171240,1.7
171280,1.5
171320,1.5
171360,1.4
171400,1.6
171440,1.7
171480,1.4
171520,1.2
171560,1.2
171600,1.5
171640,1.3
171680,1.2
171720,1.3
171760,1.5
171800,1.5
171840,1.5
171880,1.4
171920,1.2
171960,1.2
172000,1.5
172040,1.1
172080,1.5
172120,1.3
172160,1.2
172200,1.1
172240,1.3
172280,1.5
172320,1.5
172360,1.5
172400,1.2
172440,1.3
172480,1.5
172520,1.2
172560,1.2
172600,1.2
172640,1.5
172680,1.5
172720,1.5
172760,1.1
172800,1.5
172840,1.5
172880,1.3
172920,1.5
172960,1.2
173000,1.1
173040,1.2
173080,1.4
173120,1.2
173160,1.5
173200,1.3
173240,1.2
173280,1.3
173320,1.4
173360,1.2
173400,1.5
173440,1.2
173480,1.5
173520,1.5
173560,1.4
173600,1.8
173640,1.5
173680,1.8
173720,1.5
173760,1.5
173800,1.6
173840,1.5
173880,1.5
173920,1.4
173960,1.4
174000,1.6
174040,1.5
174080,1.5
174120,1.8
174160,1.8
174200,1.4
174240,1.6
174280,1.8
174320,1.5
174360,1.4
174400,1.4
174440,1.4
174480,1.5
174520,1.4
174560,1.5
174600,1.5
174640,1.2
174680,1.5
174720,1.2
174760,1.4
174800,1.3
174840,1.4
174880,1.2
174920,1.3
174960,1.6
175000,1.3
175040,1.3
175080,1.7
175120,1.5
175160,1.5
175200,1.2
175240,1.5
175280,1.3
175320,1.5
175360,1.5
175400,1.1
175440,1.5
175480,1.2
175520,1.3
175560,1.1
175600,1.5
175640,1.2
175680,1.4
175720,1.2
175760,1.4
175800,1.4
175840,1.2
175880,1.2
175920,1.1
175960,1.2
176000,1.2
176040,1.4
176080,1.4
176120,1.9
176160,1.8
176200,1.6
176240,1.8
176280,1.9
176320,1.5
176360,1.6
176400,1.4
176440,1.7
176480,1.5
176520,1.7
176560,1.5
176600,1.8
176640,1.9
176680,1.7
176720,1.8
176760,1.8
176800,1.8
176840,1.6
176880,1.4
176920,1.3
176960,1.5
177000,1.3
177040,1.3
177080,1.3
177120,1.4
177160,1.3
177200,1.5
177240,1.2
177280,1.2
177320,1.3
177360,1.2
177400,2.0
177440,1.2
177480,1.3
177520,1.2
177560,1.2
177600,1.2
177640,1.2
177680,1.6
177720,1.5
177760,1.4
177800,1.5
177840,1.2
177880,1.2
177920,1.1
177960,1.5
178000,1.1
178040,1.2
178080,1.2
178120,1.2
178160,1.2
178200,1.5
178240,1.2
178280,1.2
178320,1.2
178360,1.4
178400,1.2
178440,1.2
178480,1.2
178520,1.2
178560,1.2
178600,1.1
178640,1.2
178680,1.2
178720,1.2
178760,1.4
178800,1.4
178840,1.8
178880,2.1
178920,1.5
178960,1.7
179000,1.4
179040,1.7
179080,1.5
179120,1.5
179160,1.7
179200,1.5
179240,1.5
179280,1.8
179320,1.7
179360,1.7
179400,1.5
179440,1.6
179480,1.4
179520,1.5
179560,1.4
179600,1.3
179640,1.5
179680,1.5
179720,1.5
179760,1.2
179800,1.3
179840,1.5
179880,1.5
179920,1.5
179960,1.2
180000,1.4
180040,1.3
180080,1.4
180120,1.5
180160,1.2
180200,1.4
180240,1.9
180280,1.9
180320,1.8
180360,1.8
180400,1.4
180440,1.8
180480,1.4
180520,1.4
180560,1.7
180600,1.6
180640,1.7
180680,1.7
180720,1.7
180760,1.6
180800,1.8
180840,1.5
180880,1.7
180920,1.6
180960,1.5
181000,1.4
181040,1.5
181080,1.1
181120,1.4
181160,1.3
181200,1.7
181240,1.4
181280,1.3
181320,1.2
181360,1.2
181400,1.4
181440,1.3
181480,1.6
181520,1.6
181560,1.7
181600,1.4
181640,1.5
181680,1.4
181720,1.6
181760,1.8
181800,1.8
181840,1.5
181880,1.4
181920,1.5
181960,1.4
182000,1.9
182040,1.8
182080,1.4
182120,1.7
182160,1.4
182200,1.8
182240,1.2
182280,1.2
182320,1.2
182360,1.4
182400,1.2
182440,1.1
182480,1.5
182520,1.5
182560,1.3
182600,1.4
182640,1.2
182680,1.5
182720,1.4
182760,1.5
182800,1.2
182840,1.2
182880,1.2
182920,1.3
182960,1.5
183000,1.4
183040,1.4
183080,1.4
183120,1.4
183160,1.2
183200,1.2
183240,1.3
183280,1.3
183320,1.4
183360,1.2
183400,1.3
183440,1.3
183480,1.2
183520,1.6
183560,1.3
183600,1.3
183640,1.4
183680,1.1
183720,1.1
183760,1.3
183800,1.5
183840,1.3
183880,1.2
183920,1.2
183960,1.2
184000,1.2
184040,1.1
184080,1.5
184120,1.2
184160,1.3
184200,1.6
184240,1.3
184280,1.5
184320,1.8
184360,1.7
184400,1.4
184440,1.6
184480,1.4
184520,1.7
184560,1.4
184600,1.7
184640,1.7
184680,1.8
184720,1.5
184760,1.5
184800,1.5
184840,1.5
184880,1.5
184920,1.3
184960,1.2
185000,1.5
185040,1.3
185080,1.3
185120,1.3
185160,1.5
185200,1.2
185240,1.5
185280,1.6
185320,1.5
185360,1.4
185400,1.3
185440,1.2
185480,1.2
185520,1.3
185560,1.4
185600,1.2
185640,1.4
185680,1.1
185720,1.2
185760,1.6
185800,2.3
185840,1.2
185880,1.4
185920,1.3
185960,1.5
186000,1.3
186040,1.4
186080,1.1
186120,1.2
186160,1.2
186200,1.2
186240,1.2
186280,1.2
186320,1.2
186360,1.4
186400,1.2
186440,1.1
186480,1.2
186520,1.2
186560,1.1
186600,1.2
186640,1.2
186680,1.2
186720,1.2
186760,1.3
186800,1.3
186840,1.5
186880,1.4
186920,1.5
186960,1.6
187000,1.3
187040,1.6
187080,1.7
187120,1.4
187160,1.3
187200,1.3
187240,1.4
187280,1.7
187320,1.4
187360,1.3
187400,1.7
187440,1.7
187480,1.6
187520,1.3
187560,1.6
187600,1.7
187640,1.6
187680,1.6
187720,1.6
187760,1.4
187800,1.3
187840,1.2
187880,1.2
187920,1.4
187960,1.2
188000,1.3
188040,1.2
188080,1.3
188120,1.3
188160,1.3
188200,1.5
188240,1.2
188280,1.5
188320,1.3
188360,1.3
188400,1.2
188440,1.5
188480,1.2
188520,1.5
188560,1.5
188600,1.1
188640,1.2
188680,1.3
188720,1.3
188760,1.3
188800,1.4
188840,1.2
188880,1.1
188920,1.2
188960,1.5
189000,1.3
189040,1.2
189080,1.5
189120,1.1
189160,1.4
189200,1.4
189240,1.5
189280,1.1
189320,1.4
189360,1.4
189400,1.1
189440,1.2
189480,1.4
189520,1.2
189560,1.1
189600,1.4
189640,1.6
189680,1.2
189720,1.3
189760,1.3
189800,1.4
189840,1.6
189880,1.7
189920,1.4
189960,1.7
190000,1.6
190040,1.3
190080,1.4
190120,1.8
190160,1.7
190200,1.5
190240,1.6
190280,1.8
190320,1.8
190360,1.5
190400,1.5
190440,1.6
190480,1.5
190520,1.5
190560,1.6
190600,1.4
190640,1.8
190680,1.3
190720,1.7
190760,1.5
190800,1.6
190840,1.6
190880,1.5
190920,1.5
190960,1.2
191000,1.5
191040,1.5
191080,6.1
191120,1.6
191160,1.2
191200,1.5
191240,1.4
191280,1.5
191320,1.5
191360,1.4
191400,1.4
191440,1.5
191480,1.5
191520,1.4
191560,1.3
191600,1.4
191640,1.5
191680,1.6
191720,1.3
191760,1.2
191800,1.4
191840,1.4
191880,1.2
191920,1.3
191960,1.2
192000,1.4
192040,1.5
192080,1.5
192120,1.2
192160,1.2
192200,1.2
192240,1.5
192280,1.3
192320,1.3
192360,1.7
192400,1.4
192440,1.6
192480,1.3
192520,1.4
192560,1.7
192600,1.7
192640,1.5
192680,2.0
192720,1.7
192760,1.4
192800,1.5
192840,1.4
192880,1.3
192920,1.5
192960,1.4
193000,1.7
193040,1.7
193080,1.5
193120,1.7
193160,1.3
193200,1.4
193240,1.6
193280,1.6
193320,1.2
193360,1.3
193400,1.3
193440,1.5
193480,1.5
193520,1.1
193560,1.2
193600,1.3
193640,1.4
193680,1.7
193720,1.5
193760,1.2
193800,1.5
193840,1.4
193880,1.5
193920,1.4
193960,1.2
194000,1.4
194040,1.4
194080,1.2
194120,1.3
194160,1.4
194200,1.3
194240,1.2
194280,1.2
194320,1.1
194360,1.3
194400,1.2
194440,1.7
194480,1.3
194520,1.3
194560,1.2
194600,1.5
194640,1.2
194680,1.3
194720,1.2
194760,1.2
194800,1.5
194840,1.3
194880,1.2
194920,1.6
194960,1.5
195000,1.2
195040,1.3
195080,1.2
195120,1.5
195160,1.8
195200,1.7
195240,1.7
195280,1.6
195320,1.5
195360,1.7
195400,1.8
195440,1.8
195480,1.5
195520,1.8
195560,1.5
195600,1.5
195640,1.5
195680,1.8
195720,1.5
195760,1.9
195800,1.5
195840,1.6
195880,1.7
195920,1.4
195960,1.7
196000,1.3
196040,1.6
196080,1.6
196120,1.5
196160,1.2
196200,1.6
196240,1.2
196280,1.5
196320,1.5
196360,1.1
196400,1.5
196440,1.2
196480,1.5
196520,1.1
196560,1.5
196600,1.2
196640,1.2
196680,1.6
196720,1.5
196760,1.2
196800,1.2
196840,1.4
196880,1.1
196920,1.2
196960,1.5
197000,1.3
197040,1.3
197080,1.4
197120,1.2
197160,1.3
197200,1.2
197240,1.7
197280,1.4
197320,1.2
197360,1.3
197400,1.5
197440,1.4
197480,1.5
197520,1.1
197560,1.2
197600,1.5
197640,1.1
197680,1.5
197720,1.3
197760,1.2
197800,1.8
197840,1.5
197880,1.4
197920,1.5
197960,1.8
198000,1.4
198040,1.8
198080,1.8
198120,1.4
198160,1.7
198200,1.4
198240,1.3
198280,1.6
198320,1.5
198360,1.4
198400,1.7
198440,1.4
198480,1.7
198520,1.5
198560,1.5
198600,1.3
198640,1.4
198680,1.4
198720,1.3
198760,1.4
198800,1.5
198840,1.2
198880,1.5
198920,1.4
198960,1.2
199000,1.4
199040,1.4
199080,1.1
199120,1.3
199160,1.1
199200,1.4
199240,1.1
199280,1.5
199320,1.4
199360,1.1
199400,1.4
199440,1.4
199480,1.1
199520,1.4
199560,1.3
199600,1.2
199640,1.1
199680,1.4
199720,1.2
199760,1.2
199800,1.2
199840,1.4
199880,1.3
199920,1.3
199960,1.3
