candidate_id,weight_rtt,weight_loss,weight_load,weight_frame_age,weight_deadline,risk_local_threshold,risk_degraded_threshold,local_confidence_threshold,remote_deadline_margin,hybrid_freshness_window_ms,hybrid_estimator,last_valid_freshness_ms,worst_deadline_miss_rate,worst_deadline_miss_rate_se,mean_stale_acceptance_rate,mean_stale_acceptance_rate_se,mean_usable_confidence_proxy,mean_usable_confidence_proxy_se,worst_p95_latency_ms,worst_p95_latency_ms_se,mean_bandwidth_per_1000_frames_kb,mean_bandwidth_per_1000_frames_kb_se,is_published_reference,is_uniform_reference,selected
0,0.35,0.3,0.15,0.05,0.15,0.4,0.7,0.725,0.6,80.0,optimistic,250.0,0.0,0.0,0.0,0.0,0.7271776659338349,0.0004210462216499769,34.197998500391556,0.029252478730112306,2551.0,20.893911925619758,True,False,False
1,0.2,0.2,0.2,0.2,0.2,0.4,0.7,0.725,0.6,80.0,optimistic,250.0,0.0,0.0,0.0,0.0,0.727118234879751,0.0003038020328271953,34.197998500391556,0.029252478730112306,2551.0,20.893911925619758,False,True,False
2,0.030000000000000002,0.10000000000000002,0.7300000000000001,0.060000000000000005,0.08000000000000002,0.5,0.65,0.725,0.8,70.0,optimistic,150.0,0.0,0.0,0.0,0.0,0.7253181085075314,0.00024268859748022192,34.19592502706647,0.02955310259238055,53.0,12.297244497131143,False,False,False
3,0.27,0.02,0.51,0.18,0.02,0.45,0.6,0.725,0.5,100.0,optimistic,250.0,0.0,0.0,0.0,0.0,0.7380895591467281,0.0005915827551740616,34.179027103182285,0.027601569191247004,5520.0,57.638721552635275,False,False,False
4,0.38,0.04,0.02,0.1,0.46,0.4,0.7,0.725,0.6,80.0,expected,200.0,0.0,0.0,0.0,0.0,0.725016898108916,0.000537736422564093,34.11281963494808,0.040196756451920154,0.0,0.0,False,False,False
5,0.12,0.11,0.12,0.06,0.59,0.3,0.65,0.78,0.8,90.0,expected,300.0,0.0,0.0,0.0,0.0,0.7266591677797769,0.0004594678405999872,33.961030266801416,0.04087587619887483,0.0,0.0,False,False,False
6,0.29,0.19,0.38,0.12,0.02,0.45,0.7,0.725,0.8,100.0,optimistic,250.0,0.0,0.0,0.0,0.0,0.7379372279236216,0.0004527419378980315,34.197998500391556,0.029252478730112306,5520.0,57.638721552635275,False,False,False
7,0.29292929292929293,0.25252525252525254,0.25252525252525254,0.20202020202020204,0.0,0.55,0.6,0.74,0.7,70.0,expected,100.0,0.0,0.0,0.0,0.0,0.7252212209326393,0.0003217218556247389,34.202980333964696,0.02789335769932939,0.0,0.0,False,False,False
8,0.297029702970297,0.019801980198019802,0.25742574257425743,0.297029702970297,0.12871287128712872,0.5,0.6,0.76,0.7,80.0,optimistic,200.0,0.0,0.0,0.0,0.0,0.7279512051122841,0.0003211436038458487,34.197998500391556,0.029252478730112306,3767.0,22.11334438749598,False,False,False
9,0.0202020202020202,0.3838383838383838,0.21212121212121213,0.3434343434343434,0.0404040404040404,0.3,0.75,0.725,0.9,70.0,expected,300.0,0.0004,0.0002666666666666667,0.0,0.0,0.7249216651595758,0.00023634542687132724,34.197998500391556,0.029252478730112306,3.0,1.5275252316519465,False,False,False
10,0.05,0.32,0.08,0.39,0.16,0.5,0.6,0.78,0.9,70.0,optimistic,150.0,0.0004,0.0002666666666666667,0.0,0.0,0.7246808628305101,0.0003609639942389478,34.197998500391556,0.029252478730112306,87.0,16.333333333333332,False,False,False
11,0.2376237623762376,0.2772277227722772,0.29702970297029696,0.07920792079207921,0.1089108910891089,0.25,0.75,0.74,0.9,60.0,expected,300.0,0.0,0.0,0.0,0.0,0.7250793805210942,0.00028646401221636133,34.197998500391556,0.029252478730112306,0.0,0.0,False,False,False
12,0.1782178217821782,0.09900990099009901,0.43564356435643564,0.27722772277227725,0.009900990099009901,0.35,0.6,0.76,1.0,100.0,expected,250.0,0.21600000000000003,0.00756012933457858,0.0,0.0,0.7028217615366349,0.0009967631887805454,130.3297091345452,0.30689264865495236,2268.0,69.16646586316233,False,False,False
13,0.12,0.04,0.75,0.06,0.03,0.4,0.65,0.7,0.5,70.0,expected,250.0,0.0,0.0,0.0,0.0,0.72518981828779,0.00046138481757393164,34.1330813357639,0.03286648530115904,0.0,0.0,False,False,False
14,0.12,0.14,0.37,0.25,0.12,0.3,0.6,0.68,0.6,70.0,optimistic,150.0,0.0,0.0,0.0,0.0,0.7253671802398698,0.0003734536005385886,34.197998500391556,0.029252478730112306,15.0,3.7267799624996494,False,False,False
15,0.396039603960396,0.198019801980198,0.009900990099009901,0.35643564356435636,0.039603960396039604,0.4,0.75,0.76,0.6,100.0,expected,100.0,0.0,0.0,0.0,0.0,0.7331149930025862,0.0005374030407985265,34.202980333964696,0.02789335769932939,2268.0,69.16646586316233,False,False,False
16,0.28,0.09,0.24,0.39,0.0,0.55,0.7,0.72,1.0,60.0,optimistic,200.0,0.13740000000000002,0.006620171196175115,0.0,0.0,0.7119697132131385,0.000863068283844743,127.21113320188435,0.47351678001537506,1466.0,50.159744815937806,False,False,False
17,0.34,0.23,0.09,0.3,0.04,0.4,0.55,0.74,0.5,70.0,optimistic,250.0,0.0,0.0,0.0,0.0,0.7251305008960112,0.0003714615786766943,34.197998500391556,0.029252478730112306,61.0,13.370780746754384,False,False,False
18,0.2,0.21,0.48,0.05,0.06,0.55,0.85,0.68,0.8,60.0,optimistic,300.0,0.0,0.0,0.0,0.0,0.7249678131870494,0.00025655646177579795,34.197998500391556,0.029252478730112306,1.0,1.0,False,False,False
19,0.2,0.0,0.29,0.24,0.27,0.25,0.75,0.7,0.5,80.0,expected,200.0,0.0,0.0,0.0,0.0,0.7250789443142706,0.00023912306644312278,34.197998500391556,0.029252478730112306,0.0,0.0,False,False,False
20,0.0396,0.0198,0.0594,0.3168,0.5644,0.35,0.8,0.725,0.9,60.0,expected,200.0,0.0,0.0,0.0,0.0,0.7250789443142706,0.00023912306644312278,34.197998500391556,0.029252478730112306,0.0,0.0,False,False,False
21,0.26,0.05,0.21,0.1,0.38,0.3,0.75,0.725,1.0,90.0,optimistic,250.0,0.0,0.0,0.0,0.0,0.7251996116846187,0.0005248777643648277,34.18620108051651,0.02584456420074982,0.0,0.0,False,False,False
22,0.04950000000000001,0.14850000000000002,0.06930000000000001,0.7030000000000001,0.029700000000000004,0.45,0.7,0.76,0.6,70.0,optimistic,100.0,0.0,0.0,0.0,0.0,0.7250437799986885,0.000297861647788747,34.202980333964696,0.02789335769932939,74.0,15.506271132817341,False,False,False
23,0.45,0.19,0.12,0.11,0.13,0.3,0.75,0.74,0.9,60.0,optimistic,250.0,0.0004,0.0002666666666666667,0.0,0.0,0.7257195810119456,0.00034492751481392513,34.197998500391556,0.029252478730112306,3.0,1.5275252316519465,False,False,False
24,0.6970000000000001,0.09090000000000001,0.11110000000000002,0.06060000000000001,0.040400000000000005,0.25,0.8,0.76,0.7,60.0,expected,300.0,0.0,0.0,0.0,0.0,0.7253438051882215,0.00035899462637338926,34.197998500391556,0.029252478730112306,0.0,0.0,False,False,False
25,0.0396,0.0594,0.8614,0.0297,0.0099,0.25,0.75,0.74,0.7,90.0,optimistic,150.0,0.0,0.0,0.0,0.0,0.7320708702011055,0.0002543571356969261,34.197998500391556,0.029252478730112306,3004.0,20.55885859347903,False,False,False
26,0.05,0.17,0.14,0.52,0.12,0.5,0.6,0.74,1.0,80.0,expected,200.0,0.1754,0.007005077523561828,0.0,0.0,0.7075887079077676,0.000962042932069013,129.20891164120567,0.3124848800206804,1863.0,59.610774566721105,False,False,False
27,0.3838383838383838,0.0808080808080808,0.22222222222222224,0.20202020202020204,0.11111111111111112,0.4,0.8,0.78,0.5,100.0,expected,300.0,0.0,0.0,0.0,0.0,0.7339259317492383,0.0004698355789870202,34.197998500391556,0.029252478730112306,2643.0,78.14587498888075,False,False,False
28,0.26,0.14,0.25,0.2,0.15,0.25,0.6,0.7,0.8,70.0,expected,200.0,0.0,0.0,0.0,0.0,0.7252276530919158,0.0002936103125591727,34.197998500391556,0.029252478730112306,0.0,0.0,False,False,False
29,0.02,0.06,0.41,0.17,0.34,0.3,0.85,0.74,1.0,60.0,optimistic,150.0,0.0,0.0,0.0,0.0,0.7247237171446814,0.0003720908607481085,34.197998500391556,0.029252478730112306,0.0,0.0,False,False,False
30,0.27,0.05,0.29,0.1,0.29,0.25,0.55,0.72,0.9,60.0,optimistic,200.0,0.0,0.0,0.0,0.0,0.7254347178096524,0.0006748011399924087,34.11281963494808,0.040196756451920154,0.0,0.0,False,False,False
31,0.02,0.32,0.26,0.24,0.16,0.35,0.75,0.76,0.8,60.0,optimistic,200.0,0.0,0.0,0.0,0.0,0.7250789443142706,0.00023912306644312278,34.197998500391556,0.029252478730112306,2.0,1.3333333333333333,False,False,False
32,0.53,0.1,0.09,0.25,0.03,0.55,0.85,0.78,0.7,60.0,expected,250.0,0.0,0.0,0.0,0.0,0.7250219222466208,0.00031251154693373405,34.197998500391556,0.029252478730112306,0.0,0.0,False,False,False
33,0.5149,0.0099,0.0594,0.3762,0.0396,0.25,0.7,0.725,0.5,80.0,optimistic,100.0,0.0,0.0,0.0,0.0,0.7271329549177382,0.0002992972026591759,34.202980333964696,0.02789335769932939,2551.0,20.893911925619758,False,False,False
34,0.17,0.2,0.12,0.25,0.26,0.3,0.85,0.76,0.6,60.0,optimistic,300.0,0.0,0.0,0.0,0.0,0.7249678131870494,0.00025655646177579795,34.197998500391556,0.029252478730112306,1.0,1.0,False,False,False
35,0.48,0.05,0.01,0.2,0.26,0.3,0.65,0.78,0.6,70.0,expected,100.0,0.0,0.0,0.0,0.0,0.7253919504587276,0.00036089736460375533,34.17746437327105,0.023459768943845476,0.0,0.0,False,False,False
36,0.01,0.36,0.14,0.46,0.03,0.3,0.85,0.78,0.5,60.0,optimistic,300.0,0.0,0.0,0.0,0.0,0.7249678131870494,0.00025655646177579795,34.197998500391556,0.029252478730112306,2.0,1.3333333333333333,False,False,False
37,0.13,0.25,0.05,0.07,0.5,0.35,0.55,0.74,0.8,100.0,expected,250.0,0.0,0.0,0.0,0.0,0.7250789297195913,0.0006493126004536935,33.988824360245246,0.034524793537964595,0.0,0.0,False,False,False
38,0.1,0.34,0.09,0.08,0.39,0.45,0.7,0.725,0.5,90.0,optimistic,300.0,0.0,0.0,0.0,0.0,0.7310210291612528,0.0003129905448572446,34.197998500391556,0.029252478730112306,2491.0,23.732303348436748,False,False,False
39,0.02,0.02,0.45,0.1,0.41,0.35,0.7,0.72,0.9,90.0,optimistic,150.0,0.0,0.0,0.0,0.0,0.7254296927229165,0.00034251637519850205,34.11281963494808,0.040196756451920154,0.0,0.0,False,False,False
40,0.3636363636363636,0.12121212121212122,0.1616161616161616,0.15151515151515152,0.20202020202020204,0.35,0.8,0.7,0.7,80.0,optimistic,200.0,0.0,0.0,0.0,0.0,0.7266265771994043,0.00022139414208875805,34.197998500391556,0.029252478730112306,1712.0,25.508168626278653,False,False,False
41,0.25,0.1,0.53,0.02,0.1,0.4,0.75,0.68,0.5,100.0,optimistic,250.0,0.0,0.0,0.0,0.0,0.7305059161725826,0.0004344174715823674,34.197998500391556,0.029252478730112306,1884.0,34.32524176494933,False,False,False
42,0.3131313131313131,0.1717171717171717,0.1616161616161616,0.25252525252525254,0.10101010101010102,0.4,0.65,0.7,0.9,80.0,optimistic,300.0,0.0,0.0,0.0,0.0,0.7266175027795025,0.0002105557180605379,34.197998500391556,0.029252478730112306,1744.0,24.81934729198171,False,False,False
43,0.06,0.18,0.02,0.66,0.08,0.5,0.6,0.68,0.7,80.0,optimistic,100.0,0.0,0.0,0.0,0.0,0.7260718248181907,0.00027881743083566765,34.202980333964696,0.02789335769932939,1018.0,20.154955277107963,False,False,False
44,0.0594,0.297,0.0693,0.505,0.0693,0.3,0.8,0.725,0.7,90.0,optimistic,200.0,0.0,0.0,0.0,0.0,0.7314917940275387,0.0003654886908523899,34.197998500391556,0.029252478730112306,3547.0,50.7510262622015,False,False,False
45,0.37,0.26,0.31,0.0,0.06,0.45,0.6,0.72,1.0,60.0,optimistic,100.0,0.13740000000000002,0.006620171196175115,0.0,0.0,0.7122612509655875,0.0010123562323401196,127.21113320188435,0.47351678001537506,1466.0,50.159744815937806,False,False,False
46,0.11000000000000001,0.060000000000000005,0.5500000000000002,0.19000000000000003,0.09000000000000001,0.55,0.8,0.78,0.6,90.0,expected,250.0,0.0,0.0,0.0,0.0,0.7250332317060504,0.0003161921351801404,34.197998500391556,0.029252478730112306,3.0,1.5275252316519465,False,False,False
47,0.23762376237623764,0.19801980198019806,0.4158415841584159,0.049504950495049514,0.09900990099009903,0.3,0.7,0.76,0.8,70.0,optimistic,200.0,0.0,0.0,0.0,0.0,0.7252276530919158,0.0002936103125591727,34.197998500391556,0.029252478730112306,58.0,11.333333333333334,False,False,False
48,0.31,0.47,0.08,0.09,0.05,0.4,0.8,0.72,0.5,80.0,expected,100.0,0.0,0.0,0.0,0.0,0.7250404862853862,0.00029822240069754253,34.202980333964696,0.02789335769932939,0.0,0.0,False,False,False
49,0.16,0.15,0.16,0.05,0.48,0.45,0.65,0.7,0.7,90.0,expected,100.0,0.0,0.0,0.0,0.0,0.7256405099509512,0.0004426335592327189,34.11281963494808,0.040196756451920154,0.0,0.0,False,False,False
50,0.26732673267326734,0.19801980198019806,0.26732673267326734,0.17821782178217824,0.08910891089108912,0.4,0.55,0.76,0.7,80.0,optimistic,250.0,0.0,0.0,0.0,0.0,0.7280287651444437,0.0005286163853266618,34.197998500391556,0.029252478730112306,3767.0,22.11334438749598,False,False,False
51,0.16,0.14,0.1,0.07,0.53,0.45,0.75,0.7,0.7,100.0,optimistic,100.0,0.0,0.0,0.0,0.0,0.7254088471149177,0.00036702159185161013,34.202980333964696,0.02789335769932939,0.0,0.0,False,False,False
52,0.59,0.19,0.08,0.04,0.1,0.5,0.6,0.76,0.8,100.0,optimistic,150.0,0.0,0.0,0.0,0.0,0.7421489886420203,0.0003624161527393732,34.13102617609918,0.03306626602992038,8181.0,72.53275122315436,False,False,False
53,0.06,0.17,0.12,0.04,0.61,0.55,0.65,0.72,0.6,90.0,optimistic,250.0,0.0,0.0,0.0,0.0,0.7250543833875812,0.0006226309808541182,33.391765181720764,0.09484948506207382,0.0,0.0,False,False,False
54,0.08910891089108912,0.22772277227722776,0.23762376237623764,0.40594059405940597,0.03960396039603961,0.25,0.8,0.76,0.8,70.0,optimistic,200.0,0.0,0.0,0.0,0.0,0.725082238027573,0.0002384923618481914,34.197998500391556,0.029252478730112306,74.0,15.506271132817341,False,False,False
55,0.07,0.51,0.03,0.12,0.27,0.55,0.75,0.68,0.9,70.0,expected,200.0,0.0,0.0,0.0,0.0,0.7250902537737002,0.00024679060494687643,34.197998500391556,0.029252478730112306,1.0,1.0,False,False,False
56,0.0,0.24242424242424243,0.3636363636363636,0.21212121212121213,0.1818181818181818,0.25,0.7,0.78,1.0,90.0,expected,200.0,0.08139999999999999,0.005007106061500106,0.0,0.0,0.7165268688463156,0.0008284989611344359,121.82675923522723,1.1202555835803658,879.0,44.458470009161985,False,False,False
57,0.0707070707070707,0.0909090909090909,0.494949494949495,0.030303030303030304,0.3131313131313131,0.25,0.7,0.7,0.7,80.0,optimistic,250.0,0.0,0.0,0.0,0.0,0.7251926837258841,0.0007153340488377304,34.11281963494808,0.040196756451920154,0.0,0.0,False,False,False
58,0.41414141414141414,0.0707070707070707,0.46464646464646464,0.0101010101010101,0.0404040404040404,0.5,0.65,0.68,0.8,70.0,optimistic,300.0,0.0,0.0,0.0,0.0,0.7253044415440854,0.0004058422413763618,34.11281963494808,0.040196756451920154,17.0,3.9581140290126386,False,False,False
59,0.11111111111111112,0.0101010101010101,0.12121212121212122,0.3838383838383838,0.3737373737373737,0.5,0.7,0.68,0.9,60.0,expected,300.0,0.0,0.0,0.0,0.0,0.724979122646479,0.0002510839896250008,34.197998500391556,0.029252478730112306,1.0,1.0,False,False,False
60,0.1,0.53,0.14,0.23,0.0,0.25,0.7,0.68,1.0,60.0,expected,250.0,0.06380000000000001,0.0038464991298004414,0.0,0.0,0.7190686944893935,0.0006148200184880576,116.6596031677891,2.748174825973733,628.0,22.150996967781534,False,False,False
61,0.1485148514851485,0.24752475247524752,0.37623762376237624,0.06930693069306931,0.15841584158415842,0.35,0.75,0.725,0.9,60.0,expected,100.0,0.0002,0.00019999999999999998,0.0,0.0,0.725040956039175,0.00028161644347174885,34.202980333964696,0.02789335769932939,2.0,1.3333333333333333,False,False,False
62,0.25,0.15,0.19,0.17,0.24,0.3,0.65,0.78,0.7,80.0,optimistic,200.0,0.0,0.0,0.0,0.0,0.7252328005099101,0.0002958389986971335,34.197998500391556,0.029252478730112306,1.0,1.0,False,False,False
63,0.2626262626262626,0.1414141414141414,0.24242424242424243,0.05050505050505051,0.30303030303030304,0.25,0.6,0.72,0.7,80.0,expected,100.0,0.0,0.0,0.0,0.0,0.7256602922352235,0.000337463083949176,34.11281963494808,0.040196756451920154,0.0,0.0,False,False,False
64,0.15,0.47,0.04,0.09,0.25,0.5,0.65,0.76,0.7,100.0,expected,200.0,0.0,0.0,0.0,0.0,0.7333074453397918,0.00046395537490692836,34.197998500391556,0.029252478730112306,2268.0,69.16646586316233,False,False,False
65,0.35,0.22,0.12,0.25,0.06,0.45,0.85,0.78,0.9,60.0,optimistic,250.0,0.0004,0.0002666666666666667,0.0,0.0,0.724975774219147,0.0003032422952925819,34.197998500391556,0.029252478730112306,3.0,1.5275252316519465,False,False,False
66,0.3636363636363636,0.1313131313131313,0.22222222222222224,0.1818181818181818,0.10101010101010102,0.45,0.75,0.725,0.7,60.0,optimistic,200.0,0.0,0.0,0.0,0.0,0.7250568441767571,0.00022502795411170044,34.197998500391556,0.029252478730112306,2.0,1.3333333333333333,False,False,False
67,0.2626262626262626,0.030303030303030304,0.21212121212121213,0.3434343434343434,0.15151515151515152,0.5,0.85,0.74,0.9,90.0,expected,100.0,0.0004,0.0002666666666666667,0.0,0.0,0.7249943382579125,0.0002904835838800476,34.202980333964696,0.02789335769932939,3.0,1.5275252316519465,False,False,False
68,0.15151515151515152,0.2727272727272727,0.2828282828282828,0.2727272727272727,0.0202020202020202,0.45,0.85,0.78,0.9,60.0,optimistic,300.0,0.0004,0.0002666666666666667,0.0,0.0,0.7249216651595758,0.00023634542687132724,34.197998500391556,0.029252478730112306,3.0,1.5275252316519465,False,False,False
69,0.03,0.08,0.37,0.46,0.06,0.3,0.65,0.68,0.8,90.0,optimistic,150.0,0.0,0.0,0.0,0.0,0.72762676120475,0.0003463421544693693,34.197998500391556,0.029252478730112306,1384.0,16.206994374857622,False,False,False
70,0.2,0.23,0.21,0.33,0.03,0.5,0.85,0.68,0.6,90.0,optimistic,300.0,0.0,0.0,0.0,0.0,0.7278708572471182,0.0002523633517920461,34.197998500391556,0.029252478730112306,1384.0,16.206994374857622,False,False,False
71,0.3137,0.1961,0.2745,0.1667,0.049,0.5,0.65,0.72,0.9,90.0,optimistic,150.0,0.0002,0.00019999999999999998,0.0,0.0,0.7313003911734202,0.0002722853056542509,34.197998500391556,0.029252478730112306,3325.0,47.75516260631468,False,False,False
72,0.35353535353535354,0.10101010101010102,0.1818181818181818,0.11111111111111112,0.25252525252525254,0.35,0.65,0.72,0.5,100.0,expected,150.0,0.0,0.0,0.0,0.0,0.7253676560042056,0.00031170066788252624,34.12589218629375,0.0342574583680904,56.0,9.568466729604882,False,False,False
73,0.72,0.0,0.07,0.06,0.15,0.4,0.65,0.74,0.7,100.0,expected,250.0,0.0,0.0,0.0,0.0,0.7319508299464926,0.0007458010350207065,34.11281963494808,0.040196756451920154,1863.0,59.610774566721105,False,False,False
74,0.04,0.19,0.02,0.09,0.66,0.45,0.55,0.74,0.7,70.0,optimistic,150.0,0.0,0.0,0.0,0.0,0.7260320575483845,0.0008219504422998236,31.376661561785475,0.2229253693305015,0.0,0.0,False,False,False
75,0.2079207920792079,0.4158415841584158,0.11881188118811882,0.039603960396039604,0.21782178217821782,0.25,0.7,0.7,0.5,80.0,optimistic,150.0,0.0,0.0,0.0,0.0,0.7248511852374337,0.0004202758958604406,34.197998500391556,0.029252478730112306,0.0,0.0,False,False,False
76,0.7475,0.101,0.0505,0.0202,0.0808,0.55,0.85,0.7,0.5,70.0,expected,150.0,0.0,0.0,0.0,0.0,0.7252748018061126,0.0002482062519471346,34.197998500391556,0.029252478730112306,0.0,0.0,False,False,False
77,0.18,0.12,0.22,0.13,0.35,0.4,0.8,0.7,0.7,90.0,optimistic,200.0,0.0,0.0,0.0,0.0,0.7250672677983712,0.00022318103596167833,34.197998500391556,0.029252478730112306,2.0,1.3333333333333333,False,False,False
78,0.25,0.14,0.2,0.4,0.01,0.35,0.55,0.74,0.5,90.0,expected,250.0,0.0,0.0,0.0,0.0,0.7250332317060504,0.0003161921351801404,34.197998500391556,0.029252478730112306,3.0,1.5275252316519465,False,False,False
79,0.07,0.34,0.32,0.21,0.06,0.45,0.85,0.72,0.9,80.0,optimistic,150.0,0.0002,0.00019999999999999998,0.0,0.0,0.7267317471618369,0.0003272295966341941,34.197998500391556,0.029252478730112306,2405.0,14.776106839534334,False,False,False
80,0.0891089108910891,0.28712871287128716,0.009900990099009901,0.2079207920792079,0.4059405940594059,0.25,0.8,0.74,0.8,90.0,expected,150.0,0.0,0.0,0.0,0.0,0.7247237171446814,0.0003720908607481085,34.197998500391556,0.029252478730112306,0.0,0.0,False,False,False
81,0.2727,0.0707,0.0707,0.0707,0.5152,0.35,0.55,0.68,0.5,80.0,expected,300.0,0.0,0.0,0.0,0.0,0.7263375531850382,0.0008421527280074357,26.97275584521563,0.2553133031791365,0.0,0.0,False,False,False
82,0.2626262626262626,0.2626262626262626,0.1616161616161616,0.2828282828282828,0.030303030303030304,0.5,0.75,0.76,0.8,90.0,expected,200.0,0.0,0.0,0.0,0.0,0.7250902537737002,0.00024679060494687643,34.197998500391556,0.029252478730112306,3.0,1.5275252316519465,False,False,False
83,0.25,0.37,0.27,0.04,0.07,0.3,0.7,0.76,0.7,60.0,optimistic,250.0,0.0,0.0,0.0,0.0,0.7252371339738667,0.0003718377880502792,34.197998500391556,0.029252478730112306,2.0,1.3333333333333333,False,False,False
84,0.5644,0.1386,0.1188,0.1089,0.0693,0.3,0.55,0.68,0.7,80.0,optimistic,250.0,0.0,0.0,0.0,0.0,0.7263462309622273,0.0005723684349569131,34.11281963494808,0.040196756451920154,1018.0,20.154955277107963,False,False,False
85,0.33,0.19,0.06,0.02,0.4,0.4,0.6,0.7,0.5,70.0,optimistic,150.0,0.0,0.0,0.0,0.0,0.7255075589626345,0.00041864657886498617,34.06499942467629,0.030157776809783467,0.0,0.0,False,False,False
86,0.15,0.05,0.71,0.04,0.05,0.25,0.85,0.74,0.5,100.0,optimistic,200.0,0.0,0.0,0.0,0.0,0.7352145652731459,0.00029123864257423414,34.197998500391556,0.029252478730112306,2814.0,31.804961178337496,False,False,False
87,0.25,0.06,0.38,0.24,0.07,0.35,0.75,0.76,0.5,80.0,expected,100.0,0.0,0.0,0.0,0.0,0.7250404862853862,0.00029822240069754253,34.202980333964696,0.02789335769932939,0.0,0.0,False,False,False
88,0.25742574257425743,0.4554455445544554,0.009900990099009901,0.20792079207920788,0.0693069306930693,0.45,0.6,0.74,0.8,60.0,expected,300.0,0.0,0.0,0.0,0.0,0.7249554405746728,0.0002590365813042627,34.197998500391556,0.029252478730112306,0.0,0.0,False,False,False
89,0.1919191919191919,0.20202020202020204,0.1919191919191919,0.11111111111111112,0.30303030303030304,0.25,0.85,0.68,0.5,100.0,optimistic,200.0,0.0,0.0,0.0,0.0,0.7250789443142706,0.00023912306644312278,34.197998500391556,0.029252478730112306,0.0,0.0,False,False,False
90,0.16,0.53,0.27,0.03,0.01,0.45,0.8,0.7,0.6,70.0,expected,200.0,0.0,0.0,0.0,0.0,0.7250789443142706,0.00023912306644312278,34.197998500391556,0.029252478730112306,0.0,0.0,False,False,False
91,0.15,0.24,0.05,0.44,0.12,0.5,0.65,0.76,1.0,70.0,optimistic,100.0,0.21600000000000003,0.00756012933457858,0.0,0.0,0.7024255015190457,0.0010820657935784299,130.3297091345452,0.30689264865495236,2268.0,69.16646586316233,False,False,False
92,0.2079207920792079,0.09900990099009901,0.22772277227722773,0.15841584158415842,0.3069306930693069,0.4,0.65,0.74,0.7,100.0,expected,150.0,0.0,0.0,0.0,0.0,0.7296852631362073,0.0004191364402264669,34.19031667773501,0.02723243070303948,1117.0,60.773715078514364,False,False,False
93,0.02,0.65,0.11,0.16,0.06,0.35,0.8,0.68,0.5,90.0,optimistic,200.0,0.0,0.0,0.0,0.0,0.7279819883743394,0.00026206551493197685,34.197998500391556,0.029252478730112306,1384.0,16.206994374857622,False,False,False
94,0.2079207920792079,0.11881188118811882,0.009900990099009901,0.24752475247524752,0.4158415841584158,0.25,0.75,0.78,0.7,80.0,optimistic,300.0,0.0,0.0,0.0,0.0,0.7249678131870494,0.00025655646177579795,34.197998500391556,0.029252478730112306,0.0,0.0,False,False,False
95,0.22,0.1,0.19,0.17,0.32,0.25,0.6,0.76,1.0,100.0,expected,300.0,0.0,0.0,0.0,0.0,0.7252826870076089,0.0006360549044789757,34.11281963494808,0.040196756451920154,0.0,0.0,False,False,False
96,0.31,0.26,0.22,0.0,0.21,0.45,0.85,0.78,0.5,60.0,expected,150.0,0.0,0.0,0.0,0.0,0.7248090662844187,0.0003498441735929368,34.197998500391556,0.029252478730112306,0.0,0.0,False,False,False
97,0.42424242424242425,0.12121212121212122,0.1919191919191919,0.25252525252525254,0.0101010101010101,0.25,0.85,0.72,0.6,60.0,optimistic,150.0,0.0,0.0,0.0,0.0,0.7247237171446814,0.0003720908607481085,34.197998500391556,0.029252478730112306,1.0,1.0,False,False,False
98,0.16,0.33,0.29,0.19,0.03,0.4,0.6,0.76,0.7,70.0,expected,300.0,0.0,0.0,0.0,0.0,0.7250219377387114,0.0003376652004723492,34.197998500391556,0.029252478730112306,0.0,0.0,False,False,False
99,0.28,0.08,0.12,0.35,0.17,0.45,0.55,0.76,0.5,70.0,optimistic,300.0,0.0,0.0,0.0,0.0,0.725343227360704,0.0003581049605985486,34.197998500391556,0.029252478730112306,74.0,15.506271132817341,False,False,False
100,0.1485148514851485,0.039603960396039604,0.32673267326732675,0.009900990099009901,0.4752475247524753,0.45,0.6,0.74,0.8,70.0,expected,250.0,0.0,0.0,0.0,0.0,0.7252208168679398,0.0006943957760099222,34.041665507817676,0.033166238209165436,0.0,0.0,False,False,False
101,0.020000000000000004,0.13000000000000003,0.41000000000000003,0.30000000000000004,0.14000000000000004,0.4,0.7,0.68,0.6,70.0,expected,100.0,0.0,0.0,0.0,0.0,0.7250404862853862,0.00029822240069754253,34.202980333964696,0.02789335769932939,0.0,0.0,False,False,False
102,0.31,0.29,0.09,0.15,0.16,0.5,0.6,0.68,0.5,70.0,expected,150.0,0.0,0.0,0.0,0.0,0.7252720037122928,0.00028045410331427366,34.197998500391556,0.029252478730112306,0.0,0.0,False,False,False
103,0.13861386138613863,0.27722772277227725,0.039603960396039604,0.11881188118811882,0.4257425742574258,0.4,0.55,0.725,1.0,100.0,expected,150.0,0.0,0.0,0.0,0.0,0.7253636045425258,0.00040991770740408674,34.041665507817676,0.033166238209165436,0.0,0.0,False,False,False
104,0.18181818181818182,0.4343434343434344,0.1717171717171717,0.10101010101010102,0.11111111111111113,0.4,0.55,0.78,0.9,70.0,expected,150.0,0.0004,0.0002666666666666667,0.0,0.0,0.7249741702275695,0.0003694303978031745,34.197998500391556,0.029252478730112306,3.0,1.5275252316519465,False,False,False
105,0.23,0.06,0.44,0.14,0.13,0.3,0.8,0.725,1.0,60.0,optimistic,300.0,0.14620000000000002,0.007748548251124205,0.0,0.0,0.7110077535421055,0.0011227426249447888,127.62309412973336,0.5021817928995358,1537.0,58.234201481794365,False,False,False
106,0.08,0.52,0.36,0.03,0.01,0.3,0.65,0.72,0.8,70.0,expected,150.0,0.0,0.0,0.0,0.0,0.7248822378811184,0.00038294591344421137,34.197998500391556,0.029252478730112306,0.0,0.0,False,False,False
107,0.0396,0.1287,0.1089,0.0693,0.6535,0.55,0.85,0.7,0.7,60.0,optimistic,250.0,0.0,0.0,0.0,0.0,0.7249560200971211,0.0003568154188554581,34.197998500391556,0.029252478730112306,0.0,0.0,False,False,False
108,0.009900990099009901,0.4653465346534653,0.009900990099009901,0.31683168316831684,0.19801980198019803,0.5,0.85,0.68,0.7,70.0,optimistic,200.0,0.0,0.0,0.0,0.0,0.7250789443142706,0.00023912306644312278,34.197998500391556,0.029252478730112306,17.0,3.9581140290126386,False,False,False
109,0.45,0.11,0.05,0.36,0.03,0.55,0.85,0.72,0.5,90.0,optimistic,250.0,0.0,0.0,0.0,0.0,0.7311889194756016,0.0004365679109537633,34.197998500391556,0.029252478730112306,3325.0,47.75516260631468,False,False,False
110,0.27,0.11,0.01,0.54,0.07,0.5,0.7,0.76,0.5,70.0,optimistic,250.0,0.0,0.0,0.0,0.0,0.7250252159599232,0.0003127644902343202,34.197998500391556,0.029252478730112306,74.0,15.506271132817341,False,False,False
111,0.34,0.02,0.06,0.49,0.09,0.3,0.75,0.76,0.5,80.0,expected,200.0,0.0,0.0,0.0,0.0,0.7250789443142706,0.00023912306644312278,34.197998500391556,0.029252478730112306,0.0,0.0,False,False,False
112,0.04,0.16,0.05,0.28,0.47,0.3,0.75,0.7,0.8,70.0,expected,200.0,0.0,0.0,0.0,0.0,0.7250789443142706,0.00023912306644312278,34.197998500391556,0.029252478730112306,0.0,0.0,False,False,False
113,0.09,0.08,0.27,0.42,0.14,0.25,0.65,0.725,0.5,100.0,expected,200.0,0.0,0.0,0.0,0.0,0.7311495348197738,0.0003652493953427187,34.197998500391556,0.029252478730112306,1537.0,58.234201481794365,False,False,False
114,0.05,0.31,0.16,0.11,0.37,0.3,0.7,0.74,0.9,100.0,optimistic,300.0,0.0,0.0,0.0,0.0,0.7251554766031865,0.00033679994634668134,34.197998500391556,0.029252478730112306,0.0,0.0,False,False,False
115,0.06,0.17,0.06,0.23,0.48,0.45,0.8,0.78,0.9,100.0,expected,100.0,0.0,0.0,0.0,0.0,0.7250404862853862,0.00029822240069754253,34.202980333964696,0.02789335769932939,0.0,0.0,False,False,False
116,0.09,0.35,0.03,0.22,0.31,0.3,0.65,0.68,0.8,90.0,optimistic,300.0,0.0,0.0,0.0,0.0,0.7249674726038637,0.0002567271830542701,34.197998500391556,0.029252478730112306,0.0,0.0,False,False,False
117,0.29,0.19,0.19,0.32,0.01,0.35,0.6,0.7,0.6,70.0,expected,150.0,0.0,0.0,0.0,0.0,0.7247156582058364,0.0003721868536491827,34.197998500391556,0.029252478730112306,0.0,0.0,False,False,False
118,0.01,0.49,0.22,0.21,0.07,0.5,0.85,0.78,0.9,60.0,optimistic,300.0,0.0004,0.0002666666666666667,0.0,0.0,0.7249216651595758,0.00023634542687132724,34.197998500391556,0.029252478730112306,3.0,1.5275252316519465,False,False,False
119,0.5354,0.0505,0.2121,0.1313,0.0707,0.25,0.65,0.72,1.0,90.0,optimistic,200.0,0.1258,0.0061423846256066445,0.0,0.0,0.7132149775267892,0.0006067424771743416,126.83091540406835,0.5192982554456878,1335.0,48.51689281980956,False,False,False
120,0.18,0.12,0.03,0.04,0.63,0.55,0.6,0.78,0.7,90.0,optimistic,100.0,0.0,0.0,0.0,0.0,0.7258398965860662,0.0006160122238496415,32.04116549491867,0.11405405926279893,0.0,0.0,False,False,False
121,0.0202,0.0606,0.0707,0.3131,0.5354,0.3,0.85,0.74,0.7,90.0,expected,300.0,0.0,0.0,0.0,0.0,0.7249678131870494,0.00025655646177579795,34.197998500391556,0.029252478730112306,0.0,0.0,False,False,False
122,0.41,0.09,0.07,0.18,0.25,0.35,0.75,0.68,0.8,100.0,expected,100.0,0.0,0.0,0.0,0.0,0.726054891251475,0.0004077583081196925,34.202980333964696,0.02789335769932939,133.0,13.828312341794359,False,False,False
123,0.11000000000000001,0.37000000000000005,0.41000000000000003,0.010000000000000002,0.10000000000000002,0.3,0.7,0.7,0.5,70.0,expected,250.0,0.0,0.0,0.0,0.0,0.7258024736901024,0.0003390051242725647,34.197998500391556,0.029252478730112306,0.0,0.0,False,False,False
124,0.0909090909090909,0.0404040404040404,0.0808080808080808,0.3131313131313131,0.47474747474747475,0.4,0.75,0.76,0.9,80.0,expected,150.0,0.0,0.0,0.0,0.0,0.7247237171446814,0.0003720908607481085,34.197998500391556,0.029252478730112306,0.0,0.0,False,False,False
125,0.17,0.14,0.35,0.16,0.18,0.25,0.75,0.725,0.5,90.0,expected,150.0,0.0,0.0,0.0,0.0,0.7247189454757621,0.0003734065905413626,34.197998500391556,0.029252478730112306,0.0,0.0,False,False,False
126,0.0891089108910891,0.24752475247524752,0.10891089108910891,0.4257425742574258,0.12871287128712872,0.35,0.55,0.72,1.0,80.0,expected,200.0,0.13740000000000002,0.006620171196175115,0.0,0.0,0.7119697132131385,0.000863068283844743,127.21113320188435,0.47351678001537506,1466.0,50.159744815937806,False,False,False
127,0.11880000000000002,0.08910000000000001,0.5941000000000001,0.029700000000000004,0.16830000000000003,0.55,0.75,0.74,0.5,70.0,optimistic,200.0,0.0,0.0,0.0,0.0,0.7252309468052183,0.00029384779161301415,34.197998500391556,0.029252478730112306,61.0,13.370780746754384,False,False,False
128,0.18,0.4,0.08,0.2,0.14,0.4,0.7,0.68,0.6,60.0,optimistic,150.0,0.0,0.0,0.0,0.0,0.7247237171446814,0.0003720908607481085,34.197998500391556,0.029252478730112306,1.0,1.0,False,False,False
129,0.009900990099009901,0.42574257425742573,0.2772277227722772,0.0693069306930693,0.2178217821782178,0.35,0.75,0.725,1.0,70.0,expected,150.0,0.14620000000000002,0.007748548251124205,0.0,0.0,0.7107235098362149,0.0011790938719505309,127.62309412973336,0.5021817928995358,1537.0,58.234201481794365,False,False,False
130,0.010000000000000002,0.48000000000000004,0.20000000000000004,0.18000000000000002,0.13000000000000003,0.5,0.85,0.78,1.0,70.0,expected,150.0,0.2472,0.008396824796711356,0.0,0.0,0.6980919909367787,0.0011276768391917079,130.97350819499567,0.2428708718920876,2643.0,78.14587498888075,False,False,False
131,0.27,0.06,0.3,0.07,0.3,0.4,0.55,0.72,0.5,70.0,optimistic,300.0,0.0,0.0,0.0,0.0,0.7256114030541669,0.0005764789333945237,34.11281963494808,0.040196756451920154,27.0,6.506407098647711,False,False,False
132,0.0792,0.1188,0.0099,0.7723,0.0198,0.55,0.7,0.7,0.7,90.0,expected,100.0,0.0,0.0,0.0,0.0,0.7250517957448158,0.00030194252233151027,34.202980333964696,0.02789335769932939,1.0,1.0,False,False,False
133,0.04,0.22,0.02,0.53,0.19,0.4,0.55,0.68,0.5,100.0,expected,300.0,0.0,0.0,0.0,0.0,0.727563450633289,0.0002273202859382266,34.197998500391556,0.029252478730112306,628.0,22.150996967781534,False,False,False
134,0.0101,0.5253,0.202,0.2525,0.0101,0.5,0.65,0.76,0.7,70.0,expected,100.0,0.0,0.0,0.0,0.0,0.7250404862853862,0.00029822240069754253,34.202980333964696,0.02789335769932939,0.0,0.0,False,False,False
135,0.04999999999999999,0.6699999999999999,0.10999999999999997,0.059999999999999984,0.10999999999999997,0.5,0.65,0.72,0.6,70.0,expected,200.0,0.0,0.0,0.0,0.0,0.7250589889388726,0.00022574089718006263,34.197998500391556,0.029252478730112306,0.0,0.0,False,False,False
136,0.18,0.3,0.18,0.03,0.31,0.25,0.7,0.72,0.8,90.0,optimistic,250.0,0.0,0.0,0.0,0.0,0.7257782807103211,0.00035329700595683553,34.197998500391556,0.029252478730112306,0.0,0.0,False,False,False
137,0.24000000000000002,0.10000000000000002,0.32000000000000006,0.12000000000000001,0.22000000000000003,0.4,0.6,0.78,0.7,80.0,optimistic,300.0,0.0,0.0,0.0,0.0,0.7280000578648358,0.0005871990921059761,34.11281963494808,0.040196756451920154,4316.0,23.76739129330118,False,False,False
138,0.02,0.05,0.05,0.28,0.6,0.45,0.55,0.72,0.6,70.0,expected,200.0,0.0,0.0,0.0,0.0,0.7255450377572349,0.0008455860359530751,29.44734396555459,0.17532740270841463,0.0,0.0,False,False,False
139,0.25742574257425743,0.38613861386138615,0.029702970297029705,0.009900990099009901,0.31683168316831684,0.5,0.85,0.725,0.5,60.0,expected,300.0,0.0,0.0,0.0,0.0,0.7249674726038637,0.0002567271830542701,34.197998500391556,0.029252478730112306,0.0,0.0,False,False,False
140,0.1818181818181818,0.0707070707070707,0.1313131313131313,0.1414141414141414,0.47474747474747475,0.4,0.75,0.725,1.0,60.0,optimistic,150.0,0.0,0.0,0.0,0.0,0.7253173966035866,0.0002412183711393266,34.197998500391556,0.029252478730112306,0.0,0.0,False,False,False
141,0.019801980198019802,0.04950495049504951,0.36633663366336633,0.1782178217821782,0.38613861386138615,0.55,0.65,0.72,0.6,60.0,optimistic,200.0,0.0,0.0,0.0,0.0,0.7253557383364224,0.0004497719433347197,34.11281963494808,0.040196756451920154,1.0,1.0,False,False,False
142,0.22222222222222224,0.1414141414141414,0.3636363636363636,0.20202020202020204,0.0707070707070707,0.4,0.7,0.725,0.9,90.0,optimistic,200.0,0.0004,0.0002666666666666667,0.0,0.0,0.7314248917898574,0.0003420076420817411,34.197998500391556,0.029252478730112306,3547.0,50.7510262622015,False,False,False
143,0.07,0.28,0.08,0.55,0.02,0.25,0.85,0.78,0.7,90.0,expected,100.0,0.0,0.0,0.0,0.0,0.7250517957448158,0.00030194252233151027,34.202980333964696,0.02789335769932939,3.0,1.5275252316519465,False,False,False
144,0.0909090909090909,0.35353535353535354,0.2626262626262626,0.22222222222222224,0.0707070707070707,0.55,0.7,0.7,0.5,60.0,optimistic,200.0,0.0,0.0,0.0,0.0,0.7250789443142706,0.00023912306644312278,34.197998500391556,0.029252478730112306,1.0,1.0,False,False,False
145,0.49,0.09,0.19,0.17,0.06,0.35,0.75,0.725,0.5,90.0,optimistic,300.0,0.0,0.0,0.0,0.0,0.7312308584179636,0.0003251399591183676,34.197998500391556,0.029252478730112306,3547.0,50.7510262622015,False,False,False
146,0.009900990099009901,0.11881188118811882,0.43564356435643564,0.2079207920792079,0.22772277227722773,0.5,0.55,0.78,0.6,60.0,optimistic,200.0,0.0,0.0,0.0,0.0,0.725428740924564,0.0003775025675854063,34.11281963494808,0.040196756451920154,2.0,1.3333333333333333,False,False,False
147,0.14,0.2,0.1,0.23,0.33,0.4,0.65,0.68,0.7,80.0,optimistic,300.0,0.0,0.0,0.0,0.0,0.7261222502168054,0.00027056871563070606,34.197998500391556,0.029252478730112306,995.0,20.507451220362697,False,False,False
148,0.11111111111111112,0.0,0.3737373737373737,0.0808080808080808,0.43434343434343436,0.25,0.6,0.78,0.5,90.0,expected,300.0,0.0,0.0,0.0,0.0,0.7267747174776329,0.000491791060002458,34.082048743380135,0.03373094509350856,0.0,0.0,False,False,False
149,0.13,0.37,0.12,0.02,0.36,0.4,0.6,0.74,0.8,100.0,optimistic,250.0,0.0,0.0,0.0,0.0,0.7260115226604269,0.0005888207359318305,34.197998500391556,0.029252478730112306,161.0,18.586135812600865,False,False,False
150,0.14850000000000002,0.029700000000000004,0.009900000000000003,0.5446000000000001,0.26730000000000004,0.25,0.85,0.725,0.6,100.0,optimistic,250.0,0.0,0.0,0.0,0.0,0.7250332317060504,0.0003161921351801404,34.197998500391556,0.029252478730112306,2.0,1.3333333333333333,False,False,False
151,0.05,0.08,0.48,0.34,0.05,0.4,0.55,0.76,0.6,60.0,expected,150.0,0.0,0.0,0.0,0.0,0.7252701987398017,0.00039525338664637885,34.197998500391556,0.029252478730112306,0.0,0.0,False,False,False
152,0.0396,0.2277,0.1089,0.0693,0.5545,0.25,0.6,0.7,0.5,100.0,optimistic,100.0,0.0,0.0,0.0,0.0,0.7255184791034653,0.0005177414917657999,34.041665507817676,0.033166238209165436,0.0,0.0,False,False,False
153,0.6,0.19,0.01,0.01,0.19,0.4,0.85,0.76,0.9,80.0,optimistic,150.0,0.0004,0.0002666666666666667,0.0,0.0,0.7274910275244677,0.00032092770418490574,34.197998500391556,0.029252478730112306,3763.0,21.34635019544715,False,False,False
154,0.0404,0.0808,0.1616,0.697,0.0202,0.3,0.55,0.76,0.6,60.0,optimistic,200.0,0.0,0.0,0.0,0.0,0.7250789443142706,0.00023912306644312278,34.197998500391556,0.029252478730112306,2.0,1.3333333333333333,False,False,False
155,0.32999999999999996,0.5199999999999999,0.06999999999999999,0.019999999999999997,0.059999999999999984,0.4,0.8,0.76,1.0,100.0,expected,300.0,0.21600000000000003,0.00756012933457858,0.0,0.0,0.7023524878375234,0.0010263895949664341,130.3297091345452,0.30689264865495236,2268.0,69.16646586316233,False,False,False
156,0.11,0.11,0.06,0.26,0.46,0.5,0.75,0.7,1.0,100.0,expected,200.0,0.0928,0.004873511168665884,0.0,0.0,0.7166424764500201,0.0006174593637195814,123.91268277310894,0.9744073451888966,984.0,39.97777160150653,False,False,False
157,0.26,0.02,0.07,0.15,0.5,0.3,0.6,0.72,0.9,60.0,expected,300.0,0.0,0.0,0.0,0.0,0.7261649626557026,0.0006340463320519997,34.041665507817676,0.033166238209165436,0.0,0.0,False,False,False
158,0.4356435643564357,0.08910891089108912,0.26732673267326734,0.03960396039603961,0.16831683168316833,0.3,0.65,0.725,0.6,90.0,optimistic,200.0,0.0,0.0,0.0,0.0,0.7252991663146954,0.000417041386882101,34.11281963494808,0.040196756451920154,39.0,7.810249675906653,False,False,False
159,0.08,0.05,0.38,0.22,0.27,0.4,0.7,0.78,0.5,80.0,optimistic,300.0,0.0,0.0,0.0,0.0,0.7282745768732004,0.0003421831391639553,34.197998500391556,0.029252478730112306,4300.0,21.70509412813294,False,False,False
160,0.06,0.25,0.17,0.05,0.47,0.55,0.6,0.72,0.5,90.0,expected,200.0,0.0,0.0,0.0,0.0,0.7256040819365268,0.0007815024489853481,34.041665507817676,0.033166238209165436,2.0,1.3333333333333333,False,False,False
161,0.02,0.16,0.31,0.06,0.45,0.55,0.85,0.68,1.0,60.0,optimistic,250.0,0.06380000000000001,0.0038464991298004414,0.0,0.0,0.7190958505356677,0.0006110764150531382,116.6596031677891,2.748174825973733,622.0,21.84795947756525,False,False,False
162,0.23232323232323232,0.1717171717171717,0.25252525252525254,0.1717171717171717,0.1717171717171717,0.55,0.65,0.74,0.9,90.0,expected,150.0,0.0004,0.0002666666666666667,0.0,0.0,0.7252707977558241,0.0003180201834943784,34.197998500391556,0.029252478730112306,3.0,1.5275252316519465,False,False,False
163,0.35000000000000003,0.38000000000000006,0.18000000000000002,0.08000000000000002,0.010000000000000002,0.45,0.6,0.725,0.7,90.0,optimistic,100.0,0.0,0.0,0.0,0.0,0.7317800081314594,0.0004482966367866645,34.202980333964696,0.02789335769932939,3547.0,50.7510262622015,False,False,False
164,0.45,0.24,0.1,0.18,0.03,0.45,0.8,0.725,0.7,60.0,expected,300.0,0.0,0.0,0.0,0.0,0.7249678131870494,0.00025655646177579795,34.197998500391556,0.029252478730112306,0.0,0.0,False,False,False
165,0.11111111111111112,0.0808080808080808,0.24242424242424243,0.3939393939393939,0.1717171717171717,0.45,0.75,0.725,0.7,100.0,optimistic,100.0,0.0,0.0,0.0,0.0,0.7377639672540337,0.000462051541886927,34.202980333964696,0.02789335769932939,5520.0,57.638721552635275,False,False,False
166,0.01,0.3,0.23,0.13,0.33,0.55,0.8,0.74,1.0,60.0,optimistic,200.0,0.1754,0.007005077523561828,0.0,0.0,0.7075887079077676,0.000962042932069013,129.20891164120567,0.3124848800206804,1863.0,59.610774566721105,False,False,False
167,0.3069306930693069,0.23762376237623764,0.19801980198019803,0.12871287128712872,0.12871287128712872,0.45,0.75,0.74,0.8,60.0,optimistic,100.0,0.0,0.0,0.0,0.0,0.7250619532250087,0.00030399883293751013,34.202980333964696,0.02789335769932939,2.0,1.3333333333333333,False,False,False
168,0.48,0.04,0.25,0.19,0.04,0.55,0.85,0.74,0.9,100.0,expected,100.0,0.0004,0.0002666666666666667,0.0,0.0,0.7320621227417499,0.0005026455783713779,34.202980333964696,0.02789335769932939,1863.0,59.610774566721105,False,False,False
169,0.0707070707070707,0.030303030303030304,0.21212121212121213,0.30303030303030304,0.3838383838383838,0.25,0.7,0.76,0.8,60.0,optimistic,300.0,0.0,0.0,0.0,0.0,0.7249678131870494,0.00025655646177579795,34.197998500391556,0.029252478730112306,0.0,0.0,False,False,False
170,0.06,0.31,0.18,0.06,0.39,0.25,0.6,0.68,0.6,100.0,optimistic,150.0,0.0,0.0,0.0,0.0,0.7253155635501201,0.00024085663381316058,34.197998500391556,0.029252478730112306,0.0,0.0,False,False,False
171,0.06,0.01,0.17,0.26,0.5,0.3,0.75,0.78,0.8,80.0,optimistic,250.0,0.0,0.0,0.0,0.0,0.7250219222466208,0.00031251154693373405,34.197998500391556,0.029252478730112306,0.0,0.0,False,False,False
172,0.04,0.11,0.45,0.36,0.04,0.25,0.75,0.7,0.7,100.0,optimistic,250.0,0.0,0.0,0.0,0.0,0.733612233201621,0.0003919368244486916,34.197998500391556,0.029252478730112306,3277.0,38.298534929913146,False,False,False
173,0.5455,0.2727,0.1212,0.0404,0.0202,0.4,0.55,0.74,0.6,90.0,optimistic,150.0,0.0,0.0,0.0,0.0,0.7326392714946487,0.0003033969228337758,34.170253006237644,0.023289102795528635,4282.0,52.57375771237966,False,False,False
174,0.37623762376237624,0.13861386138613863,0.17821782178217824,0.24752475247524755,0.05940594059405941,0.55,0.7,0.76,0.5,90.0,expected,300.0,0.0,0.0,0.0,0.0,0.724979122646479,0.0002510839896250008,34.197998500391556,0.029252478730112306,3.0,1.5275252316519465,False,False,False
175,0.20202020202020204,0.29292929292929293,0.3232323232323232,0.10101010101010102,0.0808080808080808,0.3,0.65,0.68,0.6,80.0,optimistic,300.0,0.0,0.0,0.0,0.0,0.7261616953231158,0.0004296962842481854,34.197998500391556,0.029252478730112306,1007.0,19.779338265529063,False,False,False
176,0.08,0.27,0.02,0.16,0.47,0.3,0.6,0.725,0.9,80.0,expected,100.0,0.0,0.0,0.0,0.0,0.7254072226260765,0.0003800155086257927,34.202980333964696,0.02789335769932939,0.0,0.0,False,False,False
177,0.11,0.07,0.39,0.37,0.06,0.35,0.75,0.78,0.7,90.0,optimistic,200.0,0.0,0.0,0.0,0.0,0.7345001575625392,0.00037319984048794,34.197998500391556,0.029252478730112306,6197.0,80.8572129676066,False,False,False
178,0.5,0.15,0.02,0.19,0.14,0.55,0.85,0.68,0.8,80.0,optimistic,300.0,0.0,0.0,0.0,0.0,0.7259991517198537,0.000223440826201543,34.197998500391556,0.029252478730112306,1018.0,20.154955277107963,False,False,False
179,0.49,0.03,0.1,0.26,0.12,0.25,0.7,0.76,0.8,80.0,optimistic,250.0,0.0,0.0,0.0,0.0,0.7260570891195877,0.0005571639215040267,34.197998500391556,0.029252478730112306,630.0,51.98290317231447,False,False,False
180,0.14,0.05,0.25,0.5,0.06,0.5,0.55,0.7,0.5,70.0,expected,100.0,0.0,0.0,0.0,0.0,0.7250404862853862,0.00029822240069754253,34.202980333964696,0.02789335769932939,0.0,0.0,False,False,False
181,0.27722772277227725,0.009900990099009901,0.24752475247524752,0.15841584158415842,0.3069306930693069,0.3,0.7,0.68,0.9,90.0,expected,300.0,0.0,0.0,0.0,0.0,0.725505193715529,0.00037943196842971344,34.17085959597654,0.02398119944500747,0.0,0.0,False,False,False
182,0.03,0.25,0.27,0.28,0.17,0.35,0.55,0.68,0.8,100.0,optimistic,250.0,0.0,0.0,0.0,0.0,0.7307900884548949,0.00038028241545124265,34.197998500391556,0.029252478730112306,2188.0,33.49295116554792,False,False,False
183,0.28,0.18,0.1,0.14,0.3,0.3,0.6,0.76,0.5,70.0,optimistic,250.0,0.0,0.0,0.0,0.0,0.7252106041386612,0.0005134686431878042,34.164999464277344,0.023017921087851723,0.0,0.0,False,False,False
184,0.26,0.29,0.19,0.11,0.15,0.35,0.65,0.68,0.5,100.0,expected,150.0,0.0,0.0,0.0,0.0,0.7276485598551119,0.00038317231498076774,34.197998500391556,0.029252478730112306,628.0,22.150996967781534,False,False,False
185,0.4,0.11,0.06,0.2,0.23,0.3,0.65,0.68,0.9,100.0,expected,200.0,0.0,0.0,0.0,0.0,0.7252505649959675,0.00028635313044354473,34.197998500391556,0.029252478730112306,2.0,1.3333333333333333,False,False,False
186,0.31683168316831684,0.10891089108910891,0.06930693069306931,0.12871287128712872,0.37623762376237624,0.4,0.55,0.725,0.9,100.0,optimistic,300.0,0.0004,0.0002666666666666667,0.0,0.0,0.7258480281033771,0.0004268534669103092,34.041665507817676,0.033166238209165436,3.0,1.5275252316519465,False,False,False
187,0.06930693069306931,0.06930693069306931,0.3564356435643564,0.039603960396039604,0.4653465346534653,0.3,0.75,0.68,0.7,90.0,expected,150.0,0.0,0.0,0.0,0.0,0.7254388058025567,0.00023932388993402098,34.11281963494808,0.040196756451920154,0.0,0.0,False,False,False
188,0.51,0.02,0.12,0.22,0.13,0.25,0.6,0.7,0.9,70.0,optimistic,150.0,0.0,0.0,0.0,0.0,0.7252466181336061,0.00028201692885330417,34.13560094690291,0.030333947112764867,24.0,7.483314773547883,False,False,False
189,0.6263000000000001,0.06060000000000001,0.17170000000000002,0.08080000000000001,0.06060000000000001,0.4,0.75,0.72,1.0,80.0,expected,150.0,0.13740000000000002,0.006620171196175115,0.0,0.0,0.7122228618079434,0.0008965806615217304,127.21113320188435,0.47351678001537506,1466.0,50.159744815937806,False,False,False
190,0.0101,0.6869,0.0,0.2323,0.0707,0.45,0.65,0.76,1.0,100.0,expected,100.0,0.21600000000000003,0.00756012933457858,0.0,0.0,0.7024255015190457,0.0010820657935784299,130.3297091345452,0.30689264865495236,2268.0,69.16646586316233,False,False,False
191,0.01,0.75,0.04,0.01,0.19,0.55,0.65,0.68,0.6,100.0,optimistic,100.0,0.0,0.0,0.0,0.0,0.7306510219368632,0.00029105876721579054,34.202980333964696,0.02789335769932939,2191.0,34.4947661086271,False,False,False
192,0.08,0.3,0.02,0.15,0.45,0.3,0.65,0.725,0.8,60.0,expected,300.0,0.0,0.0,0.0,0.0,0.7249171497177253,0.00032760119110681837,34.197998500391556,0.029252478730112306,0.0,0.0,False,False,False
193,0.20202020202020204,0.3131313131313131,0.1616161616161616,0.2828282828282828,0.0404040404040404,0.5,0.7,0.76,0.7,90.0,expected,250.0,0.0,0.0,0.0,0.0,0.7250332317060504,0.0003161921351801404,34.197998500391556,0.029252478730112306,3.0,1.5275252316519465,False,False,False
194,0.0909,0.1212,0.5354,0.0505,0.202,0.55,0.7,0.76,0.5,70.0,expected,300.0,0.0,0.0,0.0,0.0,0.7255593692144652,0.00037961102563824475,34.197998500391556,0.029252478730112306,0.0,0.0,False,False,False
195,0.2451,0.0294,0.3039,0.2549,0.1667,0.55,0.65,0.74,0.9,100.0,expected,100.0,0.0004,0.0002666666666666667,0.0,0.0,0.7324366509602955,0.000552624389315281,34.202980333964696,0.02789335769932939,1863.0,59.610774566721105,False,False,False
196,0.58,0.09,0.06,0.11,0.16,0.45,0.65,0.72,0.9,100.0,optimistic,300.0,0.0002,0.00019999999999999998,0.0,0.0,0.7374137874139917,0.0005563939613383265,34.146520809520034,0.028125388018245327,4782.0,60.75085733277075,False,False,False
197,0.14,0.34,0.49,0.01,0.02,0.3,0.55,0.7,1.0,100.0,expected,250.0,0.1014,0.004980406052165269,0.0,0.0,0.7160405825015534,0.000863439475981644,125.0583721547537,0.6787016507600255,1065.0,39.839957608188065,False,False,False
198,0.1683168316831683,0.41584158415841577,0.1089108910891089,0.07920792079207921,0.2277227722772277,0.4,0.7,0.76,0.5,60.0,expected,250.0,0.0,0.0,0.0,0.0,0.7251531990543872,0.00029396077427633506,34.197998500391556,0.029252478730112306,0.0,0.0,False,False,False
199,0.3232323232323232,0.3737373737373737,0.24242424242424243,0.06060606060606061,0.0,0.4,0.6,0.78,0.8,60.0,expected,300.0,0.0,0.0,0.0,0.0,0.7256733716307666,0.00039352407277633153,34.197998500391556,0.029252478730112306,0.0,0.0,False,False,False
200,0.019801980198019802,0.38613861386138615,0.18811881188118812,0.06930693069306931,0.33663366336633666,0.3,0.7,0.72,0.9,90.0,expected,250.0,0.0,0.0,0.0,0.0,0.7250546652404665,0.00036967028646476104,34.197998500391556,0.029252478730112306,0.0,0.0,False,False,False
201,0.019799999999999998,0.04949999999999999,0.6237999999999999,0.25739999999999996,0.04949999999999999,0.55,0.75,0.78,0.5,100.0,optimistic,200.0,0.0,0.0,0.0,0.0,0.74393869528466,0.00045027544473846457,34.197998500391556,0.029252478730112306,9685.0,64.8459713474939,False,False,True
202,0.20000000000000004,0.24000000000000002,0.16000000000000003,0.30000000000000004,0.10000000000000002,0.4,0.85,0.68,1.0,90.0,expected,200.0,0.06380000000000001,0.0038464991298004414,0.0,0.0,0.7191257165570433,0.0005010629926151631,116.6596031677891,2.748174825973733,628.0,22.150996967781534,False,False,False
203,0.2772,0.0099,0.5644,0.0198,0.1287,0.35,0.85,0.72,0.8,80.0,optimistic,200.0,0.0,0.0,0.0,0.0,0.7272196138945685,0.0003490673186204936,34.197998500391556,0.029252478730112306,2334.0,20.720360357226735,False,False,False
204,0.09180918091809183,0.26532653265326533,0.010201020102010202,0.5102510251025103,0.12241224122412242,0.3,0.65,0.72,0.8,90.0,expected,250.0,0.0,0.0,0.0,0.0,0.7250332317060504,0.0003161921351801404,34.197998500391556,0.029252478730112306,2.0,1.3333333333333333,False,False,False
205,0.41414141414141414,0.10101010101010102,0.15151515151515152,0.21212121212121213,0.12121212121212122,0.45,0.6,0.74,0.8,60.0,expected,150.0,0.0,0.0,0.0,0.0,0.725313338169602,0.00024728489608299514,34.19723646234379,0.028887017706774636,0.0,0.0,False,False,False
206,0.47474747474747475,0.1313131313131313,0.25252525252525254,0.12121212121212122,0.0202020202020202,0.25,0.55,0.725,0.6,90.0,expected,250.0,0.0,0.0,0.0,0.0,0.7253075294352125,0.00051827237203925,34.12589218629375,0.0342574583680904,3.0,1.5275252316519465,False,False,False
207,0.0404,0.1919,0.0707,0.6465,0.0505,0.3,0.8,0.76,0.7,80.0,expected,150.0,0.0,0.0,0.0,0.0,0.7247237171446814,0.0003720908607481085,34.197998500391556,0.029252478730112306,0.0,0.0,False,False,False
208,0.03,0.2,0.08,0.38,0.31,0.5,0.55,0.7,0.7,90.0,expected,250.0,0.0,0.0,0.0,0.0,0.7250370757068286,0.00031752516021133723,34.197998500391556,0.029252478730112306,1.0,1.0,False,False,False
209,0.14851485148514854,0.26732673267326734,0.14851485148514854,0.32673267326732675,0.10891089108910892,0.55,0.65,0.68,0.6,70.0,expected,300.0,0.0,0.0,0.0,0.0,0.7249678131870494,0.00025655646177579795,34.197998500391556,0.029252478730112306,0.0,0.0,False,False,False
210,0.38,0.11,0.09,0.04,0.38,0.55,0.65,0.78,0.8,60.0,expected,100.0,0.0,0.0,0.0,0.0,0.7254047356489907,0.0005118197950160685,34.11281963494808,0.040196756451920154,0.0,0.0,False,False,False
211,0.04,0.04,0.51,0.09,0.32,0.4,0.65,0.78,0.8,80.0,optimistic,250.0,0.0,0.0,0.0,0.0,0.7258641527080514,0.0004607514899913531,34.11281963494808,0.040196756451920154,30.0,6.831300510639732,False,False,False
212,0.16,0.23,0.22,0.14,0.25,0.25,0.85,0.68,0.9,100.0,expected,150.0,0.0,0.0,0.0,0.0,0.7247237171446814,0.0003720908607481085,34.197998500391556,0.029252478730112306,0.0,0.0,False,False,False
213,0.12,0.61,0.06,0.2,0.01,0.3,0.6,0.78,0.9,90.0,optimistic,250.0,0.0004,0.0002666666666666667,0.0,0.0,0.7343941359541213,0.00043060857112888097,34.197998500391556,0.029252478730112306,6197.0,80.8572129676066,False,False,False
214,0.05,0.13,0.46,0.1,0.26,0.25,0.8,0.7,0.9,100.0,expected,250.0,0.0,0.0,0.0,0.0,0.7250631548397026,0.000316571564800955,34.197998500391556,0.029252478730112306,0.0,0.0,False,False,False
215,0.019801980198019802,0.0891089108910891,0.04950495049504951,0.37623762376237624,0.4653465346534653,0.4,0.55,0.74,0.8,90.0,optimistic,300.0,0.0,0.0,0.0,0.0,0.7247902161389409,0.00040107051917057877,34.197998500391556,0.029252478730112306,0.0,0.0,False,False,False
216,0.12999999999999998,0.09999999999999998,0.31999999999999995,0.33999999999999997,0.10999999999999997,0.45,0.6,0.725,0.7,80.0,optimistic,150.0,0.0,0.0,0.0,0.0,0.7268081268381884,0.00033524549406341444,34.197998500391556,0.029252478730112306,2551.0,20.893911925619758,False,False,False
217,0.1818181818181818,0.11111111111111112,0.3131313131313131,0.10101010101010102,0.29292929292929293,0.25,0.85,0.76,0.6,70.0,optimistic,100.0,0.0,0.0,0.0,0.0,0.7250404862853862,0.00029822240069754253,34.202980333964696,0.02789335769932939,0.0,0.0,False,False,False
218,0.5941000000000001,0.029700000000000004,0.19800000000000004,0.05940000000000001,0.11880000000000002,0.35,0.8,0.76,1.0,90.0,optimistic,150.0,0.21600000000000003,0.00756012933457858,0.0,0.0,0.7056466595169578,0.00108530897075236,130.3297091345452,0.30689264865495236,3749.0,22.333333333333332,False,False,False
219,0.28712871287128716,0.33663366336633666,0.11881188118811882,0.16831683168316833,0.0891089108910891,0.55,0.8,0.7,0.9,100.0,expected,150.0,0.0,0.0,0.0,0.0,0.7292164385374392,0.0004249116349490696,34.197998500391556,0.029252478730112306,1074.0,40.50240047755743,False,False,False
220,0.18,0.07,0.13,0.1,0.52,0.55,0.6,0.7,0.8,100.0,expected,300.0,0.0,0.0,0.0,0.0,0.726909324645489,0.0004952056597832151,33.99455354183969,0.034694471311157576,10.0,2.581988897471611,False,False,False
221,0.09900990099009901,0.33663366336633666,0.45544554455445546,0.029702970297029705,0.07920792079207921,0.3,0.7,0.78,0.7,100.0,optimistic,200.0,0.0,0.0,0.0,0.0,0.7395312024720102,0.00037036110835811614,34.197998500391556,0.029252478730112306,4753.0,22.854612955229264,False,False,False
222,0.41,0.23,0.0,0.16,0.2,0.4,0.8,0.78,0.5,70.0,optimistic,300.0,0.0,0.0,0.0,0.0,0.7249711069003519,0.00025692086394175933,34.197998500391556,0.029252478730112306,87.0,16.333333333333332,False,False,False
223,0.0606,0.0505,0.1515,0.5859,0.1515,0.55,0.85,0.78,0.6,80.0,optimistic,300.0,0.0,0.0,0.0,0.0,0.7280571584438331,0.00025850337765382736,34.197998500391556,0.029252478730112306,4418.0,23.180451534284945,False,False,False
224,0.11881188118811882,0.029702970297029705,0.21782178217821782,0.37623762376237624,0.25742574257425743,0.5,0.75,0.76,1.0,60.0,expected,200.0,0.21600000000000003,0.00756012933457858,0.0,0.0,0.7024639595479302,0.001031560152744388,130.3297091345452,0.30689264865495236,2268.0,69.16646586316233,False,False,False
225,0.31683168316831684,0.31683168316831684,0.09900990099009901,0.15841584158415842,0.10891089108910891,0.45,0.85,0.74,1.0,70.0,optimistic,100.0,0.1754,0.007005077523561828,0.0,0.0,0.7075502498788832,0.0010421871628358375,129.20891164120567,0.3124848800206804,1863.0,59.610774566721105,False,False,False
226,0.3564356435643564,0.10891089108910891,0.31683168316831684,0.12871287128712872,0.0891089108910891,0.4,0.65,0.74,1.0,70.0,optimistic,250.0,0.1754,0.007005077523561828,0.0,0.0,0.7078215386358334,0.001168403728921067,129.20891164120567,0.3124848800206804,1863.0,59.610774566721105,False,False,False
227,0.7,0.22,0.03,0.02,0.03,0.35,0.75,0.7,1.0,60.0,optimistic,100.0,0.1014,0.004980406052165269,0.0,0.0,0.7161452397782248,0.0007189491814390592,125.0583721547537,0.6787016507600255,1074.0,40.50240047755743,False,False,False
228,0.2277227722772277,0.3267326732673267,0.25742574257425743,0.1089108910891089,0.07920792079207921,0.3,0.8,0.68,0.8,70.0,expected,300.0,0.0,0.0,0.0,0.0,0.7249678131870494,0.00025655646177579795,34.197998500391556,0.029252478730112306,0.0,0.0,False,False,False
229,0.43564356435643564,0.2673267326732673,0.07920792079207921,0.06930693069306931,0.1485148514851485,0.55,0.8,0.78,1.0,90.0,optimistic,100.0,0.2472,0.008396824796711356,0.0,0.0,0.7023287144479993,0.001253381173678312,130.97350819499567,0.2428708718920876,6197.0,80.8572129676066,False,False,False
230,0.010100000000000001,0.040400000000000005,0.6566000000000001,0.14140000000000003,0.15150000000000002,0.4,0.85,0.74,0.5,90.0,expected,100.0,0.0,0.0,0.0,0.0,0.7250404862853862,0.00029822240069754253,34.202980333964696,0.02789335769932939,0.0,0.0,False,False,False
231,0.0101010101010101,0.42424242424242425,0.0202020202020202,0.22222222222222224,0.3232323232323232,0.3,0.75,0.7,0.8,100.0,expected,300.0,0.0,0.0,0.0,0.0,0.7249678131870494,0.00025655646177579795,34.197998500391556,0.029252478730112306,0.0,0.0,False,False,False
232,0.01,0.4,0.24,0.24,0.11,0.3,0.65,0.72,0.7,70.0,expected,100.0,0.0,0.0,0.0,0.0,0.7250404862853862,0.00029822240069754253,34.202980333964696,0.02789335769932939,0.0,0.0,False,False,False
233,0.3434343434343434,0.37373737373737376,0.10101010101010102,0.0,0.18181818181818182,0.3,0.75,0.7,0.9,60.0,optimistic,250.0,0.0,0.0,0.0,0.0,0.7252857794881511,0.0003787864533154943,34.197998500391556,0.029252478730112306,1.0,1.0,False,False,False
234,0.0202020202020202,0.3232323232323232,0.23232323232323232,0.21212121212121213,0.21212121212121213,0.5,0.7,0.78,0.7,80.0,optimistic,200.0,0.0,0.0,0.0,0.0,0.7281682895710545,0.0002434911065530818,34.197998500391556,0.029252478730112306,4418.0,23.180451534284945,False,False,False
235,0.06060606060606061,0.48484848484848486,0.0,0.3131313131313131,0.1414141414141414,0.4,0.6,0.7,1.0,60.0,expected,250.0,0.1014,0.004980406052165269,0.0,0.0,0.7157547740720289,0.0007492122840382925,125.0583721547537,0.6787016507600255,1074.0,40.50240047755743,False,False,False
236,0.09,0.22,0.19,0.18,0.32,0.5,0.65,0.725,0.9,60.0,expected,150.0,0.0004,0.0002666666666666667,0.0,0.0,0.7246609597329228,0.0004185008473772275,34.197998500391556,0.029252478730112306,3.0,1.5275252316519465,False,False,False
237,0.5556,0.101,0.0909,0.0303,0.2222,0.25,0.75,0.74,0.9,70.0,optimistic,300.0,0.0,0.0,0.0,0.0,0.7255265421525416,0.0004068583027592698,34.183705712594815,0.025979662106081054,0.0,0.0,False,False,False
238,0.15151515151515152,0.3434343434343434,0.030303030303030304,0.21212121212121213,0.2626262626262626,0.3,0.55,0.74,1.0,70.0,expected,100.0,0.046200000000000005,0.0032991581417756333,0.0,0.0,0.7209579893354741,0.000415233815557966,99.9180517896088,3.4479957368522824,518.0,40.326445692897636,False,False,False
239,0.17,0.2,0.5,0.12,0.01,0.25,0.6,0.725,0.6,60.0,expected,150.0,0.0,0.0,0.0,0.0,0.7253155635501201,0.00024085663381316058,34.197998500391556,0.029252478730112306,0.0,0.0,False,False,False
240,0.31,0.14,0.1,0.37,0.08,0.55,0.6,0.74,0.9,60.0,expected,250.0,0.0004,0.0002666666666666667,0.0,0.0,0.724975774219147,0.0003032422952925819,34.197998500391556,0.029252478730112306,3.0,1.5275252316519465,False,False,False
241,0.36,0.07,0.21,0.06,0.3,0.4,0.7,0.74,0.9,70.0,expected,100.0,0.0004,0.0002666666666666667,0.0,0.0,0.7254563645175579,0.000440904633525041,34.11780146852122,0.04040309937706346,3.0,1.5275252316519465,False,False,False
242,0.19,0.14,0.33,0.28,0.06,0.45,0.7,0.7,0.8,60.0,optimistic,250.0,0.0,0.0,0.0,0.0,0.7250219222466208,0.00031251154693373405,34.197998500391556,0.029252478730112306,1.0,1.0,False,False,False
243,0.04950495049504951,0.12871287128712872,0.1485148514851485,0.25742574257425743,0.4158415841584158,0.55,0.6,0.7,1.0,100.0,expected,200.0,0.1014,0.004980406052165269,0.0,0.0,0.7159605049173241,0.0006215100349334324,125.0583721547537,0.6787016507600255,1074.0,40.50240047755743,False,False,False
244,0.05,0.21,0.33,0.11,0.3,0.5,0.75,0.74,0.8,80.0,optimistic,150.0,0.0,0.0,0.0,0.0,0.7272371520787286,0.0003326761247373281,34.197998500391556,0.029252478730112306,3075.0,11.080513425729773,False,False,False
245,0.0101010101010101,0.43434343434343436,0.15151515151515152,0.2626262626262626,0.1414141414141414,0.35,0.85,0.76,1.0,60.0,expected,300.0,0.21600000000000003,0.00756012933457858,0.0,0.0,0.702352828420709,0.0010263529667765806,130.3297091345452,0.30689264865495236,2268.0,69.16646586316233,False,False,False
246,0.34,0.18,0.18,0.01,0.29,0.3,0.85,0.7,0.9,60.0,expected,100.0,0.0,0.0,0.0,0.0,0.7253742992944994,0.0003238804916888533,34.202980333964696,0.02789335769932939,0.0,0.0,False,False,False
247,0.05,0.26,0.49,0.05,0.15,0.5,0.85,0.68,1.0,60.0,optimistic,250.0,0.06380000000000001,0.0038464991298004414,0.0,0.0,0.7190686944893935,0.0006148200184880576,116.6596031677891,2.748174825973733,628.0,22.150996967781534,False,False,False
248,0.09,0.24,0.14,0.33,0.2,0.5,0.85,0.78,0.8,80.0,expected,100.0,0.0,0.0,0.0,0.0,0.7250404862853862,0.00029822240069754253,34.202980333964696,0.02789335769932939,0.0,0.0,False,False,False
249,0.16,0.01,0.34,0.07,0.42,0.45,0.55,0.72,0.5,60.0,expected,300.0,0.0,0.0,0.0,0.0,0.7262305979911435,0.0007063661360512229,34.041665507817676,0.033166238209165436,0.0,0.0,False,False,False
250,0.0909,0.0,0.2323,0.1111,0.5657,0.3,0.7,0.76,0.9,60.0,expected,200.0,0.0,0.0,0.0,0.0,0.7255831679850082,0.0006872361758520833,34.11281963494808,0.040196756451920154,0.0,0.0,False,False,False
251,0.19,0.5,0.05,0.26,0.0,0.5,0.75,0.72,0.9,80.0,expected,200.0,0.0002,0.00019999999999999998,0.0,0.0,0.7250616278776401,0.0002539868525994023,34.197998500391556,0.029252478730112306,2.0,1.3333333333333333,False,False,False
252,0.3,0.23,0.22,0.07,0.18,0.55,0.6,0.725,1.0,100.0,expected,100.0,0.14620000000000002,0.007748548251124205,0.0,0.0,0.7111896616558661,0.0011214996150304202,127.62309412973336,0.5021817928995358,1555.0,58.123431878488844,False,False,False
253,0.18,0.27,0.2,0.22,0.13,0.4,0.8,0.68,1.0,60.0,expected,300.0,0.06380000000000001,0.0038464991298004414,0.0,0.0,0.7190145854298221,0.000600370136184271,116.6596031677891,2.748174825973733,628.0,22.150996967781534,False,False,False
254,0.39,0.01,0.5,0.06,0.04,0.5,0.7,0.68,0.5,100.0,expected,200.0,0.0,0.0,0.0,0.0,0.7277530728350454,0.0003425900466631856,34.16758550003938,0.025889601192053375,628.0,22.150996967781534,False,False,False
255,0.21000000000000002,0.6100000000000001,0.030000000000000002,0.07000000000000002,0.08000000000000002,0.45,0.55,0.78,1.0,60.0,expected,100.0,0.2472,0.008396824796711356,0.0,0.0,0.698374442665432,0.0011667516258402455,130.97350819499567,0.2428708718920876,2643.0,78.14587498888075,False,False,False
256,0.18,0.03,0.07,0.64,0.08,0.55,0.8,0.68,0.8,80.0,expected,200.0,0.0,0.0,0.0,0.0,0.7250789443142706,0.00023912306644312278,34.197998500391556,0.029252478730112306,0.0,0.0,False,False,False
257,0.08,0.09,0.32,0.47,0.04,0.55,0.6,0.7,0.9,60.0,expected,250.0,0.0,0.0,0.0,0.0,0.7250332317060504,0.0003161921351801404,34.197998500391556,0.029252478730112306,1.0,1.0,False,False,False
258,0.75,0.01,0.01,0.05,0.18,0.3,0.6,0.725,0.8,60.0,optimistic,200.0,0.0,0.0,0.0,0.0,0.7249655014198041,0.00045714477914625607,34.11281963494808,0.040196756451920154,2.0,1.3333333333333333,False,False,False
259,0.24242424242424243,0.0,0.3636363636363636,0.3434343434343434,0.05050505050505051,0.5,0.65,0.74,0.6,70.0,expected,150.0,0.0,0.0,0.0,0.0,0.7247237171446814,0.0003720908607481085,34.197998500391556,0.029252478730112306,0.0,0.0,False,False,False
260,0.019801980198019806,0.3168316831683169,0.16831683168316833,0.46534653465346537,0.029702970297029705,0.5,0.75,0.68,0.8,90.0,expected,100.0,0.0,0.0,0.0,0.0,0.7250517957448158,0.00030194252233151027,34.202980333964696,0.02789335769932939,1.0,1.0,False,False,False
261,0.02,0.6,0.13,0.23,0.02,0.5,0.55,0.78,0.8,80.0,optimistic,250.0,0.0,0.0,0.0,0.0,0.7281151115041828,0.000351810892049759,34.197998500391556,0.029252478730112306,4418.0,23.180451534284945,False,False,False
262,0.019999999999999997,0.35999999999999993,0.4599999999999999,0.059999999999999984,0.09999999999999998,0.4,0.8,0.68,0.5,60.0,expected,250.0,0.0,0.0,0.0,0.0,0.7250219222466208,0.00031251154693373405,34.197998500391556,0.029252478730112306,0.0,0.0,False,False,False
263,0.22999999999999995,0.04999999999999999,0.32999999999999996,0.33999999999999997,0.04999999999999999,0.25,0.7,0.78,0.5,60.0,expected,250.0,0.0,0.0,0.0,0.0,0.7250219222466208,0.00031251154693373405,34.197998500391556,0.029252478730112306,0.0,0.0,False,False,False
264,0.01,0.18,0.5,0.26,0.05,0.5,0.55,0.72,0.9,80.0,optimistic,100.0,0.0002,0.00019999999999999998,0.0,0.0,0.7276585942346563,0.0003622493482955412,34.202980333964696,0.02789335769932939,2405.0,14.776106839534334,False,False,False
265,0.55,0.1,0.09,0.25,0.01,0.4,0.65,0.68,0.8,60.0,optimistic,250.0,0.0,0.0,0.0,0.0,0.7253028208009965,0.0005080419540127796,34.197998500391556,0.029252478730112306,1.0,1.0,False,False,False
266,0.0495049504950495,0.2673267326732673,0.36633663366336633,0.2475247524752475,0.0693069306930693,0.4,0.6,0.7,0.5,90.0,expected,300.0,0.0,0.0,0.0,0.0,0.7249852129377914,0.00025127678801576016,34.197998500391556,0.029252478730112306,1.0,1.0,False,False,False
267,0.0495,0.0099,0.5347,0.2376,0.1683,0.3,0.8,0.78,0.7,100.0,expected,250.0,0.0,0.0,0.0,0.0,0.7335568450838822,0.0006267528115027145,34.197998500391556,0.029252478730112306,2514.0,77.01659272881108,False,False,False
268,0.3939393939393939,0.0808080808080808,0.4040404040404041,0.06060606060606061,0.06060606060606061,0.5,0.75,0.725,0.7,60.0,expected,250.0,0.0,0.0,0.0,0.0,0.7253069714508107,0.0005082593523512554,34.197998500391556,0.029252478730112306,0.0,0.0,False,False,False
269,0.5051,0.2323,0.1717,0.0505,0.0404,0.25,0.7,0.68,0.8,60.0,optimistic,150.0,0.0,0.0,0.0,0.0,0.7253155635501201,0.00024085663381316058,34.197998500391556,0.029252478730112306,1.0,1.0,False,False,False
270,0.396039603960396,0.009900990099009901,0.019801980198019802,0.2871287128712871,0.2871287128712871,0.25,0.65,0.76,0.5,70.0,optimistic,150.0,0.0,0.0,0.0,0.0,0.7252865964012919,0.00025135347015287676,34.19723646234379,0.028887017706774636,0.0,0.0,False,False,False
271,0.24,0.23,0.29,0.17,0.07,0.35,0.75,0.7,0.5,100.0,optimistic,150.0,0.0,0.0,0.0,0.0,0.7339575927198072,0.0004299906823436259,34.197998500391556,0.029252478730112306,3705.0,51.16965246445722,False,False,False
272,0.27,0.44,0.12,0.14,0.03,0.5,0.6,0.7,0.7,90.0,expected,200.0,0.0,0.0,0.0,0.0,0.7253897656041881,0.00017876528890184323,34.197998500391556,0.029252478730112306,1.0,1.0,False,False,False
273,0.1584,0.0297,0.1089,0.0099,0.6931,0.45,0.75,0.72,0.5,80.0,expected,100.0,0.0,0.0,0.0,0.0,0.7254617327916891,0.0005664030288742307,33.2374565461642,0.0938444967143411,0.0,0.0,False,False,False
274,0.7576,0.0404,0.0202,0.1515,0.0303,0.25,0.8,0.725,0.8,90.0,expected,100.0,0.0,0.0,0.0,0.0,0.7254229656377633,0.0003630829827572593,34.202980333964696,0.02789335769932939,3.0,1.5275252316519465,False,False,False
275,0.05,0.85,0.01,0.03,0.06,0.5,0.55,0.78,0.8,70.0,expected,100.0,0.0,0.0,0.0,0.0,0.725071092117234,0.00029330302905821603,34.202980333964696,0.02789335769932939,0.0,0.0,False,False,False
276,0.01,0.3,0.17,0.32,0.2,0.5,0.85,0.76,1.0,60.0,optimistic,250.0,0.21600000000000003,0.00756012933457858,0.0,0.0,0.7024069374802803,0.0010177694148275835,130.3297091345452,0.30689264865495236,2268.0,69.16646586316233,False,False,False
277,0.1818181818181818,0.0808080808080808,0.2626262626262626,0.1313131313131313,0.3434343434343434,0.5,0.85,0.76,0.9,90.0,expected,200.0,0.0004,0.0002666666666666667,0.0,0.0,0.7250327962867968,0.00025380671267347045,34.197998500391556,0.029252478730112306,3.0,1.5275252316519465,False,False,False
278,0.051,0.2245,0.2959,0.398,0.0306,0.5,0.7,0.76,1.0,90.0,optimistic,200.0,0.21600000000000003,0.00756012933457858,0.0,0.0,0.7059494538657253,0.0010792448084015539,130.3297091345452,0.30689264865495236,5248.0,63.522524439061065,False,False,False
279,0.32,0.1,0.08,0.34,0.16,0.4,0.65,0.76,0.9,90.0,expected,150.0,0.0004,0.0002666666666666667,0.0,0.0,0.7246775691172078,0.0003606278832349442,34.197998500391556,0.029252478730112306,3.0,1.5275252316519465,False,False,False
280,0.16,0.56,0.13,0.1,0.05,0.3,0.8,0.68,0.9,80.0,expected,200.0,0.0,0.0,0.0,0.0,0.7250902537737002,0.00024679060494687643,34.197998500391556,0.029252478730112306,1.0,1.0,False,False,False
281,0.33,0.11,0.3,0.24,0.02,0.25,0.8,0.78,0.5,70.0,optimistic,300.0,0.0,0.0,0.0,0.0,0.7249711069003519,0.00025692086394175933,34.197998500391556,0.029252478730112306,87.0,16.333333333333332,False,False,False
282,0.16000000000000003,0.47000000000000003,0.11000000000000001,0.18000000000000002,0.08000000000000002,0.3,0.85,0.78,1.0,100.0,expected,100.0,0.2472,0.008396824796711356,0.0,0.0,0.6984087600774834,0.0012005694210302684,130.97350819499567,0.2428708718920876,2643.0,78.14587498888075,False,False,False
283,0.16,0.44,0.04,0.21,0.15,0.25,0.75,0.76,0.6,90.0,expected,150.0,0.0,0.0,0.0,0.0,0.724735026604111,0.0003722504430641787,34.197998500391556,0.029252478730112306,3.0,1.5275252316519465,False,False,False
284,0.04950000000000001,0.0,0.13860000000000003,0.5446000000000001,0.26730000000000004,0.5,0.55,0.68,0.7,100.0,expected,150.0,0.0,0.0,0.0,0.0,0.7273193545909209,0.00039880219066383647,34.197998500391556,0.029252478730112306,628.0,22.150996967781534,False,False,False
285,0.05940594059405941,0.24752475247524755,0.23762376237623764,0.40594059405940597,0.049504950495049514,0.3,0.6,0.74,0.6,80.0,optimistic,100.0,0.0,0.0,0.0,0.0,0.7274426363663382,0.0002935934973454542,34.202980333964696,0.02789335769932939,3077.0,11.742609969205692,False,False,False
286,0.1327,0.1122,0.1224,0.2245,0.4082,0.3,0.75,0.76,0.6,80.0,expected,100.0,0.0,0.0,0.0,0.0,0.7250404862853862,0.00029822240069754253,34.202980333964696,0.02789335769932939,0.0,0.0,False,False,False
287,0.2772277227722772,0.0297029702970297,0.15841584158415842,0.36633663366336633,0.1683168316831683,0.35,0.7,0.7,0.6,80.0,optimistic,150.0,0.0,0.0,0.0,0.0,0.7262980799972577,0.00031270060538733993,34.197998500391556,0.029252478730112306,1744.0,24.81934729198171,False,False,False
288,0.6199999999999999,0.04999999999999999,0.14999999999999997,0.06999999999999999,0.10999999999999997,0.5,0.85,0.725,1.0,70.0,expected,100.0,0.14620000000000002,0.007748548251124205,0.0,0.0,0.7112804992360104,0.001137495199094946,127.62309412973336,0.5021817928995358,1555.0,58.123431878488844,False,False,False
289,0.05050505050505051,0.4040404040404041,0.2626262626262626,0.24242424242424243,0.0404040404040404,0.25,0.8,0.78,0.7,70.0,expected,300.0,0.0,0.0,0.0,0.0,0.7249678131870494,0.00025655646177579795,34.197998500391556,0.029252478730112306,0.0,0.0,False,False,False
290,0.24000000000000002,0.21000000000000002,0.11000000000000001,0.08000000000000002,0.36000000000000004,0.55,0.6,0.725,1.0,80.0,expected,200.0,0.14620000000000002,0.007748548251124205,0.0,0.0,0.7108919896995053,0.0008549671575845655,127.62309412973336,0.5021817928995358,1555.0,58.123431878488844,False,False,False
291,0.54,0.24,0.05,0.15,0.02,0.55,0.85,0.7,0.6,70.0,expected,300.0,0.0,0.0,0.0,0.0,0.7249678131870494,0.00025655646177579795,34.197998500391556,0.029252478730112306,0.0,0.0,False,False,False
292,0.55,0.17,0.06,0.19,0.03,0.45,0.6,0.7,0.9,80.0,expected,300.0,0.0,0.0,0.0,0.0,0.7255823853090715,0.00038370843600242044,34.197998500391556,0.029252478730112306,1.0,1.0,False,False,False
293,0.01,0.6,0.07,0.3,0.02,0.4,0.65,0.74,1.0,90.0,expected,100.0,0.1754,0.007005077523561828,0.0,0.0,0.7075502498788832,0.0010421871628358375,129.20891164120567,0.3124848800206804,1863.0,59.610774566721105,False,False,False
294,0.28,0.02,0.19,0.28,0.23,0.55,0.75,0.78,1.0,80.0,optimistic,200.0,0.2472,0.008396824796711356,0.0,0.0,0.6992076568871289,0.0011891181564861533,130.97350819499567,0.2428708718920876,4418.0,23.180451534284945,False,False,False
295,0.61,0.01,0.06,0.07,0.25,0.4,0.75,0.76,0.8,70.0,optimistic,250.0,0.0,0.0,0.0,0.0,0.7250000359577475,0.0004889212749333994,34.13560094690291,0.030333947112764867,74.0,15.506271132817341,False,False,False
296,0.33999999999999997,0.21999999999999995,0.16999999999999998,0.04999999999999999,0.21999999999999995,0.3,0.75,0.78,0.5,100.0,optimistic,250.0,0.0,0.0,0.0,0.0,0.7258040198108197,0.0003468287486220797,34.197998500391556,0.029252478730112306,4.0,1.6329931618554518,False,False,False
297,0.2255,0.1863,0.0196,0.2353,0.3333,0.25,0.6,0.78,0.8,90.0,expected,300.0,0.0,0.0,0.0,0.0,0.7256830808991955,0.00034020723099408376,34.197998500391556,0.029252478730112306,0.0,0.0,False,False,False
298,0.15151515151515152,0.22222222222222224,0.43434343434343436,0.12121212121212122,0.0707070707070707,0.4,0.8,0.725,1.0,70.0,expected,100.0,0.14620000000000002,0.007748548251124205,0.0,0.0,0.710907950833028,0.001113924253634381,127.62309412973336,0.5021817928995358,1555.0,58.123431878488844,False,False,False
299,0.53,0.06,0.25,0.15,0.01,0.3,0.85,0.72,0.8,100.0,optimistic,300.0,0.0,0.0,0.0,0.0,0.7356887105248726,0.00033772279627431796,34.197998500391556,0.029252478730112306,3236.0,45.097425400767364,False,False,False
300,0.1717,0.0505,0.6566,0.1212,0.0,0.55,0.75,0.76,0.7,80.0,optimistic,150.0,0.0,0.0,0.0,0.0,0.7282709323724922,0.0003248875400259722,34.197998500391556,0.029252478730112306,3767.0,22.11334438749598,False,False,False
301,0.07,0.12,0.37,0.09,0.35,0.3,0.85,0.7,0.7,100.0,optimistic,300.0,0.0,0.0,0.0,0.0,0.7249678131870494,0.00025655646177579795,34.197998500391556,0.029252478730112306,0.0,0.0,False,False,False
302,0.18811881188118815,0.4356435643564357,0.09900990099009904,0.18811881188118815,0.08910891089108913,0.4,0.8,0.725,0.8,70.0,expected,100.0,0.0,0.0,0.0,0.0,0.7250404862853862,0.00029822240069754253,34.202980333964696,0.02789335769932939,0.0,0.0,False,False,False
303,0.03,0.0,0.13,0.09,0.75,0.5,0.85,0.725,0.5,90.0,expected,150.0,0.0,0.0,0.0,0.0,0.7254296927229165,0.00034251637519850205,34.11281963494808,0.040196756451920154,0.0,0.0,False,False,False
304,0.029702970297029705,0.1782178217821782,0.36633663366336633,0.07920792079207921,0.3465346534653465,0.45,0.75,0.74,0.9,80.0,optimistic,250.0,0.0,0.0,0.0,0.0,0.7275158694486678,0.00032499264629981246,34.197998500391556,0.029252478730112306,2991.0,21.419098435223123,False,False,False
305,0.25,0.03,0.39,0.04,0.29,0.35,0.85,0.725,0.6,100.0,optimistic,200.0,0.0,0.0,0.0,0.0,0.7252276530919158,0.0002936103125591727,34.197998500391556,0.029252478730112306,0.0,0.0,False,False,False
306,0.101,0.1818,0.0202,0.0202,0.6768,0.5,0.75,0.72,0.6,100.0,expected,300.0,0.0,0.0,0.0,0.0,0.7263702664793679,0.0005276882888802754,34.041665507817676,0.033166238209165436,0.0,0.0,False,False,False
307,0.47000000000000003,0.44000000000000006,0.010000000000000002,0.0,0.08000000000000002,0.35,0.8,0.78,0.9,80.0,expected,300.0,0.0004,0.0002666666666666667,0.0,0.0,0.7249176410547529,0.00023820184308219976,34.197998500391556,0.029252478730112306,3.0,1.5275252316519465,False,False,False
308,0.22222222222222224,0.41414141414141414,0.0909090909090909,0.10101010101010102,0.1717171717171717,0.45,0.85,0.72,0.7,60.0,expected,300.0,0.0,0.0,0.0,0.0,0.7249678131870494,0.00025655646177579795,34.197998500391556,0.029252478730112306,0.0,0.0,False,False,False
309,0.3838383838383838,0.12121212121212122,0.1616161616161616,0.0202020202020202,0.3131313131313131,0.45,0.7,0.725,1.0,70.0,optimistic,150.0,0.14620000000000002,0.007748548251124205,0.0,0.0,0.7109628615918597,0.0009816936036772617,127.62309412973336,0.5021817928995358,1550.0,57.135316962842204,False,False,False
310,0.26,0.04,0.52,0.05,0.13,0.45,0.6,0.72,0.6,70.0,optimistic,250.0,0.0,0.0,0.0,0.0,0.7255908986899858,0.00046462001879953187,34.11281963494808,0.040196756451920154,49.0,11.298967504452195,False,False,False
311,0.0594,0.6337,0.0792,0.0297,0.198,0.55,0.7,0.725,0.9,90.0,expected,300.0,0.0004,0.0002666666666666667,0.0,0.0,0.7249234693385056,0.0002364525476625837,34.197998500391556,0.029252478730112306,3.0,1.5275252316519465,False,False,False
312,0.42,0.07,0.1,0.05,0.36,0.55,0.8,0.7,0.6,60.0,optimistic,150.0,0.0,0.0,0.0,0.0,0.7252682981027608,0.0002489765602970499,34.196611122420585,0.028598796744258977,1.0,1.0,False,False,False
313,0.37,0.19,0.23,0.08,0.13,0.45,0.85,0.74,0.8,60.0,expected,150.0,0.0,0.0,0.0,0.0,0.7247237171446814,0.0003720908607481085,34.197998500391556,0.029252478730112306,0.0,0.0,False,False,False
314,0.24,0.4,0.04,0.24,0.08,0.4,0.65,0.76,0.6,80.0,optimistic,250.0,0.0,0.0,0.0,0.0,0.7277418828867871,0.00034362643899586704,34.197998500391556,0.029252478730112306,3767.0,22.11334438749598,False,False,False
315,0.41,0.03,0.47,0.04,0.05,0.3,0.65,0.76,1.0,70.0,expected,100.0,0.21600000000000003,0.00756012933457858,0.0,0.0,0.7026970899858884,0.0011225141803533028,130.3297091345452,0.30689264865495236,2247.0,69.65071587731329,False,False,False
316,0.10101010101010102,0.21212121212121213,0.1616161616161616,0.06060606060606061,0.46464646464646464,0.35,0.65,0.72,0.5,70.0,expected,200.0,0.0,0.0,0.0,0.0,0.7254319611477942,0.00048209412040706525,34.11281963494808,0.040196756451920154,0.0,0.0,False,False,False
317,0.0495,0.0792,0.5545,0.0198,0.297,0.25,0.75,0.72,0.6,100.0,optimistic,300.0,0.0,0.0,0.0,0.0,0.7255648560477914,0.0003789792512874849,34.19592502706647,0.02955310259238055,0.0,0.0,False,False,False
318,0.24242424242424243,0.10101010101010102,0.25252525252525254,0.3333333333333333,0.0707070707070707,0.45,0.8,0.78,0.7,80.0,optimistic,150.0,0.0,0.0,0.0,0.0,0.7278130624014653,0.00035619216484302846,34.197998500391556,0.029252478730112306,4418.0,23.180451534284945,False,False,False
319,0.3939393939393939,0.06060606060606061,0.0909090909090909,0.3434343434343434,0.11111111111111112,0.4,0.55,0.68,1.0,90.0,expected,250.0,0.06380000000000001,0.0038464991298004414,0.0,0.0,0.7193654881979324,0.0007184859473238792,116.6596031677891,2.748174825973733,628.0,22.150996967781534,False,False,False
320,0.15,0.14,0.26,0.23,0.22,0.45,0.55,0.725,0.5,100.0,optimistic,250.0,0.0,0.0,0.0,0.0,0.7381171019445661,0.0005875641693418959,34.197998500391556,0.029252478730112306,5520.0,57.638721552635275,False,False,False
321,0.06060606060606061,0.3939393939393939,0.1313131313131313,0.3737373737373737,0.0404040404040404,0.35,0.8,0.68,0.7,80.0,optimistic,150.0,0.0,0.0,0.0,0.0,0.7257550556774859,0.0003475077187586894,34.197998500391556,0.029252478730112306,1018.0,20.154955277107963,False,False,False
322,0.22,0.14,0.19,0.04,0.41,0.25,0.75,0.7,0.8,60.0,optimistic,200.0,0.0,0.0,0.0,0.0,0.7252443704181234,0.0002962846097150769,34.197998500391556,0.029252478730112306,0.0,0.0,False,False,False
323,0.5,0.21,0.11,0.18,0.0,0.25,0.55,0.76,0.7,70.0,optimistic,300.0,0.0,0.0,0.0,0.0,0.7255768544472663,0.0003793867023154957,34.197998500391556,0.029252478730112306,74.0,15.506271132817341,False,False,False
324,0.0909090909090909,0.3434343434343434,0.2626262626262626,0.0808080808080808,0.22222222222222224,0.25,0.6,0.68,0.8,90.0,optimistic,150.0,0.0,0.0,0.0,0.0,0.7252184025157631,0.0003184338554552442,34.197998500391556,0.029252478730112306,0.0,0.0,False,False,False
325,0.22222222222222224,0.030303030303030304,0.4444444444444445,0.21212121212121213,0.0909090909090909,0.35,0.8,0.76,0.5,100.0,expected,250.0,0.0,0.0,0.0,0.0,0.7330830604896243,0.0006100378148615616,34.197998500391556,0.029252478730112306,2265.0,68.83555282943061,False,False,False
326,0.48,0.07,0.19,0.07,0.19,0.35,0.55,0.7,1.0,100.0,optimistic,250.0,0.0894,0.0048812566687961275,0.0,0.0,0.7168344814229922,0.0006211916442246303,123.60964314542619,1.001111998440827,950.0,39.91657967979388,False,False,False
327,0.25,0.13,0.16,0.42,0.04,0.35,0.65,0.72,1.0,100.0,optimistic,250.0,0.13740000000000002,0.006620171196175115,0.0,0.0,0.7182482463666454,0.001010525749914823,127.21113320188435,0.47351678001537506,5153.0,63.54438518774801,False,False,False
328,0.1485148514851485,0.2079207920792079,0.24752475247524752,0.37623762376237624,0.019801980198019802,0.25,0.65,0.74,0.7,80.0,optimistic,300.0,0.0,0.0,0.0,0.0,0.7273699632680014,0.0002628758353167883,34.197998500391556,0.029252478730112306,3077.0,11.742609969205692,False,False,False
329,0.09900990099009901,0.43564356435643564,0.25742574257425743,0.10891089108910891,0.09900990099009901,0.55,0.75,0.72,0.5,80.0,optimistic,300.0,0.0,0.0,0.0,0.0,0.7269931596408352,0.00026812955898044877,34.197998500391556,0.029252478730112306,2405.0,14.776106839534334,False,False,False
330,0.029702970297029705,0.04950495049504951,0.44554455445544555,0.22772277227722773,0.24752475247524752,0.55,0.65,0.725,0.8,70.0,optimistic,300.0,0.0,0.0,0.0,0.0,0.7255593692144652,0.00037961102563824475,34.197998500391556,0.029252478730112306,53.0,12.297244497131143,False,False,False
331,0.1919191919191919,0.0808080808080808,0.3737373737373737,0.2626262626262626,0.0909090909090909,0.3,0.85,0.68,0.6,70.0,optimistic,200.0,0.0,0.0,0.0,0.0,0.7250789443142706,0.00023912306644312278,34.197998500391556,0.029252478730112306,17.0,3.9581140290126386,False,False,False
332,0.11881188118811882,0.13861386138613863,0.4851485148514852,0.03960396039603961,0.21782178217821785,0.45,0.6,0.68,0.6,70.0,expected,150.0,0.0,0.0,0.0,0.0,0.725432355029856,0.0003428889719386824,34.11281963494808,0.040196756451920154,0.0,0.0,False,False,False
333,0.0,0.67,0.02,0.12,0.19,0.55,0.6,0.7,1.0,80.0,optimistic,250.0,0.1014,0.004980406052165269,0.0,0.0,0.7161698948173526,0.000749754242564061,125.0583721547537,0.6787016507600255,1744.0,24.81934729198171,False,False,False
334,0.0495,0.0495,0.0792,0.505,0.3168,0.35,0.7,0.76,0.8,80.0,expected,200.0,0.0,0.0,0.0,0.0,0.7250789443142706,0.00023912306644312278,34.197998500391556,0.029252478730112306,0.0,0.0,False,False,False
335,0.0909,0.7879,0.0909,0.0303,0.0,0.25,0.65,0.725,0.5,80.0,expected,150.0,0.0,0.0,0.0,0.0,0.7247156582058364,0.0003721868536491827,34.197998500391556,0.029252478730112306,0.0,0.0,False,False,False
336,0.02,0.19,0.68,0.03,0.08,0.25,0.6,0.78,0.7,100.0,expected,200.0,0.0,0.0,0.0,0.0,0.7340644333195733,0.000417292045895934,34.17771460240874,0.035892518583158145,2608.0,76.09643005205083,False,False,False
337,0.11,0.2,0.42,0.06,0.21,0.45,0.7,0.725,0.9,80.0,expected,150.0,0.0004,0.0002666666666666667,0.0,0.0,0.7252694155226463,0.00023132837010077803,34.197998500391556,0.029252478730112306,3.0,1.5275252316519465,False,False,False
338,0.1,0.48,0.04,0.34,0.04,0.5,0.6,0.74,0.6,60.0,optimistic,100.0,0.0,0.0,0.0,0.0,0.7250404862853862,0.00029822240069754253,34.202980333964696,0.02789335769932939,2.0,1.3333333333333333,False,False,False
339,0.02,0.33,0.07,0.17,0.41,0.55,0.7,0.76,0.5,70.0,expected,100.0,0.0,0.0,0.0,0.0,0.7250598084628931,0.0003048047926953415,34.202980333964696,0.02789335769932939,0.0,0.0,False,False,False
340,0.010000000000000002,0.31000000000000005,0.5700000000000001,0.020000000000000004,0.09000000000000001,0.45,0.75,0.78,0.7,70.0,expected,150.0,0.0,0.0,0.0,0.0,0.7248781213768907,0.0004036389723510572,34.197998500391556,0.029252478730112306,0.0,0.0,False,False,False
341,0.1,0.33,0.13,0.04,0.4,0.55,0.7,0.7,0.6,60.0,expected,150.0,0.0,0.0,0.0,0.0,0.7249169352506946,0.00036933739297622986,34.197998500391556,0.029252478730112306,0.0,0.0,False,False,False
342,0.11879999999999998,0.5247999999999999,0.019799999999999998,0.19799999999999995,0.13859999999999997,0.45,0.65,0.78,1.0,80.0,optimistic,200.0,0.2472,0.008396824796711356,0.0,0.0,0.6992076568871289,0.0011891181564861533,130.97350819499567,0.2428708718920876,4418.0,23.180451534284945,False,False,False
343,0.1616161616161616,0.35353535353535354,0.25252525252525254,0.1818181818181818,0.05050505050505051,0.25,0.8,0.76,0.7,60.0,expected,200.0,0.0,0.0,0.0,0.0,0.7250789443142706,0.00023912306644312278,34.197998500391556,0.029252478730112306,0.0,0.0,False,False,False
344,0.31683168316831684,0.04950495049504951,0.04950495049504951,0.4158415841584158,0.16831683168316833,0.5,0.85,0.725,0.8,60.0,expected,150.0,0.0,0.0,0.0,0.0,0.7247237171446814,0.0003720908607481085,34.197998500391556,0.029252478730112306,0.0,0.0,False,False,False
345,0.26999999999999996,0.32999999999999996,0.029999999999999992,0.04999999999999999,0.31999999999999995,0.3,0.75,0.725,0.9,80.0,optimistic,150.0,0.0,0.0,0.0,0.0,0.7248482083069756,0.0004223806599095045,34.197998500391556,0.029252478730112306,0.0,0.0,False,False,False
346,0.41,0.3,0.06,0.01,0.22,0.4,0.65,0.725,0.7,60.0,expected,250.0,0.0,0.0,0.0,0.0,0.7253178677889067,0.0005130601046447464,34.197998500391556,0.029252478730112306,0.0,0.0,False,False,False
347,0.24,0.09,0.54,0.0,0.13,0.55,0.8,0.725,0.5,70.0,optimistic,100.0,0.0,0.0,0.0,0.0,0.7254150145039316,0.00036077936374019165,34.202980333964696,0.02789335769932939,53.0,12.297244497131143,False,False,False
348,0.1616161616161616,0.0404040404040404,0.11111111111111112,0.30303030303030304,0.3838383838383838,0.35,0.8,0.78,0.9,100.0,expected,200.0,0.0,0.0,0.0,0.0,0.7250789443142706,0.00023912306644312278,34.197998500391556,0.029252478730112306,0.0,0.0,False,False,False
349,0.18,0.43,0.27,0.08,0.04,0.55,0.7,0.7,1.0,80.0,optimistic,300.0,0.1014,0.004980406052165269,0.0,0.0,0.7161045863810638,0.000675193536825839,125.0583721547537,0.6787016507600255,1744.0,24.81934729198171,False,False,False
350,0.08000000000000002,0.020000000000000004,0.48000000000000004,0.3400000000000001,0.08000000000000002,0.4,0.65,0.68,0.7,60.0,optimistic,150.0,0.0,0.0,0.0,0.0,0.7247237171446814,0.0003720908607481085,34.197998500391556,0.029252478730112306,1.0,1.0,False,False,False
351,0.22,0.04,0.26,0.19,0.29,0.25,0.6,0.72,0.8,90.0,optimistic,100.0,0.0,0.0,0.0,0.0,0.7251575232054187,0.0005060500894838555,34.11780146852122,0.04040309937706346,0.0,0.0,False,False,False
352,0.2,0.04,0.62,0.01,0.13,0.3,0.85,0.72,0.7,70.0,optimistic,200.0,0.0,0.0,0.0,0.0,0.7252276530919158,0.0002936103125591727,34.197998500391556,0.029252478730112306,38.0,8.273115763993903,False,False,False
353,0.2727272727272727,0.12121212121212122,0.3232323232323232,0.0404040404040404,0.24242424242424243,0.35,0.85,0.72,0.7,60.0,optimistic,100.0,0.0,0.0,0.0,0.0,0.7253653477792874,0.0003166270096191968,34.202980333964696,0.02789335769932939,0.0,0.0,False,False,False
354,0.0909090909090909,0.3232323232323232,0.1414141414141414,0.0808080808080808,0.3636363636363636,0.45,0.75,0.725,0.5,60.0,expected,200.0,0.0,0.0,0.0,0.0,0.7251488477428848,0.00023304589374574644,34.197998500391556,0.029252478730112306,0.0,0.0,False,False,False
355,0.1287,0.0198,0.6634,0.1485,0.0396,0.55,0.65,0.68,0.5,90.0,expected,150.0,0.0,0.0,0.0,0.0,0.7253242646507349,0.00024154920402732553,34.197998500391556,0.029252478730112306,1.0,1.0,False,False,False
356,0.20202020202020204,0.20202020202020204,0.2727272727272727,0.21212121212121213,0.11111111111111112,0.35,0.65,0.72,0.9,80.0,expected,150.0,0.0002,0.00019999999999999998,0.0,0.0,0.7248759486800858,0.0003827521287642208,34.197998500391556,0.029252478730112306,2.0,1.3333333333333333,False,False,False
357,0.0,0.27,0.43,0.13,0.17,0.25,0.7,0.725,0.8,100.0,optimistic,200.0,0.0,0.0,0.0,0.0,0.72718962955606,0.0002868866484767112,34.197998500391556,0.029252478730112306,493.0,34.158129014595886,False,False,False
358,0.07,0.0,0.37,0.46,0.1,0.55,0.75,0.7,0.6,80.0,expected,150.0,0.0,0.0,0.0,0.0,0.7247237171446814,0.0003720908607481085,34.197998500391556,0.029252478730112306,0.0,0.0,False,False,False
359,0.1616161616161616,0.494949494949495,0.030303030303030304,0.20202020202020204,0.11111111111111112,0.3,0.8,0.78,0.5,60.0,expected,200.0,0.0,0.0,0.0,0.0,0.7250789443142706,0.00023912306644312278,34.197998500391556,0.029252478730112306,0.0,0.0,False,False,False
360,0.12,0.34,0.05,0.18,0.31,0.35,0.55,0.68,1.0,70.0,optimistic,100.0,0.0436,0.0033572475498704455,0.0,0.0,0.7212956926445668,0.0004217204137281694,98.66031264357191,4.161510808460496,432.0,19.765289440498123,False,False,False
361,0.0101010101010101,0.4444444444444445,0.3838383838383838,0.06060606060606061,0.10101010101010102,0.5,0.7,0.725,1.0,90.0,optimistic,150.0,0.14620000000000002,0.007748548251124205,0.0,0.0,0.7132858341954852,0.00121106139473773,127.62309412973336,0.5021817928995358,3547.0,50.7510262622015,False,False,False
362,0.0099,0.099,0.0594,0.2574,0.5743,0.25,0.75,0.68,0.5,90.0,expected,200.0,0.0,0.0,0.0,0.0,0.7250789443142706,0.00023912306644312278,34.197998500391556,0.029252478730112306,0.0,0.0,False,False,False
363,0.22,0.54,0.05,0.07,0.12,0.25,0.85,0.725,0.8,100.0,expected,150.0,0.0,0.0,0.0,0.0,0.7308787248862474,0.00047720914590621835,34.197998500391556,0.029252478730112306,1555.0,58.123431878488844,False,False,False
364,0.04950495049504951,0.49504950495049505,0.039603960396039604,0.18811881188118812,0.22772277227722773,0.55,0.7,0.74,1.0,80.0,optimistic,100.0,0.1754,0.007005077523561828,0.0,0.0,0.7081509022889839,0.0010460191197371003,129.20891164120567,0.3124848800206804,3077.0,11.742609969205692,False,False,False
365,0.01,0.11,0.4,0.38,0.1,0.4,0.55,0.68,0.7,90.0,expected,250.0,0.0,0.0,0.0,0.0,0.7250370757068286,0.00031752516021133723,34.197998500391556,0.029252478730112306,1.0,1.0,False,False,False
366,0.27722772277227725,0.029702970297029705,0.22772277227722776,0.029702970297029705,0.4356435643564357,0.5,0.8,0.725,0.9,80.0,optimistic,100.0,0.0002,0.00019999999999999998,0.0,0.0,0.7253252421697562,0.00038696662120864484,34.136173978947326,0.03298418613503621,5.0,1.6666666666666665,False,False,False
367,0.3,0.05,0.14,0.08,0.43,0.45,0.55,0.74,0.7,60.0,optimistic,250.0,0.0,0.0,0.0,0.0,0.7250916800098539,0.0006575570586921668,34.022661521980254,0.03417091052447749,1.0,1.0,False,False,False
368,0.07,0.26,0.47,0.08,0.12,0.5,0.65,0.78,0.8,70.0,expected,250.0,0.0,0.0,0.0,0.0,0.7256971038424894,0.000313635335879285,34.197998500391556,0.029252478730112306,0.0,0.0,False,False,False
369,0.07920792079207921,0.12871287128712872,0.12871287128712872,0.4158415841584158,0.24752475247524752,0.55,0.75,0.725,0.6,80.0,expected,150.0,0.0,0.0,0.0,0.0,0.7247237171446814,0.0003720908607481085,34.197998500391556,0.029252478730112306,0.0,0.0,False,False,False
370,0.17,0.16,0.05,0.03,0.59,0.35,0.65,0.7,0.7,70.0,optimistic,250.0,0.0,0.0,0.0,0.0,0.7250817650739318,0.0006330645624421269,33.97156171551829,0.04056490773062217,0.0,0.0,False,False,False
371,0.28712871287128716,0.24752475247524752,0.2079207920792079,0.019801980198019802,0.23762376237623764,0.35,0.85,0.68,0.9,90.0,optimistic,300.0,0.0,0.0,0.0,0.0,0.726103815682877,0.00025145599185962897,34.197998500391556,0.029252478730112306,418.0,22.0,False,False,False
372,0.02,0.13,0.73,0.05,0.07,0.45,0.65,0.78,0.5,70.0,expected,250.0,0.0,0.0,0.0,0.0,0.7253069714508107,0.0005082593523512554,34.197998500391556,0.029252478730112306,0.0,0.0,False,False,False
373,0.019801980198019802,0.0,0.48514851485148514,0.1485148514851485,0.3465346534653465,0.5,0.55,0.76,0.5,70.0,expected,250.0,0.0,0.0,0.0,0.0,0.7255618600665156,0.0007309571299739895,34.11281963494808,0.040196756451920154,0.0,0.0,False,False,False
374,0.17,0.04,0.06,0.17,0.56,0.35,0.85,0.7,0.7,60.0,optimistic,250.0,0.0,0.0,0.0,0.0,0.7250219222466208,0.00031251154693373405,34.197998500391556,0.029252478730112306,0.0,0.0,False,False,False
375,0.04,0.24,0.03,0.41,0.28,0.4,0.85,0.68,0.8,60.0,expected,300.0,0.0,0.0,0.0,0.0,0.7249678131870494,0.00025655646177579795,34.197998500391556,0.029252478730112306,0.0,0.0,False,False,False
376,0.14,0.22,0.47,0.13,0.04,0.55,0.6,0.68,0.9,70.0,expected,150.0,0.0,0.0,0.0,0.0,0.7253268730095497,0.00024019721775457277,34.197998500391556,0.029252478730112306,1.0,1.0,False,False,False
377,0.18,0.11,0.46,0.03,0.22,0.55,0.65,0.68,0.7,70.0,optimistic,150.0,0.0,0.0,0.0,0.0,0.7251865395150636,0.00042157446015215935,34.11281963494808,0.040196756451920154,17.0,3.9581140290126386,False,False,False
378,0.12871287128712872,0.039603960396039604,0.33663366336633666,0.32673267326732675,0.16831683168316833,0.35,0.8,0.68,0.8,80.0,expected,100.0,0.0,0.0,0.0,0.0,0.7250404862853862,0.00029822240069754253,34.202980333964696,0.02789335769932939,0.0,0.0,False,False,False
379,0.08,0.15,0.59,0.05,0.13,0.3,0.6,0.74,0.8,90.0,expected,150.0,0.0,0.0,0.0,0.0,0.725404530889587,0.00029671964584653335,34.11281963494808,0.040196756451920154,0.0,0.0,False,False,False
380,0.28,0.3,0.21,0.21,0.0,0.4,0.75,0.74,0.7,100.0,optimistic,250.0,0.0,0.0,0.0,0.0,0.7398193543217799,0.00037991800553158564,34.197998500391556,0.029252478730112306,6668.0,68.04900195202472,False,False,False
381,0.1212,0.1313,0.202,0.0,0.5455,0.55,0.75,0.725,0.8,60.0,optimistic,150.0,0.0,0.0,0.0,0.0,0.7254184222627303,0.00036677750362634564,34.11281963494808,0.040196756451920154,0.0,0.0,False,False,False
382,0.2,0.2,0.33,0.16,0.11,0.35,0.8,0.74,0.6,60.0,expected,100.0,0.0,0.0,0.0,0.0,0.7250404862853862,0.00029822240069754253,34.202980333964696,0.02789335769932939,0.0,0.0,False,False,False
383,0.16,0.02,0.19,0.33,0.3,0.45,0.55,0.725,0.5,100.0,optimistic,200.0,0.0,0.0,0.0,0.0,0.7376731273840853,0.00043889814646869867,34.12589218629375,0.0342574583680904,5132.0,46.94677837722201,False,False,False
384,0.0396,0.0792,0.0297,0.7822,0.0693,0.55,0.75,0.72,0.7,90.0,optimistic,250.0,0.0,0.0,0.0,0.0,0.7311889194756016,0.0004365679109537633,34.197998500391556,0.029252478730112306,3325.0,47.75516260631468,False,False,False
385,0.21,0.08,0.02,0.49,0.2,0.25,0.65,0.7,0.9,90.0,expected,150.0,0.0,0.0,0.0,0.0,0.724735026604111,0.0003722504430641787,34.197998500391556,0.029252478730112306,1.0,1.0,False,False,False
386,0.1089,0.0198,0.2376,0.5446,0.0891,0.25,0.7,0.74,1.0,80.0,optimistic,300.0,0.1754,0.007005077523561828,0.0,0.0,0.7080782291906471,0.0009441756258427058,129.20891164120567,0.3124848800206804,3077.0,11.742609969205692,False,False,False
387,0.38,0.02,0.09,0.01,0.5,0.4,0.6,0.7,0.5,80.0,expected,250.0,0.0,0.0,0.0,0.0,0.7251314123695709,0.0006553350173690949,32.26320086401237,0.06355264215352462,0.0,0.0,False,False,False
388,0.52,0.08,0.13,0.14,0.13,0.5,0.6,0.76,0.7,90.0,expected,150.0,0.0,0.0,0.0,0.0,0.7252634931048256,0.0003347797216511432,34.13899773775067,0.03276171325681512,3.0,1.5275252316519465,False,False,False
389,0.12,0.01,0.04,0.58,0.25,0.35,0.85,0.725,0.7,90.0,optimistic,200.0,0.0,0.0,0.0,0.0,0.7314917940275387,0.0003654886908523899,34.197998500391556,0.029252478730112306,3547.0,50.7510262622015,False,False,False
390,0.0693,0.0099,0.604,0.0792,0.2376,0.45,0.6,0.76,1.0,80.0,expected,250.0,0.21600000000000003,0.00756012933457858,0.0,0.0,0.7033750624964787,0.001254710179501116,130.3297091345452,0.30689264865495236,2245.0,69.27000312785711,False,False,False
391,0.19,0.19,0.16,0.03,0.43,0.5,0.7,0.76,0.5,80.0,optimistic,200.0,0.0,0.0,0.0,0.0,0.7261404230813057,0.0003737121869378545,34.15271315356596,0.027574491508209724,940.0,59.57255147204028,False,False,False
392,0.06,0.53,0.17,0.11,0.13,0.35,0.75,0.72,0.5,100.0,expected,250.0,0.0,0.0,0.0,0.0,0.7308998731351745,0.0005212882316611844,34.197998500391556,0.029252478730112306,1466.0,50.159744815937806,False,False,False
393,0.16,0.59,0.02,0.19,0.04,0.25,0.75,0.68,0.5,100.0,expected,300.0,0.0,0.0,0.0,0.0,0.727563450633289,0.0002273202859382266,34.197998500391556,0.029252478730112306,628.0,22.150996967781534,False,False,False
394,0.14708529147085292,0.15688431156884314,0.24507549245075494,0.2842715728427157,0.1666833316668333,0.45,0.65,0.78,0.7,70.0,expected,150.0,0.0,0.0,0.0,0.0,0.7247237171446814,0.0003720908607481085,34.197998500391556,0.029252478730112306,0.0,0.0,False,False,False
395,0.01,0.47,0.29,0.17,0.06,0.5,0.65,0.7,0.6,80.0,expected,150.0,0.0,0.0,0.0,0.0,0.7247156582058364,0.0003721868536491827,34.197998500391556,0.029252478730112306,0.0,0.0,False,False,False
396,0.1616161616161616,0.05050505050505051,0.47474747474747475,0.0808080808080808,0.23232323232323232,0.4,0.65,0.725,0.9,90.0,optimistic,300.0,0.0,0.0,0.0,0.0,0.732139116861211,0.000709166353310958,34.11281963494808,0.040196756451920154,2484.0,25.612496949731394,False,False,False
397,0.24242424242424243,0.11111111111111112,0.1616161616161616,0.21212121212121213,0.2727272727272727,0.4,0.85,0.76,0.7,60.0,expected,200.0,0.0,0.0,0.0,0.0,0.7250789443142706,0.00023912306644312278,34.197998500391556,0.029252478730112306,0.0,0.0,False,False,False
398,0.0594,0.1584,0.1683,0.5644,0.0495,0.45,0.85,0.725,0.5,80.0,expected,200.0,0.0,0.0,0.0,0.0,0.7250789443142706,0.00023912306644312278,34.197998500391556,0.029252478730112306,0.0,0.0,False,False,False
399,0.02,0.26,0.23,0.22,0.27,0.45,0.85,0.725,0.5,80.0,optimistic,300.0,0.0,0.0,0.0,0.0,0.7270602818194014,0.00026787520272577404,34.197998500391556,0.029252478730112306,2551.0,20.893911925619758,False,False,False
