candidate_id,baseline,deadline_greedy_margin,worst_deadline_miss_rate,mean_stale_acceptance_rate,mean_usable_confidence_proxy,worst_p95_latency_ms,mean_bandwidth_per_1000_frames_kb,confidence_deadline_threshold,confidence_deadline_margin,rtt_threshold_ms,selected
0,deadline_greedy,0.3,0.0,0.0,0.7251836840639674,34.26606859596309,0.0,,,,True
1,deadline_greedy,0.4,0.0,0.0,0.7251836840639674,34.26606859596309,0.0,,,,False
2,deadline_greedy,0.5,0.0,0.0,0.7251836840639674,34.26606859596309,0.0,,,,False
3,deadline_greedy,0.6,0.0,0.0,0.7251836840639674,34.26606859596309,0.0,,,,False
4,deadline_greedy,0.7,0.0,0.0,0.7251836840639674,34.26606859596309,0.0,,,,False
5,deadline_greedy,0.8,0.0,0.0,0.7251836840639674,34.26606859596309,0.0,,,,False
6,deadline_greedy,0.9,0.0004,0.0,0.7251386514015643,34.26606859596309,4.0,,,,False
7,deadline_greedy,1.0,0.2894,0.0,0.6925706616603879,131.49729107189208,3077.0,,,,False
8,confidence_deadline,,0.0,0.0,0.7251836840639674,34.26606859596309,0.0,0.68,0.3,,True
9,confidence_deadline,,0.0,0.0,0.7251836840639674,34.26606859596309,0.0,0.68,0.5,,False
10,confidence_deadline,,0.0,0.0,0.7251836840639674,34.26606859596309,0.0,0.68,0.7,,False
11,confidence_deadline,,0.0,0.0,0.7251949935233969,34.26606859596309,1.0,0.68,0.9,,False
12,confidence_deadline,,0.06380000000000001,0.0,0.71923045630674,116.6596031677891,628.0,0.68,1.0,,False
13,confidence_deadline,,0.0,0.0,0.7251836840639674,34.26606859596309,0.0,0.7,0.3,,False
14,confidence_deadline,,0.0,0.0,0.7251836840639674,34.26606859596309,0.0,0.7,0.5,,False
15,confidence_deadline,,0.0,0.0,0.7251836840639674,34.26606859596309,0.0,0.7,0.7,,False
16,confidence_deadline,,0.0,0.0,0.7251949935233969,34.26606859596309,1.0,0.7,0.9,,False
17,confidence_deadline,,0.1014,0.0,0.7159165358893756,125.0583721547537,1074.0,0.7,1.0,,False
18,confidence_deadline,,0.0,0.0,0.7251836840639674,34.26606859596309,0.0,0.72,0.3,,False
19,confidence_deadline,,0.0,0.0,0.7251836840639674,34.26606859596309,0.0,0.72,0.5,,False
20,confidence_deadline,,0.0,0.0,0.7251836840639674,34.26606859596309,0.0,0.72,0.7,,False
21,confidence_deadline,,0.0002,0.0,0.7251663676273368,34.26606859596309,2.0,0.72,0.9,,False
22,confidence_deadline,,0.13740000000000002,0.0,0.7120744529628352,127.21113320188435,1466.0,0.72,1.0,,False
23,confidence_deadline,,0.0,0.0,0.7251836840639674,34.26606859596309,0.0,0.725,0.3,,False
24,confidence_deadline,,0.0,0.0,0.7251836840639674,34.26606859596309,0.0,0.725,0.5,,False
25,confidence_deadline,,0.0,0.0,0.7251836840639674,34.26606859596309,0.0,0.725,0.7,,False
26,confidence_deadline,,0.0004,0.0,0.7251375360364937,34.26606859596309,3.0,0.725,0.9,,False
27,confidence_deadline,,0.14620000000000002,0.0,0.7110511486116092,127.62309412973336,1555.0,0.725,1.0,,False
28,confidence_deadline,,0.0,0.0,0.7251836840639674,34.26606859596309,0.0,0.74,0.3,,False
29,confidence_deadline,,0.0,0.0,0.7251836840639674,34.26606859596309,0.0,0.74,0.5,,False
30,confidence_deadline,,0.0,0.0,0.7251836840639674,34.26606859596309,0.0,0.74,0.7,,False
31,confidence_deadline,,0.0004,0.0,0.7251375360364937,34.26606859596309,3.0,0.74,0.9,,False
32,confidence_deadline,,0.1754,0.0,0.7076934476574641,129.20891164120567,1863.0,0.74,1.0,,False
33,confidence_deadline,,0.0,0.0,0.7251836840639674,34.26606859596309,0.0,0.76,0.3,,False
34,confidence_deadline,,0.0,0.0,0.7251836840639674,34.26606859596309,0.0,0.76,0.5,,False
35,confidence_deadline,,0.0,0.0,0.7251836840639674,34.26606859596309,0.0,0.76,0.7,,False
36,confidence_deadline,,0.0004,0.0,0.7251375360364937,34.26606859596309,3.0,0.76,0.9,,False
37,confidence_deadline,,0.21600000000000003,0.0,0.7025686992976269,130.3297091345452,2268.0,0.76,1.0,,False
38,confidence_deadline,,0.0,0.0,0.7251836840639674,34.26606859596309,0.0,0.78,0.3,,False
39,confidence_deadline,,0.0,0.0,0.7251836840639674,34.26606859596309,0.0,0.78,0.5,,False
40,confidence_deadline,,0.0,0.0,0.7251836840639674,34.26606859596309,0.0,0.78,0.7,,False
41,confidence_deadline,,0.0004,0.0,0.7251375360364937,34.26606859596309,3.0,0.78,0.9,,False
42,confidence_deadline,,0.2472,0.0,0.6985519578560645,130.97350819499567,2643.0,0.78,1.0,,False
43,rtt_threshold,,0.0004,0.0,0.7251375360364937,34.26606859596309,3.0,,,5.0,True
44,rtt_threshold,,0.0014,0.0,0.7250106410630139,34.26606859596309,14.0,,,10.0,False
45,rtt_threshold,,0.0028000000000000004,0.0,0.7248864493832751,34.26906180427282,31.0,,,15.0,False
46,rtt_threshold,,0.007200000000000001,0.0,0.7241667870161168,34.37293017038021,106.0,,,20.0,False
47,rtt_threshold,,0.22199999999999998,0.0,0.6986889862105129,130.4166954833807,2543.0,,,25.0,False
48,rtt_threshold,,0.488,0.0,0.6628741431635016,132.98644173734453,5332.0,,,30.0,False
49,rtt_threshold,,0.49660000000000004,0.0,0.5902787672014449,133.103338622678,8479.0,,,40.0,False
50,rtt_threshold,,0.8604,0.0,0.4978421099096676,133.7618368291084,11931.0,,,50.0,False
51,rtt_threshold,,0.8664,0.0,0.37894371015124084,133.81057861349245,16030.0,,,70.0,False
52,rtt_threshold,,1.0,0.0,0.2997542857327476,134.07073299035375,18763.0,,,100.0,False
