profile,policy,metric,mean,std,ci_lo,ci_hi,n_seeds,family
variable,dapper_full,deadline_miss_rate,0.0,0.0,0.0,0.0,30,component
variable,dapper_full,p95_latency_ms,33.74407704498113,0.2126750836043015,33.66991459060688,33.819528499197034,30,component
variable,dapper_full,mean_latency_ms,20.905161109397675,0.7368320428921273,20.64777837722676,21.16901104109144,30,component
variable,dapper_full,usable_confidence_proxy,0.731537829380306,0.002505299049290559,0.7306375575355787,0.7323912626304034,30,component
variable,dapper_full,bandwidth_per_1000_frames_kb,5777.5,618.9308774285564,5557.5,5997.5,30,component
variable,dapper_full,stale_acceptance_rate,0.0,0.0,0.0,0.0,30,component
variable,dapper_full,fallback_rate,0.21943333333333334,0.040132266950356946,0.2052325,0.2338,30,component
variable,dapper_full,reuse_rate,0.16830000000000003,0.030488154850808802,0.15746666666666667,0.17919999999999997,30,component
variable,dapper_full,remote_attempt_rate,0.2311,0.02475723509714226,0.22230000000000005,0.23989999999999997,30,component
variable,dapper_full,remote_accept_rate,0.1593225904647559,0.030227815733317422,0.1485875090503525,0.16975583920517912,30,component
variable,dapper_full,pct_local_fast,60.05999999999999,2.943326759602662,59.01991666666667,61.103416666666675,30,component
variable,dapper_full,pct_edge_accurate,0.0,0.0,0.0,0.0,30,component
variable,dapper_full,pct_hybrid,23.11,2.475723509714226,22.230000000000008,23.990000000000002,30,component
variable,dapper_full,pct_degraded_safe,16.83,3.0488154850808806,15.74666666666667,17.919999999999998,30,component
congested,dapper_full,deadline_miss_rate,0.0,0.0,0.0,0.0,30,component
congested,dapper_full,p95_latency_ms,33.93663339562628,0.10384597263558462,33.89765936597646,33.97222933477223,30,component
congested,dapper_full,mean_latency_ms,24.831886454720813,0.19570763546815947,24.763119880413207,24.901603933536045,30,component
congested,dapper_full,usable_confidence_proxy,0.724962592880273,0.001562881778886257,0.7244213882112449,0.7255313473425076,30,component
congested,dapper_full,bandwidth_per_1000_frames_kb,2.5,7.628214415734117,0.0,5.833333333333333,30,component
congested,dapper_full,stale_acceptance_rate,0.0,0.0,0.0,0.0,30,component
congested,dapper_full,fallback_rate,0.007433333333333334,0.0027628487713469464,0.0064666666666666674,0.008400000000000001,30,component
congested,dapper_full,reuse_rate,0.007433333333333334,0.0027628487713469464,0.0064666666666666674,0.008400000000000001,30,component
congested,dapper_full,remote_attempt_rate,0.0001,0.00030512857662936464,0.0,0.00023333333333333333,30,component
congested,dapper_full,remote_accept_rate,0.0,0.0,0.0,0.0,30,component
congested,dapper_full,pct_local_fast,99.24666666666667,0.28494806947731727,99.14666666666666,99.34666666666666,30,component
congested,dapper_full,pct_edge_accurate,0.0,0.0,0.0,0.0,30,component
congested,dapper_full,pct_hybrid,0.010000000000000002,0.030512857662936467,0.0,0.02333333333333333,30,component
congested,dapper_full,pct_degraded_safe,0.7433333333333334,0.2762848771346947,0.6466666666666667,0.8400000000000002,30,component
lossy,dapper_full,deadline_miss_rate,0.0,0.0,0.0,0.0,30,component
lossy,dapper_full,p95_latency_ms,34.012278154614826,0.12120943376607804,33.96825412712669,34.05448763655662,30,component
lossy,dapper_full,mean_latency_ms,25.003209635014095,0.15974262798343122,24.94841033219709,25.060905216187447,30,component
lossy,dapper_full,usable_confidence_proxy,0.7405908249005024,0.0021791822011149593,0.7398371863884554,0.7413865873770361,30,component
lossy,dapper_full,bandwidth_per_1000_frames_kb,18126.666666666668,439.9222763118529,17975.0,18280.833333333332,30,component
lossy,dapper_full,stale_acceptance_rate,0.0,0.0,0.0,0.0,30,component
lossy,dapper_full,fallback_rate,0.0,0.0,0.0,0.0,30,component
lossy,dapper_full,reuse_rate,0.0,0.0,0.0,0.0,30,component
lossy,dapper_full,remote_attempt_rate,0.7250666666666666,0.017596891052474133,0.7189999999999999,0.7312333333333334,30,component
lossy,dapper_full,remote_accept_rate,0.13679093773844395,0.013577245742963,0.1319855693266303,0.14159610786056306,30,component
lossy,dapper_full,pct_local_fast,27.493333333333332,1.7596891052474113,26.876666666666665,28.1,30,component
lossy,dapper_full,pct_edge_accurate,0.0,0.0,0.0,0.0,30,component
lossy,dapper_full,pct_hybrid,72.50666666666667,1.759689105247415,71.9,73.12333333333332,30,component
lossy,dapper_full,pct_degraded_safe,0.0,0.0,0.0,0.0,30,component
outage,dapper_full,deadline_miss_rate,0.0,0.0,0.0,0.0,30,component
outage,dapper_full,p95_latency_ms,31.18838425196936,0.5009047087578914,31.01292571232953,31.362502768723584,30,component
outage,dapper_full,mean_latency_ms,7.381609814192322,0.14348774576691167,7.332516468225608,7.433043705764936,30,component
outage,dapper_full,usable_confidence_proxy,0.7255264574970844,0.00273138929991575,0.724534548793681,0.7264857617893061,30,component
outage,dapper_full,bandwidth_per_1000_frames_kb,0.0,0.0,0.0,0.0,30,component
outage,dapper_full,stale_acceptance_rate,0.0,0.0,0.0,0.0,30,component
outage,dapper_full,fallback_rate,1.0,0.0,1.0,1.0,30,component
outage,dapper_full,reuse_rate,0.7340333333333333,0.0029300268721061903,0.7329666666666668,0.7350333333333333,30,component
outage,dapper_full,remote_attempt_rate,0.0,0.0,0.0,0.0,30,component
outage,dapper_full,remote_accept_rate,0.0,0.0,0.0,0.0,30,component
outage,dapper_full,pct_local_fast,22.63,0.6012343624749752,22.416666666666664,22.83666666666667,30,component
outage,dapper_full,pct_edge_accurate,0.0,0.0,0.0,0.0,30,component
outage,dapper_full,pct_hybrid,0.0,0.0,0.0,0.0,30,component
outage,dapper_full,pct_degraded_safe,77.36999999999999,0.6012343624749765,77.16333333333333,77.58333333333333,30,component
stable,dapper_full,deadline_miss_rate,0.0,0.0,0.0,0.0,30,component
stable,dapper_full,p95_latency_ms,33.984265110354684,0.14612908292769589,33.933733268366254,34.03567770889089,30,component
stable,dapper_full,mean_latency_ms,25.02027748999063,0.19474756789946776,24.95304205486045,25.093051974407306,30,component
stable,dapper_full,usable_confidence_proxy,0.7959976928158301,0.0030581965746421004,0.7949080850073025,0.7970417324338718,30,component
stable,dapper_full,bandwidth_per_1000_frames_kb,21621.666666666668,335.8425671130112,21499.166666666668,21735.833333333332,30,component
stable,dapper_full,stale_acceptance_rate,0.0,0.0,0.0,0.0,30,component
stable,dapper_full,fallback_rate,0.0,0.0,0.0,0.0,30,component
stable,dapper_full,reuse_rate,0.0,0.0,0.0,0.0,30,component
stable,dapper_full,remote_attempt_rate,0.8648666666666667,0.013433702684520463,0.8599666666666667,0.8694333333333334,30,component
stable,dapper_full,remote_accept_rate,0.5119299636219802,0.019710509684781493,0.5048710537106218,0.5185906071980788,30,component
stable,dapper_full,pct_local_fast,13.513333333333334,1.3433702684520452,13.056666666666667,14.003333333333332,30,component
stable,dapper_full,pct_edge_accurate,0.0,0.0,0.0,0.0,30,component
stable,dapper_full,pct_hybrid,86.48666666666666,1.3433702684520459,85.99666666666666,86.94333333333334,30,component
stable,dapper_full,pct_degraded_safe,0.0,0.0,0.0,0.0,30,component
variable,dapper_no_rtt,deadline_miss_rate,0.0,0.0,0.0,0.0,30,component
variable,dapper_no_rtt,p95_latency_ms,33.747775519517624,0.20973021505140457,33.674877056738595,33.82242868863212,30,component
variable,dapper_no_rtt,mean_latency_ms,20.940446707168096,0.7350940723083381,20.683093557454136,21.20460908128355,30,component
variable,dapper_no_rtt,usable_confidence_proxy,0.7315327792840012,0.0025047865419971973,0.730631117054827,0.7323865275407152,30,component
variable,dapper_no_rtt,bandwidth_per_1000_frames_kb,5777.5,618.9308774285564,5557.5,5997.5,30,component
variable,dapper_no_rtt,stale_acceptance_rate,0.0,0.0,0.0,0.0,30,component
variable,dapper_no_rtt,fallback_rate,0.218,0.040093855406774126,0.2038,0.2323666666666667,30,component
variable,dapper_no_rtt,reuse_rate,0.1668666666666667,0.030431079092149253,0.1560333333333333,0.17773416666666667,30,component
variable,dapper_no_rtt,remote_attempt_rate,0.2311,0.02475723509714226,0.22230000000000005,0.23989999999999997,30,component
variable,dapper_no_rtt,remote_accept_rate,0.1593225904647559,0.030227815733317422,0.1485875090503525,0.16975583920517912,30,component
variable,dapper_no_rtt,pct_local_fast,60.20333333333333,2.981377063607068,59.14666666666667,61.25333333333334,30,component
variable,dapper_no_rtt,pct_edge_accurate,0.0,0.0,0.0,0.0,30,component
variable,dapper_no_rtt,pct_hybrid,23.11,2.475723509714226,22.230000000000008,23.990000000000002,30,component
variable,dapper_no_rtt,pct_degraded_safe,16.686666666666664,3.043107909214925,15.603333333333333,17.773416666666666,30,component
congested,dapper_no_rtt,deadline_miss_rate,0.0,0.0,0.0,0.0,30,component
congested,dapper_no_rtt,p95_latency_ms,33.94268972592376,0.09803104261482531,33.905792187259216,33.976328928607806,30,component
congested,dapper_no_rtt,mean_latency_ms,25.012597088142645,0.18113657767527264,24.94831415515531,25.07737720340451,30,component
congested,dapper_no_rtt,usable_confidence_proxy,0.7249282051819181,0.0016092933478095927,0.7243644131564243,0.7255162553009149,30,component
congested,dapper_no_rtt,bandwidth_per_1000_frames_kb,2.5,7.628214415734117,0.0,5.833333333333333,30,component
congested,dapper_no_rtt,stale_acceptance_rate,0.0,0.0,0.0,0.0,30,component
congested,dapper_no_rtt,fallback_rate,0.0,0.0,0.0,0.0,30,component
congested,dapper_no_rtt,reuse_rate,0.0,0.0,0.0,0.0,30,component
congested,dapper_no_rtt,remote_attempt_rate,0.0001,0.00030512857662936464,0.0,0.00023333333333333333,30,component
congested,dapper_no_rtt,remote_accept_rate,0.0,0.0,0.0,0.0,30,component
congested,dapper_no_rtt,pct_local_fast,99.99000000000001,0.030512857662934732,99.97666666666667,100.0,30,component
congested,dapper_no_rtt,pct_edge_accurate,0.0,0.0,0.0,0.0,30,component
congested,dapper_no_rtt,pct_hybrid,0.010000000000000002,0.030512857662936467,0.0,0.02333333333333333,30,component
congested,dapper_no_rtt,pct_degraded_safe,0.0,0.0,0.0,0.0,30,component
lossy,dapper_no_rtt,deadline_miss_rate,0.0,0.0,0.0,0.0,30,component
lossy,dapper_no_rtt,p95_latency_ms,34.012278154614826,0.12120943376607804,33.96825412712669,34.05448763655662,30,component
lossy,dapper_no_rtt,mean_latency_ms,25.003209635014095,0.15974262798343122,24.94841033219709,25.060905216187447,30,component
lossy,dapper_no_rtt,usable_confidence_proxy,0.7357928919136454,0.002126258549962069,0.7350336324169814,0.7365592376620625,30,component
lossy,dapper_no_rtt,bandwidth_per_1000_frames_kb,13035.833333333334,400.30609696127266,12894.166666666666,13174.166666666666,30,component
lossy,dapper_no_rtt,stale_acceptance_rate,0.0,0.0,0.0,0.0,30,component
lossy,dapper_no_rtt,fallback_rate,0.0,0.0,0.0,0.0,30,component
lossy,dapper_no_rtt,reuse_rate,0.0,0.0,0.0,0.0,30,component
lossy,dapper_no_rtt,remote_attempt_rate,0.5214333333333333,0.01601224387845092,0.5157666666666666,0.5269666666666666,30,component
lossy,dapper_no_rtt,remote_accept_rate,0.13267931483136083,0.018491667479413956,0.12605122935442944,0.139213962141246,30,component
lossy,dapper_no_rtt,pct_local_fast,47.85666666666667,1.6012243878450902,47.303333333333335,48.423333333333325,30,component
lossy,dapper_no_rtt,pct_edge_accurate,0.0,0.0,0.0,0.0,30,component
lossy,dapper_no_rtt,pct_hybrid,52.14333333333334,1.601224387845092,51.576666666666675,52.696666666666665,30,component
lossy,dapper_no_rtt,pct_degraded_safe,0.0,0.0,0.0,0.0,30,component
outage,dapper_no_rtt,deadline_miss_rate,0.0,0.0,0.0,0.0,30,component
outage,dapper_no_rtt,p95_latency_ms,31.457203757677476,0.46409194445250346,31.288715194268676,31.614814188302162,30,component
outage,dapper_no_rtt,mean_latency_ms,7.8110105494910425,0.17189851324836958,7.750829685778978,7.8715994550996395,30,component
outage,dapper_no_rtt,usable_confidence_proxy,0.7251120652984783,0.0030479529389722017,0.7240293779715242,0.7261974176265897,30,component
outage,dapper_no_rtt,bandwidth_per_1000_frames_kb,0.0,0.0,0.0,0.0,30,component
outage,dapper_no_rtt,stale_acceptance_rate,0.0,0.0,0.0,0.0,30,component
outage,dapper_no_rtt,fallback_rate,0.9581999999999999,0.00733625855972733,0.9555333333333333,0.9607666666666667,30,component
outage,dapper_no_rtt,reuse_rate,0.7165333333333336,0.00513092942668375,0.7146666666666667,0.7182333333333334,30,component
outage,dapper_no_rtt,remote_attempt_rate,0.0,0.0,0.0,0.0,30,component
outage,dapper_no_rtt,remote_accept_rate,0.0,0.0,0.0,0.0,30,component
outage,dapper_no_rtt,pct_local_fast,26.33,0.5645565852339651,26.126666666666665,26.526666666666667,30,component
outage,dapper_no_rtt,pct_edge_accurate,0.0,0.0,0.0,0.0,30,component
outage,dapper_no_rtt,pct_hybrid,0.0,0.0,0.0,0.0,30,component
outage,dapper_no_rtt,pct_degraded_safe,73.66999999999999,0.5645565852339652,73.47333333333331,73.87333333333332,30,component
stable,dapper_no_rtt,deadline_miss_rate,0.0,0.0,0.0,0.0,30,component
stable,dapper_no_rtt,p95_latency_ms,33.984265110354684,0.14612908292769589,33.933733268366254,34.03567770889089,30,component
stable,dapper_no_rtt,mean_latency_ms,25.02027748999063,0.19474756789946776,24.95304205486045,25.093051974407306,30,component
stable,dapper_no_rtt,usable_confidence_proxy,0.7959976928158301,0.0030581965746421004,0.7949080850073025,0.7970417324338718,30,component
stable,dapper_no_rtt,bandwidth_per_1000_frames_kb,21621.666666666668,335.8425671130112,21499.166666666668,21735.833333333332,30,component
stable,dapper_no_rtt,stale_acceptance_rate,0.0,0.0,0.0,0.0,30,component
stable,dapper_no_rtt,fallback_rate,0.0,0.0,0.0,0.0,30,component
stable,dapper_no_rtt,reuse_rate,0.0,0.0,0.0,0.0,30,component
stable,dapper_no_rtt,remote_attempt_rate,0.8648666666666667,0.013433702684520463,0.8599666666666667,0.8694333333333334,30,component
stable,dapper_no_rtt,remote_accept_rate,0.5119299636219802,0.019710509684781493,0.5048710537106218,0.5185906071980788,30,component
stable,dapper_no_rtt,pct_local_fast,13.513333333333334,1.3433702684520452,13.056666666666667,14.003333333333332,30,component
stable,dapper_no_rtt,pct_edge_accurate,0.0,0.0,0.0,0.0,30,component
stable,dapper_no_rtt,pct_hybrid,86.48666666666666,1.3433702684520459,85.99666666666666,86.94333333333334,30,component
stable,dapper_no_rtt,pct_degraded_safe,0.0,0.0,0.0,0.0,30,component
variable,dapper_no_loss,deadline_miss_rate,0.0,0.0,0.0,0.0,30,component
variable,dapper_no_loss,p95_latency_ms,32.56421782305487,0.3481142027443972,32.44175247426794,32.684445763059955,30,component
variable,dapper_no_loss,mean_latency_ms,11.031999259219656,0.48571187829431134,10.85703294694319,11.199172738000154,30,component
variable,dapper_no_loss,usable_confidence_proxy,0.7259666161636207,0.0030841918194945196,0.7248695789761384,0.7270511697284884,30,component
variable,dapper_no_loss,bandwidth_per_1000_frames_kb,172.5,81.30137632969966,144.16666666666666,201.66666666666666,30,component
variable,dapper_no_loss,stale_acceptance_rate,0.0,0.0,0.0,0.0,30,component
variable,dapper_no_loss,fallback_rate,0.7446666666666668,0.027096676642301958,0.7351325,0.7542333333333333,30,component
variable,dapper_no_loss,reuse_rate,0.5819333333333333,0.018977179277577923,0.5751991666666666,0.5886341666666668,30,component
variable,dapper_no_loss,remote_attempt_rate,0.006900000000000002,0.0032520550531879864,0.005766666666666668,0.008066666666666668,30,component
variable,dapper_no_loss,remote_accept_rate,0.5721502571502571,0.19560321717294818,0.5039545593295593,0.6397691845191846,30,component
variable,dapper_no_loss,pct_local_fast,30.52,2.33362231379636,29.70333333333333,31.34666666666666,30,component
variable,dapper_no_loss,pct_edge_accurate,0.0,0.0,0.0,0.0,30,component
variable,dapper_no_loss,pct_hybrid,0.69,0.3252055053187986,0.5766666666666667,0.8066666666666665,30,component
variable,dapper_no_loss,pct_degraded_safe,68.78999999999999,2.4182281915085855,67.94333333333333,69.63999999999997,30,component
congested,dapper_no_loss,deadline_miss_rate,0.0,0.0,0.0,0.0,30,component
congested,dapper_no_loss,p95_latency_ms,31.162587588763458,0.4470799428706211,31.005006996535066,31.31742257779489,30,component
congested,dapper_no_loss,mean_latency_ms,7.361786790077505,0.11201886723513158,7.323125271667579,7.400900746255603,30,component
congested,dapper_no_loss,usable_confidence_proxy,0.724844627771431,0.0027241626051729543,0.7239060271161251,0.7257934423030549,30,component
congested,dapper_no_loss,bandwidth_per_1000_frames_kb,0.0,0.0,0.0,0.0,30,component
congested,dapper_no_loss,stale_acceptance_rate,0.0,0.0,0.0,0.0,30,component
congested,dapper_no_loss,fallback_rate,1.0,0.0,1.0,1.0,30,component
congested,dapper_no_loss,reuse_rate,0.7350666666666664,0.0024904414971194814,0.7341999999999999,0.7359333333333333,30,component
congested,dapper_no_loss,remote_attempt_rate,0.0,0.0,0.0,0.0,30,component
congested,dapper_no_loss,remote_accept_rate,0.0,0.0,0.0,0.0,30,component
congested,dapper_no_loss,pct_local_fast,0.0,0.0,0.0,0.0,30,component
congested,dapper_no_loss,pct_edge_accurate,0.0,0.0,0.0,0.0,30,component
congested,dapper_no_loss,pct_hybrid,0.0,0.0,0.0,0.0,30,component
congested,dapper_no_loss,pct_degraded_safe,100.0,0.0,100.0,100.0,30,component
lossy,dapper_no_loss,deadline_miss_rate,0.0,0.0,0.0,0.0,30,component
lossy,dapper_no_loss,p95_latency_ms,33.99253668550959,0.12653822359480002,33.94698134574741,34.03561593160863,30,component
lossy,dapper_no_loss,mean_latency_ms,24.66250115953204,0.20312655761330145,24.594426836278117,24.736350412672724,30,component
lossy,dapper_no_loss,usable_confidence_proxy,0.724759077329192,0.00137118956925744,0.7242613972003402,0.7252232868218311,30,component
lossy,dapper_no_loss,bandwidth_per_1000_frames_kb,0.0,0.0,0.0,0.0,30,component
lossy,dapper_no_loss,stale_acceptance_rate,0.0,0.0,0.0,0.0,30,component
lossy,dapper_no_loss,fallback_rate,0.014600000000000002,0.005103075475666103,0.01286666666666667,0.016433333333333338,30,component
lossy,dapper_no_loss,reuse_rate,0.014166666666666668,0.004654129299904536,0.01256666666666667,0.015833333333333335,30,component
lossy,dapper_no_loss,remote_attempt_rate,0.0,0.0,0.0,0.0,30,component
lossy,dapper_no_loss,remote_accept_rate,0.0,0.0,0.0,0.0,30,component
lossy,dapper_no_loss,pct_local_fast,98.54,0.5103075475666095,98.35666666666665,98.71333333333332,30,component
lossy,dapper_no_loss,pct_edge_accurate,0.0,0.0,0.0,0.0,30,component
lossy,dapper_no_loss,pct_hybrid,0.0,0.0,0.0,0.0,30,component
lossy,dapper_no_loss,pct_degraded_safe,1.4600000000000002,0.5103075475666103,1.2866666666666668,1.6433333333333333,30,component
outage,dapper_no_loss,deadline_miss_rate,0.0,0.0,0.0,0.0,30,component
outage,dapper_no_loss,p95_latency_ms,31.18838425196936,0.5009047087578914,31.01292571232953,31.362502768723584,30,component
outage,dapper_no_loss,mean_latency_ms,7.381609814192322,0.14348774576691167,7.332516468225608,7.433043705764936,30,component
outage,dapper_no_loss,usable_confidence_proxy,0.7255264574970844,0.00273138929991575,0.724534548793681,0.7264857617893061,30,component
outage,dapper_no_loss,bandwidth_per_1000_frames_kb,0.0,0.0,0.0,0.0,30,component
outage,dapper_no_loss,stale_acceptance_rate,0.0,0.0,0.0,0.0,30,component
outage,dapper_no_loss,fallback_rate,1.0,0.0,1.0,1.0,30,component
outage,dapper_no_loss,reuse_rate,0.7340333333333333,0.0029300268721061903,0.7329666666666668,0.7350333333333333,30,component
outage,dapper_no_loss,remote_attempt_rate,0.0,0.0,0.0,0.0,30,component
outage,dapper_no_loss,remote_accept_rate,0.0,0.0,0.0,0.0,30,component
outage,dapper_no_loss,pct_local_fast,22.63,0.6012343624749752,22.416666666666664,22.83666666666667,30,component
outage,dapper_no_loss,pct_edge_accurate,0.0,0.0,0.0,0.0,30,component
outage,dapper_no_loss,pct_hybrid,0.0,0.0,0.0,0.0,30,component
outage,dapper_no_loss,pct_degraded_safe,77.36999999999999,0.6012343624749765,77.16333333333333,77.58333333333333,30,component
stable,dapper_no_loss,deadline_miss_rate,0.0,0.0,0.0,0.0,30,component
stable,dapper_no_loss,p95_latency_ms,33.984265110354684,0.14612908292769589,33.933733268366254,34.03567770889089,30,component
stable,dapper_no_loss,mean_latency_ms,25.02027748999063,0.19474756789946776,24.95304205486045,25.093051974407306,30,component
stable,dapper_no_loss,usable_confidence_proxy,0.7674814382481918,0.002654162840000554,0.7665408965143788,0.7684026724017725,30,component
stable,dapper_no_loss,bandwidth_per_1000_frames_kb,12323.333333333334,632.7258126732214,12100.833333333334,12548.333333333334,30,component
stable,dapper_no_loss,stale_acceptance_rate,0.0,0.0,0.0,0.0,30,component
stable,dapper_no_loss,fallback_rate,0.0,0.0,0.0,0.0,30,component
stable,dapper_no_loss,reuse_rate,0.0,0.0,0.0,0.0,30,component
stable,dapper_no_loss,remote_attempt_rate,0.4929333333333334,0.025309032506928862,0.4840333333333333,0.5019333333333333,30,component
stable,dapper_no_loss,remote_accept_rate,0.5383866357430017,0.02432125140241858,0.5298171553291209,0.547015839207604,30,component
stable,dapper_no_loss,pct_local_fast,50.70666666666667,2.5309032506928877,49.80666666666668,51.59666666666668,30,component
stable,dapper_no_loss,pct_edge_accurate,0.0,0.0,0.0,0.0,30,component
stable,dapper_no_loss,pct_hybrid,49.29333333333333,2.530903250692887,48.40333333333333,50.193333333333335,30,component
stable,dapper_no_loss,pct_degraded_safe,0.0,0.0,0.0,0.0,30,component
variable,dapper_no_load,deadline_miss_rate,0.0,0.0,0.0,0.0,30,component
variable,dapper_no_load,p95_latency_ms,33.74160081264391,0.21201602616970314,33.6676574308097,33.816766173534646,30,component
variable,dapper_no_load,mean_latency_ms,20.88039602392384,0.7371604409280803,20.622361045204368,21.142965750520162,30,component
variable,dapper_no_load,usable_confidence_proxy,0.7315295354639131,0.0025034125345008737,0.7306310555171747,0.7323871980555903,30,component
variable,dapper_no_load,bandwidth_per_1000_frames_kb,5777.5,618.9308774285564,5557.5,5997.5,30,component
variable,dapper_no_load,stale_acceptance_rate,0.0,0.0,0.0,0.0,30,component
variable,dapper_no_load,fallback_rate,0.2205333333333334,0.040063512794951774,0.2063333333333333,0.23483416666666665,30,component
variable,dapper_no_load,reuse_rate,0.16936666666666664,0.030402453772718725,0.15856666666666666,0.18016749999999998,30,component
variable,dapper_no_load,remote_attempt_rate,0.2311,0.02475723509714226,0.22230000000000005,0.23989999999999997,30,component
variable,dapper_no_load,remote_accept_rate,0.1593225904647559,0.030227815733317422,0.1485875090503525,0.16975583920517912,30,component
variable,dapper_no_load,pct_local_fast,59.95,2.9281923339882554,58.91333333333333,60.986749999999994,30,component
variable,dapper_no_load,pct_edge_accurate,0.0,0.0,0.0,0.0,30,component
variable,dapper_no_load,pct_hybrid,23.11,2.475723509714226,22.230000000000008,23.990000000000002,30,component
variable,dapper_no_load,pct_degraded_safe,16.94,3.0439991843761653,15.859999999999996,18.02333333333333,30,component
congested,dapper_no_load,deadline_miss_rate,0.0,0.0,0.0,0.0,30,component
congested,dapper_no_load,p95_latency_ms,33.94035286230167,0.09919598472030948,33.90290837497416,33.97447452453061,30,component
congested,dapper_no_load,mean_latency_ms,24.958781861385617,0.18301941655203322,24.89397549023354,25.024844809160108,30,component
congested,dapper_no_load,usable_confidence_proxy,0.7249294077466906,0.0016263401040446258,0.7243578240473413,0.7255204332851224,30,component
congested,dapper_no_load,bandwidth_per_1000_frames_kb,2.5,7.628214415734117,0.0,5.833333333333333,30,component
congested,dapper_no_load,stale_acceptance_rate,0.0,0.0,0.0,0.0,30,component
congested,dapper_no_load,fallback_rate,0.0021666666666666666,0.0016832508230603463,0.0016,0.0027666666666666673,30,component
congested,dapper_no_load,reuse_rate,0.0021666666666666666,0.0016832508230603463,0.0016,0.0027666666666666673,30,component
congested,dapper_no_load,remote_attempt_rate,0.0001,0.00030512857662936464,0.0,0.00023333333333333333,30,component
congested,dapper_no_load,remote_accept_rate,0.0,0.0,0.0,0.0,30,component
congested,dapper_no_load,pct_local_fast,99.77333333333333,0.17991057804352262,99.70999999999998,99.83333333333334,30,component
congested,dapper_no_load,pct_edge_accurate,0.0,0.0,0.0,0.0,30,component
congested,dapper_no_load,pct_hybrid,0.010000000000000002,0.030512857662936467,0.0,0.02333333333333333,30,component
congested,dapper_no_load,pct_degraded_safe,0.21666666666666667,0.16832508230603463,0.15999999999999998,0.27666666666666667,30,component
lossy,dapper_no_load,deadline_miss_rate,0.0,0.0,0.0,0.0,30,component
lossy,dapper_no_load,p95_latency_ms,34.012278154614826,0.12120943376607804,33.96825412712669,34.05448763655662,30,component
lossy,dapper_no_load,mean_latency_ms,25.003209635014095,0.15974262798343122,24.94841033219709,25.060905216187447,30,component
lossy,dapper_no_load,usable_confidence_proxy,0.7376384532079263,0.0021493691211138155,0.7368820001653169,0.7383970219529495,30,component
lossy,dapper_no_load,bandwidth_per_1000_frames_kb,13292.5,653.1802175140672,13068.333333333334,13518.354166666666,30,component
lossy,dapper_no_load,stale_acceptance_rate,0.0,0.0,0.0,0.0,30,component
lossy,dapper_no_load,fallback_rate,0.0,0.0,0.0,0.0,30,component
lossy,dapper_no_load,reuse_rate,0.0,0.0,0.0,0.0,30,component
lossy,dapper_no_load,remote_attempt_rate,0.5317000000000001,0.026127208700562694,0.5227333333333334,0.5407341666666667,30,component
lossy,dapper_no_load,remote_accept_rate,0.15172438455606793,0.016907211479493763,0.14552190761533282,0.1575950068698176,30,component
lossy,dapper_no_load,pct_local_fast,46.82999999999999,2.6127208700562687,45.92658333333331,47.72666666666666,30,component
lossy,dapper_no_load,pct_edge_accurate,0.0,0.0,0.0,0.0,30,component
lossy,dapper_no_load,pct_hybrid,53.17000000000001,2.612720870056269,52.27333333333334,54.073416666666674,30,component
lossy,dapper_no_load,pct_degraded_safe,0.0,0.0,0.0,0.0,30,component
outage,dapper_no_load,deadline_miss_rate,0.0,0.0,0.0,0.0,30,component
outage,dapper_no_load,p95_latency_ms,31.18838425196936,0.5009047087578914,31.01292571232953,31.362502768723584,30,component
outage,dapper_no_load,mean_latency_ms,7.381609814192322,0.14348774576691167,7.332516468225608,7.433043705764936,30,component
outage,dapper_no_load,usable_confidence_proxy,0.7255264574970844,0.00273138929991575,0.724534548793681,0.7264857617893061,30,component
outage,dapper_no_load,bandwidth_per_1000_frames_kb,0.0,0.0,0.0,0.0,30,component
outage,dapper_no_load,stale_acceptance_rate,0.0,0.0,0.0,0.0,30,component
outage,dapper_no_load,fallback_rate,1.0,0.0,1.0,1.0,30,component
outage,dapper_no_load,reuse_rate,0.7340333333333333,0.0029300268721061903,0.7329666666666668,0.7350333333333333,30,component
outage,dapper_no_load,remote_attempt_rate,0.0,0.0,0.0,0.0,30,component
outage,dapper_no_load,remote_accept_rate,0.0,0.0,0.0,0.0,30,component
outage,dapper_no_load,pct_local_fast,22.63,0.6012343624749752,22.416666666666664,22.83666666666667,30,component
outage,dapper_no_load,pct_edge_accurate,0.0,0.0,0.0,0.0,30,component
outage,dapper_no_load,pct_hybrid,0.0,0.0,0.0,0.0,30,component
outage,dapper_no_load,pct_degraded_safe,77.36999999999999,0.6012343624749765,77.16333333333333,77.58333333333333,30,component
stable,dapper_no_load,deadline_miss_rate,0.0,0.0,0.0,0.0,30,component
stable,dapper_no_load,p95_latency_ms,33.984265110354684,0.14612908292769589,33.933733268366254,34.03567770889089,30,component
stable,dapper_no_load,mean_latency_ms,25.02027748999063,0.19474756789946776,24.95304205486045,25.093051974407306,30,component
stable,dapper_no_load,usable_confidence_proxy,0.7959976928158301,0.0030581965746421004,0.7949080850073025,0.7970417324338718,30,component
stable,dapper_no_load,bandwidth_per_1000_frames_kb,21621.666666666668,335.8425671130112,21499.166666666668,21735.833333333332,30,component
stable,dapper_no_load,stale_acceptance_rate,0.0,0.0,0.0,0.0,30,component
stable,dapper_no_load,fallback_rate,0.0,0.0,0.0,0.0,30,component
stable,dapper_no_load,reuse_rate,0.0,0.0,0.0,0.0,30,component
stable,dapper_no_load,remote_attempt_rate,0.8648666666666667,0.013433702684520463,0.8599666666666667,0.8694333333333334,30,component
stable,dapper_no_load,remote_accept_rate,0.5119299636219802,0.019710509684781493,0.5048710537106218,0.5185906071980788,30,component
stable,dapper_no_load,pct_local_fast,13.513333333333334,1.3433702684520452,13.056666666666667,14.003333333333332,30,component
stable,dapper_no_load,pct_edge_accurate,0.0,0.0,0.0,0.0,30,component
stable,dapper_no_load,pct_hybrid,86.48666666666666,1.3433702684520459,85.99666666666666,86.94333333333334,30,component
stable,dapper_no_load,pct_degraded_safe,0.0,0.0,0.0,0.0,30,component
variable,dapper_no_frame_age,deadline_miss_rate,0.0,0.0,0.0,0.0,30,component
variable,dapper_no_frame_age,p95_latency_ms,33.74407704498113,0.2126750836043015,33.66991459060688,33.819528499197034,30,component
variable,dapper_no_frame_age,mean_latency_ms,20.905161109397675,0.7368320428921273,20.64777837722676,21.16901104109144,30,component
variable,dapper_no_frame_age,usable_confidence_proxy,0.731537829380306,0.002505299049290559,0.7306375575355787,0.7323912626304034,30,component
variable,dapper_no_frame_age,bandwidth_per_1000_frames_kb,5777.5,618.9308774285564,5557.5,5997.5,30,component
variable,dapper_no_frame_age,stale_acceptance_rate,0.0,0.0,0.0,0.0,30,component
variable,dapper_no_frame_age,fallback_rate,0.21943333333333334,0.040132266950356946,0.2052325,0.2338,30,component
variable,dapper_no_frame_age,reuse_rate,0.16830000000000003,0.030488154850808802,0.15746666666666667,0.17919999999999997,30,component
variable,dapper_no_frame_age,remote_attempt_rate,0.2311,0.02475723509714226,0.22230000000000005,0.23989999999999997,30,component
variable,dapper_no_frame_age,remote_accept_rate,0.1593225904647559,0.030227815733317422,0.1485875090503525,0.16975583920517912,30,component
variable,dapper_no_frame_age,pct_local_fast,60.05999999999999,2.943326759602662,59.01991666666667,61.103416666666675,30,component
variable,dapper_no_frame_age,pct_edge_accurate,0.0,0.0,0.0,0.0,30,component
variable,dapper_no_frame_age,pct_hybrid,23.11,2.475723509714226,22.230000000000008,23.990000000000002,30,component
variable,dapper_no_frame_age,pct_degraded_safe,16.83,3.0488154850808806,15.74666666666667,17.919999999999998,30,component
congested,dapper_no_frame_age,deadline_miss_rate,0.0,0.0,0.0,0.0,30,component
congested,dapper_no_frame_age,p95_latency_ms,33.93663339562628,0.10384597263558462,33.89765936597646,33.97222933477223,30,component
congested,dapper_no_frame_age,mean_latency_ms,24.831886454720813,0.19570763546815947,24.763119880413207,24.901603933536045,30,component
congested,dapper_no_frame_age,usable_confidence_proxy,0.724962592880273,0.001562881778886257,0.7244213882112449,0.7255313473425076,30,component
congested,dapper_no_frame_age,bandwidth_per_1000_frames_kb,2.5,7.628214415734117,0.0,5.833333333333333,30,component
congested,dapper_no_frame_age,stale_acceptance_rate,0.0,0.0,0.0,0.0,30,component
congested,dapper_no_frame_age,fallback_rate,0.007433333333333334,0.0027628487713469464,0.0064666666666666674,0.008400000000000001,30,component
congested,dapper_no_frame_age,reuse_rate,0.007433333333333334,0.0027628487713469464,0.0064666666666666674,0.008400000000000001,30,component
congested,dapper_no_frame_age,remote_attempt_rate,0.0001,0.00030512857662936464,0.0,0.00023333333333333333,30,component
congested,dapper_no_frame_age,remote_accept_rate,0.0,0.0,0.0,0.0,30,component
congested,dapper_no_frame_age,pct_local_fast,99.24666666666667,0.28494806947731727,99.14666666666666,99.34666666666666,30,component
congested,dapper_no_frame_age,pct_edge_accurate,0.0,0.0,0.0,0.0,30,component
congested,dapper_no_frame_age,pct_hybrid,0.010000000000000002,0.030512857662936467,0.0,0.02333333333333333,30,component
congested,dapper_no_frame_age,pct_degraded_safe,0.7433333333333334,0.2762848771346947,0.6466666666666667,0.8400000000000002,30,component
lossy,dapper_no_frame_age,deadline_miss_rate,0.0,0.0,0.0,0.0,30,component
lossy,dapper_no_frame_age,p95_latency_ms,34.012278154614826,0.12120943376607804,33.96825412712669,34.05448763655662,30,component
lossy,dapper_no_frame_age,mean_latency_ms,25.003209635014095,0.15974262798343122,24.94841033219709,25.060905216187447,30,component
lossy,dapper_no_frame_age,usable_confidence_proxy,0.7405908249005024,0.0021791822011149593,0.7398371863884554,0.7413865873770361,30,component
lossy,dapper_no_frame_age,bandwidth_per_1000_frames_kb,18126.666666666668,439.9222763118529,17975.0,18280.833333333332,30,component
lossy,dapper_no_frame_age,stale_acceptance_rate,0.0,0.0,0.0,0.0,30,component
lossy,dapper_no_frame_age,fallback_rate,0.0,0.0,0.0,0.0,30,component
lossy,dapper_no_frame_age,reuse_rate,0.0,0.0,0.0,0.0,30,component
lossy,dapper_no_frame_age,remote_attempt_rate,0.7250666666666666,0.017596891052474133,0.7189999999999999,0.7312333333333334,30,component
lossy,dapper_no_frame_age,remote_accept_rate,0.13679093773844395,0.013577245742963,0.1319855693266303,0.14159610786056306,30,component
lossy,dapper_no_frame_age,pct_local_fast,27.493333333333332,1.7596891052474113,26.876666666666665,28.1,30,component
lossy,dapper_no_frame_age,pct_edge_accurate,0.0,0.0,0.0,0.0,30,component
lossy,dapper_no_frame_age,pct_hybrid,72.50666666666667,1.759689105247415,71.9,73.12333333333332,30,component
lossy,dapper_no_frame_age,pct_degraded_safe,0.0,0.0,0.0,0.0,30,component
outage,dapper_no_frame_age,deadline_miss_rate,0.0,0.0,0.0,0.0,30,component
outage,dapper_no_frame_age,p95_latency_ms,31.18838425196936,0.5009047087578914,31.01292571232953,31.362502768723584,30,component
outage,dapper_no_frame_age,mean_latency_ms,7.381609814192322,0.14348774576691167,7.332516468225608,7.433043705764936,30,component
outage,dapper_no_frame_age,usable_confidence_proxy,0.7255264574970844,0.00273138929991575,0.724534548793681,0.7264857617893061,30,component
outage,dapper_no_frame_age,bandwidth_per_1000_frames_kb,0.0,0.0,0.0,0.0,30,component
outage,dapper_no_frame_age,stale_acceptance_rate,0.0,0.0,0.0,0.0,30,component
outage,dapper_no_frame_age,fallback_rate,1.0,0.0,1.0,1.0,30,component
outage,dapper_no_frame_age,reuse_rate,0.7340333333333333,0.0029300268721061903,0.7329666666666668,0.7350333333333333,30,component
outage,dapper_no_frame_age,remote_attempt_rate,0.0,0.0,0.0,0.0,30,component
outage,dapper_no_frame_age,remote_accept_rate,0.0,0.0,0.0,0.0,30,component
outage,dapper_no_frame_age,pct_local_fast,22.63,0.6012343624749752,22.416666666666664,22.83666666666667,30,component
outage,dapper_no_frame_age,pct_edge_accurate,0.0,0.0,0.0,0.0,30,component
outage,dapper_no_frame_age,pct_hybrid,0.0,0.0,0.0,0.0,30,component
outage,dapper_no_frame_age,pct_degraded_safe,77.36999999999999,0.6012343624749765,77.16333333333333,77.58333333333333,30,component
stable,dapper_no_frame_age,deadline_miss_rate,0.0,0.0,0.0,0.0,30,component
stable,dapper_no_frame_age,p95_latency_ms,33.984265110354684,0.14612908292769589,33.933733268366254,34.03567770889089,30,component
stable,dapper_no_frame_age,mean_latency_ms,25.02027748999063,0.19474756789946776,24.95304205486045,25.093051974407306,30,component
stable,dapper_no_frame_age,usable_confidence_proxy,0.7959976928158301,0.0030581965746421004,0.7949080850073025,0.7970417324338718,30,component
stable,dapper_no_frame_age,bandwidth_per_1000_frames_kb,21621.666666666668,335.8425671130112,21499.166666666668,21735.833333333332,30,component
stable,dapper_no_frame_age,stale_acceptance_rate,0.0,0.0,0.0,0.0,30,component
stable,dapper_no_frame_age,fallback_rate,0.0,0.0,0.0,0.0,30,component
stable,dapper_no_frame_age,reuse_rate,0.0,0.0,0.0,0.0,30,component
stable,dapper_no_frame_age,remote_attempt_rate,0.8648666666666667,0.013433702684520463,0.8599666666666667,0.8694333333333334,30,component
stable,dapper_no_frame_age,remote_accept_rate,0.5119299636219802,0.019710509684781493,0.5048710537106218,0.5185906071980788,30,component
stable,dapper_no_frame_age,pct_local_fast,13.513333333333334,1.3433702684520452,13.056666666666667,14.003333333333332,30,component
stable,dapper_no_frame_age,pct_edge_accurate,0.0,0.0,0.0,0.0,30,component
stable,dapper_no_frame_age,pct_hybrid,86.48666666666666,1.3433702684520459,85.99666666666666,86.94333333333334,30,component
stable,dapper_no_frame_age,pct_degraded_safe,0.0,0.0,0.0,0.0,30,component
variable,dapper_no_deadline,deadline_miss_rate,0.0,0.0,0.0,0.0,30,component
variable,dapper_no_deadline,p95_latency_ms,33.747775519517624,0.20973021505140457,33.674877056738595,33.82242868863212,30,component
variable,dapper_no_deadline,mean_latency_ms,20.940446707168096,0.7350940723083381,20.683093557454136,21.20460908128355,30,component
variable,dapper_no_deadline,usable_confidence_proxy,0.7315327792840012,0.0025047865419971973,0.730631117054827,0.7323865275407152,30,component
variable,dapper_no_deadline,bandwidth_per_1000_frames_kb,5777.5,618.9308774285564,5557.5,5997.5,30,component
variable,dapper_no_deadline,stale_acceptance_rate,0.0,0.0,0.0,0.0,30,component
variable,dapper_no_deadline,fallback_rate,0.218,0.040093855406774126,0.2038,0.2323666666666667,30,component
variable,dapper_no_deadline,reuse_rate,0.1668666666666667,0.030431079092149253,0.1560333333333333,0.17773416666666667,30,component
variable,dapper_no_deadline,remote_attempt_rate,0.2311,0.02475723509714226,0.22230000000000005,0.23989999999999997,30,component
variable,dapper_no_deadline,remote_accept_rate,0.1593225904647559,0.030227815733317422,0.1485875090503525,0.16975583920517912,30,component
variable,dapper_no_deadline,pct_local_fast,60.20333333333333,2.981377063607068,59.14666666666667,61.25333333333334,30,component
variable,dapper_no_deadline,pct_edge_accurate,0.0,0.0,0.0,0.0,30,component
variable,dapper_no_deadline,pct_hybrid,23.11,2.475723509714226,22.230000000000008,23.990000000000002,30,component
variable,dapper_no_deadline,pct_degraded_safe,16.686666666666664,3.043107909214925,15.603333333333333,17.773416666666666,30,component
congested,dapper_no_deadline,deadline_miss_rate,0.0,0.0,0.0,0.0,30,component
congested,dapper_no_deadline,p95_latency_ms,33.94268972592376,0.09803104261482531,33.905792187259216,33.976328928607806,30,component
congested,dapper_no_deadline,mean_latency_ms,25.012597088142645,0.18113657767527264,24.94831415515531,25.07737720340451,30,component
congested,dapper_no_deadline,usable_confidence_proxy,0.7249282051819181,0.0016092933478095927,0.7243644131564243,0.7255162553009149,30,component
congested,dapper_no_deadline,bandwidth_per_1000_frames_kb,2.5,7.628214415734117,0.0,5.833333333333333,30,component
congested,dapper_no_deadline,stale_acceptance_rate,0.0,0.0,0.0,0.0,30,component
congested,dapper_no_deadline,fallback_rate,0.0,0.0,0.0,0.0,30,component
congested,dapper_no_deadline,reuse_rate,0.0,0.0,0.0,0.0,30,component
congested,dapper_no_deadline,remote_attempt_rate,0.0001,0.00030512857662936464,0.0,0.00023333333333333333,30,component
congested,dapper_no_deadline,remote_accept_rate,0.0,0.0,0.0,0.0,30,component
congested,dapper_no_deadline,pct_local_fast,99.99000000000001,0.030512857662934732,99.97666666666667,100.0,30,component
congested,dapper_no_deadline,pct_edge_accurate,0.0,0.0,0.0,0.0,30,component
congested,dapper_no_deadline,pct_hybrid,0.010000000000000002,0.030512857662936467,0.0,0.02333333333333333,30,component
congested,dapper_no_deadline,pct_degraded_safe,0.0,0.0,0.0,0.0,30,component
lossy,dapper_no_deadline,deadline_miss_rate,0.0,0.0,0.0,0.0,30,component
lossy,dapper_no_deadline,p95_latency_ms,34.012278154614826,0.12120943376607804,33.96825412712669,34.05448763655662,30,component
lossy,dapper_no_deadline,mean_latency_ms,25.003209635014095,0.15974262798343122,24.94841033219709,25.060905216187447,30,component
lossy,dapper_no_deadline,usable_confidence_proxy,0.7419488805066937,0.0021694651931506532,0.7411955550759999,0.7427314245778471,30,component
lossy,dapper_no_deadline,bandwidth_per_1000_frames_kb,21150.0,355.25609995005595,21029.166666666668,21274.1875,30,component
lossy,dapper_no_deadline,stale_acceptance_rate,0.0,0.0,0.0,0.0,30,component
lossy,dapper_no_deadline,fallback_rate,0.0,0.0,0.0,0.0,30,component
lossy,dapper_no_deadline,reuse_rate,0.0,0.0,0.0,0.0,30,component
lossy,dapper_no_deadline,remote_attempt_rate,0.8459999999999999,0.01421024399800225,0.8411666666666666,0.8509675000000001,30,component
lossy,dapper_no_deadline,remote_accept_rate,0.1272378854001313,0.012843103402622898,0.12269405681602519,0.13180880734578496,30,component
lossy,dapper_no_deadline,pct_local_fast,15.399999999999999,1.4210243998002234,14.903249999999998,15.883333333333333,30,component
lossy,dapper_no_deadline,pct_edge_accurate,0.0,0.0,0.0,0.0,30,component
lossy,dapper_no_deadline,pct_hybrid,84.6,1.4210243998002252,84.11666666666666,85.09675000000001,30,component
lossy,dapper_no_deadline,pct_degraded_safe,0.0,0.0,0.0,0.0,30,component
outage,dapper_no_deadline,deadline_miss_rate,0.0,0.0,0.0,0.0,30,component
outage,dapper_no_deadline,p95_latency_ms,31.2090680098555,0.47911244328228125,31.039226814998724,31.376168056166932,30,component
outage,dapper_no_deadline,mean_latency_ms,7.390057238296957,0.13664596208949592,7.343575207717589,7.43827998612643,30,component
outage,dapper_no_deadline,usable_confidence_proxy,0.7253209680437936,0.0023543780657015435,0.7244553549118276,0.7261262750378226,30,component
outage,dapper_no_deadline,bandwidth_per_1000_frames_kb,0.0,0.0,0.0,0.0,30,component
outage,dapper_no_deadline,stale_acceptance_rate,0.0,0.0,0.0,0.0,30,component
outage,dapper_no_deadline,fallback_rate,0.9997333333333334,0.0005208304597621883,0.9995333333333334,0.9999,30,component
outage,dapper_no_deadline,reuse_rate,0.7339666666666668,0.002918234389836259,0.7329000000000002,0.7349666666666667,30,component
outage,dapper_no_deadline,remote_attempt_rate,0.0,0.0,0.0,0.0,30,component
outage,dapper_no_deadline,remote_accept_rate,0.0,0.0,0.0,0.0,30,component
outage,dapper_no_deadline,pct_local_fast,22.673333333333336,0.5759150639803933,22.470000000000002,22.870000000000005,30,component
outage,dapper_no_deadline,pct_edge_accurate,0.0,0.0,0.0,0.0,30,component
outage,dapper_no_deadline,pct_hybrid,0.0,0.0,0.0,0.0,30,component
outage,dapper_no_deadline,pct_degraded_safe,77.32666666666665,0.5759150639803938,77.13000000000001,77.53,30,component
stable,dapper_no_deadline,deadline_miss_rate,0.0,0.0,0.0,0.0,30,component
stable,dapper_no_deadline,p95_latency_ms,33.984265110354684,0.14612908292769589,33.933733268366254,34.03567770889089,30,component
stable,dapper_no_deadline,mean_latency_ms,25.02027748999063,0.19474756789946776,24.95304205486045,25.093051974407306,30,component
stable,dapper_no_deadline,usable_confidence_proxy,0.7959976928158301,0.0030581965746421004,0.7949080850073025,0.7970417324338718,30,component
stable,dapper_no_deadline,bandwidth_per_1000_frames_kb,21621.666666666668,335.8425671130112,21499.166666666668,21735.833333333332,30,component
stable,dapper_no_deadline,stale_acceptance_rate,0.0,0.0,0.0,0.0,30,component
stable,dapper_no_deadline,fallback_rate,0.0,0.0,0.0,0.0,30,component
stable,dapper_no_deadline,reuse_rate,0.0,0.0,0.0,0.0,30,component
stable,dapper_no_deadline,remote_attempt_rate,0.8648666666666667,0.013433702684520463,0.8599666666666667,0.8694333333333334,30,component
stable,dapper_no_deadline,remote_accept_rate,0.5119299636219802,0.019710509684781493,0.5048710537106218,0.5185906071980788,30,component
stable,dapper_no_deadline,pct_local_fast,13.513333333333334,1.3433702684520452,13.056666666666667,14.003333333333332,30,component
stable,dapper_no_deadline,pct_edge_accurate,0.0,0.0,0.0,0.0,30,component
stable,dapper_no_deadline,pct_hybrid,86.48666666666666,1.3433702684520459,85.99666666666666,86.94333333333334,30,component
stable,dapper_no_deadline,pct_degraded_safe,0.0,0.0,0.0,0.0,30,component
variable,dapper_full,deadline_miss_rate,0.0,0.0,0.0,0.0,30,functional
variable,dapper_full,p95_latency_ms,33.74407704498113,0.2126750836043015,33.66991459060688,33.819528499197034,30,functional
variable,dapper_full,mean_latency_ms,20.905161109397675,0.7368320428921273,20.64777837722676,21.16901104109144,30,functional
variable,dapper_full,usable_confidence_proxy,0.731537829380306,0.002505299049290559,0.7306375575355787,0.7323912626304034,30,functional
variable,dapper_full,bandwidth_per_1000_frames_kb,5777.5,618.9308774285564,5557.5,5997.5,30,functional
variable,dapper_full,stale_acceptance_rate,0.0,0.0,0.0,0.0,30,functional
variable,dapper_full,fallback_rate,0.21943333333333334,0.040132266950356946,0.2052325,0.2338,30,functional
variable,dapper_full,reuse_rate,0.16830000000000003,0.030488154850808802,0.15746666666666667,0.17919999999999997,30,functional
variable,dapper_full,remote_attempt_rate,0.2311,0.02475723509714226,0.22230000000000005,0.23989999999999997,30,functional
variable,dapper_full,remote_accept_rate,0.1593225904647559,0.030227815733317422,0.1485875090503525,0.16975583920517912,30,functional
variable,dapper_full,pct_local_fast,60.05999999999999,2.943326759602662,59.01991666666667,61.103416666666675,30,functional
variable,dapper_full,pct_edge_accurate,0.0,0.0,0.0,0.0,30,functional
variable,dapper_full,pct_hybrid,23.11,2.475723509714226,22.230000000000008,23.990000000000002,30,functional
variable,dapper_full,pct_degraded_safe,16.83,3.0488154850808806,15.74666666666667,17.919999999999998,30,functional
congested,dapper_full,deadline_miss_rate,0.0,0.0,0.0,0.0,30,functional
congested,dapper_full,p95_latency_ms,33.93663339562628,0.10384597263558462,33.89765936597646,33.97222933477223,30,functional
congested,dapper_full,mean_latency_ms,24.831886454720813,0.19570763546815947,24.763119880413207,24.901603933536045,30,functional
congested,dapper_full,usable_confidence_proxy,0.724962592880273,0.001562881778886257,0.7244213882112449,0.7255313473425076,30,functional
congested,dapper_full,bandwidth_per_1000_frames_kb,2.5,7.628214415734117,0.0,5.833333333333333,30,functional
congested,dapper_full,stale_acceptance_rate,0.0,0.0,0.0,0.0,30,functional
congested,dapper_full,fallback_rate,0.007433333333333334,0.0027628487713469464,0.0064666666666666674,0.008400000000000001,30,functional
congested,dapper_full,reuse_rate,0.007433333333333334,0.0027628487713469464,0.0064666666666666674,0.008400000000000001,30,functional
congested,dapper_full,remote_attempt_rate,0.0001,0.00030512857662936464,0.0,0.00023333333333333333,30,functional
congested,dapper_full,remote_accept_rate,0.0,0.0,0.0,0.0,30,functional
congested,dapper_full,pct_local_fast,99.24666666666667,0.28494806947731727,99.14666666666666,99.34666666666666,30,functional
congested,dapper_full,pct_edge_accurate,0.0,0.0,0.0,0.0,30,functional
congested,dapper_full,pct_hybrid,0.010000000000000002,0.030512857662936467,0.0,0.02333333333333333,30,functional
congested,dapper_full,pct_degraded_safe,0.7433333333333334,0.2762848771346947,0.6466666666666667,0.8400000000000002,30,functional
lossy,dapper_full,deadline_miss_rate,0.0,0.0,0.0,0.0,30,functional
lossy,dapper_full,p95_latency_ms,34.012278154614826,0.12120943376607804,33.96825412712669,34.05448763655662,30,functional
lossy,dapper_full,mean_latency_ms,25.003209635014095,0.15974262798343122,24.94841033219709,25.060905216187447,30,functional
lossy,dapper_full,usable_confidence_proxy,0.7405908249005024,0.0021791822011149593,0.7398371863884554,0.7413865873770361,30,functional
lossy,dapper_full,bandwidth_per_1000_frames_kb,18126.666666666668,439.9222763118529,17975.0,18280.833333333332,30,functional
lossy,dapper_full,stale_acceptance_rate,0.0,0.0,0.0,0.0,30,functional
lossy,dapper_full,fallback_rate,0.0,0.0,0.0,0.0,30,functional
lossy,dapper_full,reuse_rate,0.0,0.0,0.0,0.0,30,functional
lossy,dapper_full,remote_attempt_rate,0.7250666666666666,0.017596891052474133,0.7189999999999999,0.7312333333333334,30,functional
lossy,dapper_full,remote_accept_rate,0.13679093773844395,0.013577245742963,0.1319855693266303,0.14159610786056306,30,functional
lossy,dapper_full,pct_local_fast,27.493333333333332,1.7596891052474113,26.876666666666665,28.1,30,functional
lossy,dapper_full,pct_edge_accurate,0.0,0.0,0.0,0.0,30,functional
lossy,dapper_full,pct_hybrid,72.50666666666667,1.759689105247415,71.9,73.12333333333332,30,functional
lossy,dapper_full,pct_degraded_safe,0.0,0.0,0.0,0.0,30,functional
outage,dapper_full,deadline_miss_rate,0.0,0.0,0.0,0.0,30,functional
outage,dapper_full,p95_latency_ms,31.18838425196936,0.5009047087578914,31.01292571232953,31.362502768723584,30,functional
outage,dapper_full,mean_latency_ms,7.381609814192322,0.14348774576691167,7.332516468225608,7.433043705764936,30,functional
outage,dapper_full,usable_confidence_proxy,0.7255264574970844,0.00273138929991575,0.724534548793681,0.7264857617893061,30,functional
outage,dapper_full,bandwidth_per_1000_frames_kb,0.0,0.0,0.0,0.0,30,functional
outage,dapper_full,stale_acceptance_rate,0.0,0.0,0.0,0.0,30,functional
outage,dapper_full,fallback_rate,1.0,0.0,1.0,1.0,30,functional
outage,dapper_full,reuse_rate,0.7340333333333333,0.0029300268721061903,0.7329666666666668,0.7350333333333333,30,functional
outage,dapper_full,remote_attempt_rate,0.0,0.0,0.0,0.0,30,functional
outage,dapper_full,remote_accept_rate,0.0,0.0,0.0,0.0,30,functional
outage,dapper_full,pct_local_fast,22.63,0.6012343624749752,22.416666666666664,22.83666666666667,30,functional
outage,dapper_full,pct_edge_accurate,0.0,0.0,0.0,0.0,30,functional
outage,dapper_full,pct_hybrid,0.0,0.0,0.0,0.0,30,functional
outage,dapper_full,pct_degraded_safe,77.36999999999999,0.6012343624749765,77.16333333333333,77.58333333333333,30,functional
stable,dapper_full,deadline_miss_rate,0.0,0.0,0.0,0.0,30,functional
stable,dapper_full,p95_latency_ms,33.984265110354684,0.14612908292769589,33.933733268366254,34.03567770889089,30,functional
stable,dapper_full,mean_latency_ms,25.02027748999063,0.19474756789946776,24.95304205486045,25.093051974407306,30,functional
stable,dapper_full,usable_confidence_proxy,0.7959976928158301,0.0030581965746421004,0.7949080850073025,0.7970417324338718,30,functional
stable,dapper_full,bandwidth_per_1000_frames_kb,21621.666666666668,335.8425671130112,21499.166666666668,21735.833333333332,30,functional
stable,dapper_full,stale_acceptance_rate,0.0,0.0,0.0,0.0,30,functional
stable,dapper_full,fallback_rate,0.0,0.0,0.0,0.0,30,functional
stable,dapper_full,reuse_rate,0.0,0.0,0.0,0.0,30,functional
stable,dapper_full,remote_attempt_rate,0.8648666666666667,0.013433702684520463,0.8599666666666667,0.8694333333333334,30,functional
stable,dapper_full,remote_accept_rate,0.5119299636219802,0.019710509684781493,0.5048710537106218,0.5185906071980788,30,functional
stable,dapper_full,pct_local_fast,13.513333333333334,1.3433702684520452,13.056666666666667,14.003333333333332,30,functional
stable,dapper_full,pct_edge_accurate,0.0,0.0,0.0,0.0,30,functional
stable,dapper_full,pct_hybrid,86.48666666666666,1.3433702684520459,85.99666666666666,86.94333333333334,30,functional
stable,dapper_full,pct_degraded_safe,0.0,0.0,0.0,0.0,30,functional
variable,dapper_no_confidence_gate,deadline_miss_rate,0.0,0.0,0.0,0.0,30,functional
variable,dapper_no_confidence_gate,p95_latency_ms,33.74407704498113,0.2126750836043015,33.66991459060688,33.819528499197034,30,functional
variable,dapper_no_confidence_gate,mean_latency_ms,20.905161109397675,0.7368320428921273,20.64777837722676,21.16901104109144,30,functional
variable,dapper_no_confidence_gate,usable_confidence_proxy,0.7319820659389815,0.0025181524156429242,0.7310717966856941,0.7328359772586023,30,functional
variable,dapper_no_confidence_gate,bandwidth_per_1000_frames_kb,6705.833333333333,701.8351355348808,6459.145833333334,6954.166666666667,30,functional
variable,dapper_no_confidence_gate,stale_acceptance_rate,0.0,0.0,0.0,0.0,30,functional
variable,dapper_no_confidence_gate,fallback_rate,0.21943333333333334,0.040132266950356946,0.2052325,0.2338,30,functional
variable,dapper_no_confidence_gate,reuse_rate,0.16830000000000003,0.030488154850808802,0.15746666666666667,0.17919999999999997,30,functional
variable,dapper_no_confidence_gate,remote_attempt_rate,0.2682333333333334,0.028073405421395227,0.25836583333333324,0.2781666666666667,30,functional
variable,dapper_no_confidence_gate,remote_accept_rate,0.15676822313799646,0.02786580280119965,0.14705653956446596,0.1665603319598702,30,functional
variable,dapper_no_confidence_gate,pct_local_fast,56.34666666666667,2.915680950018167,55.32333333333334,57.379999999999995,30,functional
variable,dapper_no_confidence_gate,pct_edge_accurate,0.0,0.0,0.0,0.0,30,functional
variable,dapper_no_confidence_gate,pct_hybrid,26.82333333333333,2.807340542139523,25.836583333333323,27.816666666666666,30,functional
variable,dapper_no_confidence_gate,pct_degraded_safe,16.83,3.0488154850808806,15.74666666666667,17.919999999999998,30,functional
congested,dapper_no_confidence_gate,deadline_miss_rate,0.0,0.0,0.0,0.0,30,functional
congested,dapper_no_confidence_gate,p95_latency_ms,33.93663339562628,0.10384597263558462,33.89765936597646,33.97222933477223,30,functional
congested,dapper_no_confidence_gate,mean_latency_ms,24.831886454720813,0.19570763546815947,24.763119880413207,24.901603933536045,30,functional
congested,dapper_no_confidence_gate,usable_confidence_proxy,0.724962592880273,0.001562881778886257,0.7244213882112449,0.7255313473425076,30,functional
congested,dapper_no_confidence_gate,bandwidth_per_1000_frames_kb,2.5,7.628214415734117,0.0,5.833333333333333,30,functional
congested,dapper_no_confidence_gate,stale_acceptance_rate,0.0,0.0,0.0,0.0,30,functional
congested,dapper_no_confidence_gate,fallback_rate,0.007433333333333334,0.0027628487713469464,0.0064666666666666674,0.008400000000000001,30,functional
congested,dapper_no_confidence_gate,reuse_rate,0.007433333333333334,0.0027628487713469464,0.0064666666666666674,0.008400000000000001,30,functional
congested,dapper_no_confidence_gate,remote_attempt_rate,0.0001,0.00030512857662936464,0.0,0.00023333333333333333,30,functional
congested,dapper_no_confidence_gate,remote_accept_rate,0.0,0.0,0.0,0.0,30,functional
congested,dapper_no_confidence_gate,pct_local_fast,99.24666666666667,0.28494806947731727,99.14666666666666,99.34666666666666,30,functional
congested,dapper_no_confidence_gate,pct_edge_accurate,0.0,0.0,0.0,0.0,30,functional
congested,dapper_no_confidence_gate,pct_hybrid,0.010000000000000002,0.030512857662936467,0.0,0.02333333333333333,30,functional
congested,dapper_no_confidence_gate,pct_degraded_safe,0.7433333333333334,0.2762848771346947,0.6466666666666667,0.8400000000000002,30,functional
lossy,dapper_no_confidence_gate,deadline_miss_rate,0.0,0.0,0.0,0.0,30,functional
lossy,dapper_no_confidence_gate,p95_latency_ms,34.012278154614826,0.12120943376607804,33.96825412712669,34.05448763655662,30,functional
lossy,dapper_no_confidence_gate,mean_latency_ms,25.003209635014095,0.15974262798343122,24.94841033219709,25.060905216187447,30,functional
lossy,dapper_no_confidence_gate,usable_confidence_proxy,0.7420300026271277,0.0024406394420146108,0.7411892469834542,0.7429181302284331,30,functional
lossy,dapper_no_confidence_gate,bandwidth_per_1000_frames_kb,20925.833333333332,401.6927186667504,20784.166666666668,21060.833333333332,30,functional
lossy,dapper_no_confidence_gate,stale_acceptance_rate,0.0,0.0,0.0,0.0,30,functional
lossy,dapper_no_confidence_gate,fallback_rate,0.0,0.0,0.0,0.0,30,functional
lossy,dapper_no_confidence_gate,reuse_rate,0.0,0.0,0.0,0.0,30,functional
lossy,dapper_no_confidence_gate,remote_attempt_rate,0.8370333333333334,0.01606770874667001,0.8313666666666669,0.8424333333333335,30,functional
lossy,dapper_no_confidence_gate,remote_accept_rate,0.13792918885217073,0.013249493948586048,0.13338030195249534,0.14276941397280626,30,functional
lossy,dapper_no_confidence_gate,pct_local_fast,16.296666666666667,1.6067708746670013,15.756666666666666,16.863333333333333,30,functional
lossy,dapper_no_confidence_gate,pct_edge_accurate,0.0,0.0,0.0,0.0,30,functional
lossy,dapper_no_confidence_gate,pct_hybrid,83.70333333333333,1.606770874667001,83.13666666666667,84.24333333333334,30,functional
lossy,dapper_no_confidence_gate,pct_degraded_safe,0.0,0.0,0.0,0.0,30,functional
outage,dapper_no_confidence_gate,deadline_miss_rate,0.0,0.0,0.0,0.0,30,functional
outage,dapper_no_confidence_gate,p95_latency_ms,31.18838425196936,0.5009047087578914,31.01292571232953,31.362502768723584,30,functional
outage,dapper_no_confidence_gate,mean_latency_ms,7.381609814192322,0.14348774576691167,7.332516468225608,7.433043705764936,30,functional
outage,dapper_no_confidence_gate,usable_confidence_proxy,0.7255264574970844,0.00273138929991575,0.724534548793681,0.7264857617893061,30,functional
outage,dapper_no_confidence_gate,bandwidth_per_1000_frames_kb,0.0,0.0,0.0,0.0,30,functional
outage,dapper_no_confidence_gate,stale_acceptance_rate,0.0,0.0,0.0,0.0,30,functional
outage,dapper_no_confidence_gate,fallback_rate,1.0,0.0,1.0,1.0,30,functional
outage,dapper_no_confidence_gate,reuse_rate,0.7340333333333333,0.0029300268721061903,0.7329666666666668,0.7350333333333333,30,functional
outage,dapper_no_confidence_gate,remote_attempt_rate,0.0,0.0,0.0,0.0,30,functional
outage,dapper_no_confidence_gate,remote_accept_rate,0.0,0.0,0.0,0.0,30,functional
outage,dapper_no_confidence_gate,pct_local_fast,22.63,0.6012343624749752,22.416666666666664,22.83666666666667,30,functional
outage,dapper_no_confidence_gate,pct_edge_accurate,0.0,0.0,0.0,0.0,30,functional
outage,dapper_no_confidence_gate,pct_hybrid,0.0,0.0,0.0,0.0,30,functional
outage,dapper_no_confidence_gate,pct_degraded_safe,77.36999999999999,0.6012343624749765,77.16333333333333,77.58333333333333,30,functional
stable,dapper_no_confidence_gate,deadline_miss_rate,0.0,0.0,0.0,0.0,30,functional
stable,dapper_no_confidence_gate,p95_latency_ms,33.984265110354684,0.14612908292769589,33.933733268366254,34.03567770889089,30,functional
stable,dapper_no_confidence_gate,mean_latency_ms,25.02027748999063,0.19474756789946776,24.95304205486045,25.093051974407306,30,functional
stable,dapper_no_confidence_gate,usable_confidence_proxy,0.8018397604921572,0.003217967031190964,0.8006917984108397,0.8029416194333966,30,functional
stable,dapper_no_confidence_gate,bandwidth_per_1000_frames_kb,25000.0,0.0,25000.0,25000.0,30,functional
stable,dapper_no_confidence_gate,stale_acceptance_rate,0.0,0.0,0.0,0.0,30,functional
stable,dapper_no_confidence_gate,fallback_rate,0.0,0.0,0.0,0.0,30,functional
stable,dapper_no_confidence_gate,reuse_rate,0.0,0.0,0.0,0.0,30,functional
stable,dapper_no_confidence_gate,remote_attempt_rate,1.0,0.0,1.0,1.0,30,functional
stable,dapper_no_confidence_gate,remote_accept_rate,0.5123333333333334,0.017307230566588578,0.5061666666666667,0.5182666666666668,30,functional
stable,dapper_no_confidence_gate,pct_local_fast,0.0,0.0,0.0,0.0,30,functional
stable,dapper_no_confidence_gate,pct_edge_accurate,0.0,0.0,0.0,0.0,30,functional
stable,dapper_no_confidence_gate,pct_hybrid,100.0,0.0,100.0,100.0,30,functional
stable,dapper_no_confidence_gate,pct_degraded_safe,0.0,0.0,0.0,0.0,30,functional
variable,dapper_no_freshness_gate,deadline_miss_rate,0.0,0.0,0.0,0.0,30,functional
variable,dapper_no_freshness_gate,p95_latency_ms,33.74407704498113,0.2126750836043015,33.66991459060688,33.819528499197034,30,functional
variable,dapper_no_freshness_gate,mean_latency_ms,20.905161109397675,0.7368320428921273,20.64777837722676,21.16901104109144,30,functional
variable,dapper_no_freshness_gate,usable_confidence_proxy,0.731537829380306,0.002505299049290559,0.7306375575355787,0.7323912626304034,30,functional
variable,dapper_no_freshness_gate,bandwidth_per_1000_frames_kb,9745.833333333334,800.5139333398665,9466.666666666666,10035.854166666666,30,functional
variable,dapper_no_freshness_gate,stale_acceptance_rate,0.0,0.0,0.0,0.0,30,functional
variable,dapper_no_freshness_gate,fallback_rate,0.21943333333333334,0.040132266950356946,0.2052325,0.2338,30,functional
variable,dapper_no_freshness_gate,reuse_rate,0.16830000000000003,0.030488154850808802,0.15746666666666667,0.17919999999999997,30,functional
variable,dapper_no_freshness_gate,remote_attempt_rate,0.3898333333333333,0.032020557333594664,0.37866666666666665,0.4014341666666667,30,functional
variable,dapper_no_freshness_gate,remote_accept_rate,0.09445689345634795,0.019287803579956114,0.08773577733692475,0.1011722036551417,30,functional
variable,dapper_no_freshness_gate,pct_local_fast,44.18666666666666,2.781184730604411,43.19666666666667,45.13666666666666,30,functional
variable,dapper_no_freshness_gate,pct_edge_accurate,0.0,0.0,0.0,0.0,30,functional
variable,dapper_no_freshness_gate,pct_hybrid,38.983333333333334,3.2020557333594666,37.86666666666667,40.14341666666667,30,functional
variable,dapper_no_freshness_gate,pct_degraded_safe,16.83,3.0488154850808806,15.74666666666667,17.919999999999998,30,functional
congested,dapper_no_freshness_gate,deadline_miss_rate,0.0,0.0,0.0,0.0,30,functional
congested,dapper_no_freshness_gate,p95_latency_ms,33.93663339562628,0.10384597263558462,33.89765936597646,33.97222933477223,30,functional
congested,dapper_no_freshness_gate,mean_latency_ms,24.831886454720813,0.19570763546815947,24.763119880413207,24.901603933536045,30,functional
congested,dapper_no_freshness_gate,usable_confidence_proxy,0.724962592880273,0.001562881778886257,0.7244213882112449,0.7255313473425076,30,functional
congested,dapper_no_freshness_gate,bandwidth_per_1000_frames_kb,150.0,88.08303292720552,121.66666666666667,182.52083333333303,30,functional
congested,dapper_no_freshness_gate,stale_acceptance_rate,0.0,0.0,0.0,0.0,30,functional
congested,dapper_no_freshness_gate,fallback_rate,0.007433333333333334,0.0027628487713469464,0.0064666666666666674,0.008400000000000001,30,functional
congested,dapper_no_freshness_gate,reuse_rate,0.007433333333333334,0.0027628487713469464,0.0064666666666666674,0.008400000000000001,30,functional
congested,dapper_no_freshness_gate,remote_attempt_rate,0.006000000000000001,0.003523321317088221,0.0048666666666666684,0.007300833333333323,30,functional
congested,dapper_no_freshness_gate,remote_accept_rate,0.0,0.0,0.0,0.0,30,functional
congested,dapper_no_freshness_gate,pct_local_fast,98.65666666666668,0.5110390587227464,98.47,98.82999999999998,30,functional
congested,dapper_no_freshness_gate,pct_edge_accurate,0.0,0.0,0.0,0.0,30,functional
congested,dapper_no_freshness_gate,pct_hybrid,0.6,0.35233213170882205,0.48666666666666686,0.7300833333333323,30,functional
congested,dapper_no_freshness_gate,pct_degraded_safe,0.7433333333333334,0.2762848771346947,0.6466666666666667,0.8400000000000002,30,functional
lossy,dapper_no_freshness_gate,deadline_miss_rate,0.0,0.0,0.0,0.0,30,functional
lossy,dapper_no_freshness_gate,p95_latency_ms,34.012278154614826,0.12120943376607804,33.96825412712669,34.05448763655662,30,functional
lossy,dapper_no_freshness_gate,mean_latency_ms,25.003209635014095,0.15974262798343122,24.94841033219709,25.060905216187447,30,functional
lossy,dapper_no_freshness_gate,usable_confidence_proxy,0.7405908249005024,0.0021791822011149593,0.7398371863884554,0.7413865873770361,30,functional
lossy,dapper_no_freshness_gate,bandwidth_per_1000_frames_kb,18267.5,437.230212383236,18116.666666666668,18422.5,30,functional
lossy,dapper_no_freshness_gate,stale_acceptance_rate,0.0,0.0,0.0,0.0,30,functional
lossy,dapper_no_freshness_gate,fallback_rate,0.0,0.0,0.0,0.0,30,functional
lossy,dapper_no_freshness_gate,reuse_rate,0.0,0.0,0.0,0.0,30,functional
lossy,dapper_no_freshness_gate,remote_attempt_rate,0.7307,0.017489208495329457,0.7246666666666666,0.7369000000000001,30,functional
lossy,dapper_no_freshness_gate,remote_accept_rate,0.1357398998108467,0.013523212328412294,0.13094456710166533,0.1405399112121366,30,functional
lossy,dapper_no_freshness_gate,pct_local_fast,26.93,1.7489208495329438,26.31,27.533333333333335,30,functional
lossy,dapper_no_freshness_gate,pct_edge_accurate,0.0,0.0,0.0,0.0,30,functional
lossy,dapper_no_freshness_gate,pct_hybrid,73.07,1.7489208495329451,72.46666666666667,73.69,30,functional
lossy,dapper_no_freshness_gate,pct_degraded_safe,0.0,0.0,0.0,0.0,30,functional
outage,dapper_no_freshness_gate,deadline_miss_rate,0.0,0.0,0.0,0.0,30,functional
outage,dapper_no_freshness_gate,p95_latency_ms,31.18838425196936,0.5009047087578914,31.01292571232953,31.362502768723584,30,functional
outage,dapper_no_freshness_gate,mean_latency_ms,7.381609814192322,0.14348774576691167,7.332516468225608,7.433043705764936,30,functional
outage,dapper_no_freshness_gate,usable_confidence_proxy,0.7255264574970844,0.00273138929991575,0.724534548793681,0.7264857617893061,30,functional
outage,dapper_no_freshness_gate,bandwidth_per_1000_frames_kb,0.0,0.0,0.0,0.0,30,functional
outage,dapper_no_freshness_gate,stale_acceptance_rate,0.0,0.0,0.0,0.0,30,functional
outage,dapper_no_freshness_gate,fallback_rate,1.0,0.0,1.0,1.0,30,functional
outage,dapper_no_freshness_gate,reuse_rate,0.7340333333333333,0.0029300268721061903,0.7329666666666668,0.7350333333333333,30,functional
outage,dapper_no_freshness_gate,remote_attempt_rate,0.0,0.0,0.0,0.0,30,functional
outage,dapper_no_freshness_gate,remote_accept_rate,0.0,0.0,0.0,0.0,30,functional
outage,dapper_no_freshness_gate,pct_local_fast,22.63,0.6012343624749752,22.416666666666664,22.83666666666667,30,functional
outage,dapper_no_freshness_gate,pct_edge_accurate,0.0,0.0,0.0,0.0,30,functional
outage,dapper_no_freshness_gate,pct_hybrid,0.0,0.0,0.0,0.0,30,functional
outage,dapper_no_freshness_gate,pct_degraded_safe,77.36999999999999,0.6012343624749765,77.16333333333333,77.58333333333333,30,functional
stable,dapper_no_freshness_gate,deadline_miss_rate,0.0,0.0,0.0,0.0,30,functional
stable,dapper_no_freshness_gate,p95_latency_ms,33.984265110354684,0.14612908292769589,33.933733268366254,34.03567770889089,30,functional
stable,dapper_no_freshness_gate,mean_latency_ms,25.02027748999063,0.19474756789946776,24.95304205486045,25.093051974407306,30,functional
stable,dapper_no_freshness_gate,usable_confidence_proxy,0.7959976928158301,0.0030581965746421004,0.7949080850073025,0.7970417324338718,30,functional
stable,dapper_no_freshness_gate,bandwidth_per_1000_frames_kb,21621.666666666668,335.8425671130112,21499.166666666668,21735.833333333332,30,functional
stable,dapper_no_freshness_gate,stale_acceptance_rate,0.0,0.0,0.0,0.0,30,functional
stable,dapper_no_freshness_gate,fallback_rate,0.0,0.0,0.0,0.0,30,functional
stable,dapper_no_freshness_gate,reuse_rate,0.0,0.0,0.0,0.0,30,functional
stable,dapper_no_freshness_gate,remote_attempt_rate,0.8648666666666667,0.013433702684520463,0.8599666666666667,0.8694333333333334,30,functional
stable,dapper_no_freshness_gate,remote_accept_rate,0.5119299636219802,0.019710509684781493,0.5048710537106218,0.5185906071980788,30,functional
stable,dapper_no_freshness_gate,pct_local_fast,13.513333333333334,1.3433702684520452,13.056666666666667,14.003333333333332,30,functional
stable,dapper_no_freshness_gate,pct_edge_accurate,0.0,0.0,0.0,0.0,30,functional
stable,dapper_no_freshness_gate,pct_hybrid,86.48666666666666,1.3433702684520459,85.99666666666666,86.94333333333334,30,functional
stable,dapper_no_freshness_gate,pct_degraded_safe,0.0,0.0,0.0,0.0,30,functional
variable,dapper_no_degraded_reuse,deadline_miss_rate,0.0,0.0,0.0,0.0,30,functional
variable,dapper_no_degraded_reuse,p95_latency_ms,33.96586181656981,0.1428031581071307,33.91403160741768,34.01584802646672,30,functional
variable,dapper_no_degraded_reuse,mean_latency_ms,24.918982283397593,0.1979224220742818,24.851373443707356,24.98968427302417,30,functional
variable,dapper_no_degraded_reuse,usable_confidence_proxy,0.7312527083347301,0.002146762896192505,0.7304846637242931,0.7319993027902018,30,functional
variable,dapper_no_degraded_reuse,bandwidth_per_1000_frames_kb,5777.5,618.9308774285564,5557.5,5997.5,30,functional
variable,dapper_no_degraded_reuse,stale_acceptance_rate,0.0,0.0,0.0,0.0,30,functional
variable,dapper_no_degraded_reuse,fallback_rate,0.21943333333333334,0.040132266950356946,0.2052325,0.2338,30,functional
variable,dapper_no_degraded_reuse,reuse_rate,0.0014333333333333338,0.001675036455256058,0.0009,0.0020666666666666667,30,functional
variable,dapper_no_degraded_reuse,remote_attempt_rate,0.2311,0.02475723509714226,0.22230000000000005,0.23989999999999997,30,functional
variable,dapper_no_degraded_reuse,remote_accept_rate,0.1593225904647559,0.030227815733317422,0.1485875090503525,0.16975583920517912,30,functional
variable,dapper_no_degraded_reuse,pct_local_fast,76.74666666666666,2.4283857748027544,75.88324999999998,77.60333333333334,30,functional
variable,dapper_no_degraded_reuse,pct_edge_accurate,0.0,0.0,0.0,0.0,30,functional
variable,dapper_no_degraded_reuse,pct_hybrid,23.11,2.475723509714226,22.230000000000008,23.990000000000002,30,functional
variable,dapper_no_degraded_reuse,pct_degraded_safe,0.14333333333333328,0.16750364552560587,0.09000000000000001,0.20666666666666664,30,functional
congested,dapper_no_degraded_reuse,deadline_miss_rate,0.0,0.0,0.0,0.0,30,functional
congested,dapper_no_degraded_reuse,p95_latency_ms,33.93663339562628,0.10384597263558462,33.89765936597646,33.97222933477223,30,functional
congested,dapper_no_degraded_reuse,mean_latency_ms,24.831886454720813,0.19570763546815947,24.763119880413207,24.901603933536045,30,functional
congested,dapper_no_degraded_reuse,usable_confidence_proxy,0.724962592880273,0.001562881778886257,0.7244213882112449,0.7255313473425076,30,functional
congested,dapper_no_degraded_reuse,bandwidth_per_1000_frames_kb,2.5,7.628214415734117,0.0,5.833333333333333,30,functional
congested,dapper_no_degraded_reuse,stale_acceptance_rate,0.0,0.0,0.0,0.0,30,functional
congested,dapper_no_degraded_reuse,fallback_rate,0.007433333333333334,0.0027628487713469464,0.0064666666666666674,0.008400000000000001,30,functional
congested,dapper_no_degraded_reuse,reuse_rate,0.007433333333333334,0.0027628487713469464,0.0064666666666666674,0.008400000000000001,30,functional
congested,dapper_no_degraded_reuse,remote_attempt_rate,0.0001,0.00030512857662936464,0.0,0.00023333333333333333,30,functional
congested,dapper_no_degraded_reuse,remote_accept_rate,0.0,0.0,0.0,0.0,30,functional
congested,dapper_no_degraded_reuse,pct_local_fast,99.24666666666667,0.28494806947731727,99.14666666666666,99.34666666666666,30,functional
congested,dapper_no_degraded_reuse,pct_edge_accurate,0.0,0.0,0.0,0.0,30,functional
congested,dapper_no_degraded_reuse,pct_hybrid,0.010000000000000002,0.030512857662936467,0.0,0.02333333333333333,30,functional
congested,dapper_no_degraded_reuse,pct_degraded_safe,0.7433333333333334,0.2762848771346947,0.6466666666666667,0.8400000000000002,30,functional
lossy,dapper_no_degraded_reuse,deadline_miss_rate,0.0,0.0,0.0,0.0,30,functional
lossy,dapper_no_degraded_reuse,p95_latency_ms,34.012278154614826,0.12120943376607804,33.96825412712669,34.05448763655662,30,functional
lossy,dapper_no_degraded_reuse,mean_latency_ms,25.003209635014095,0.15974262798343122,24.94841033219709,25.060905216187447,30,functional
lossy,dapper_no_degraded_reuse,usable_confidence_proxy,0.7405908249005024,0.0021791822011149593,0.7398371863884554,0.7413865873770361,30,functional
lossy,dapper_no_degraded_reuse,bandwidth_per_1000_frames_kb,18126.666666666668,439.9222763118529,17975.0,18280.833333333332,30,functional
lossy,dapper_no_degraded_reuse,stale_acceptance_rate,0.0,0.0,0.0,0.0,30,functional
lossy,dapper_no_degraded_reuse,fallback_rate,0.0,0.0,0.0,0.0,30,functional
lossy,dapper_no_degraded_reuse,reuse_rate,0.0,0.0,0.0,0.0,30,functional
lossy,dapper_no_degraded_reuse,remote_attempt_rate,0.7250666666666666,0.017596891052474133,0.7189999999999999,0.7312333333333334,30,functional
lossy,dapper_no_degraded_reuse,remote_accept_rate,0.13679093773844395,0.013577245742963,0.1319855693266303,0.14159610786056306,30,functional
lossy,dapper_no_degraded_reuse,pct_local_fast,27.493333333333332,1.7596891052474113,26.876666666666665,28.1,30,functional
lossy,dapper_no_degraded_reuse,pct_edge_accurate,0.0,0.0,0.0,0.0,30,functional
lossy,dapper_no_degraded_reuse,pct_hybrid,72.50666666666667,1.759689105247415,71.9,73.12333333333332,30,functional
lossy,dapper_no_degraded_reuse,pct_degraded_safe,0.0,0.0,0.0,0.0,30,functional
outage,dapper_no_degraded_reuse,deadline_miss_rate,0.0,0.0,0.0,0.0,30,functional
outage,dapper_no_degraded_reuse,p95_latency_ms,33.85447284653371,0.19584905234167876,33.78387422047603,33.92094624637683,30,functional
outage,dapper_no_degraded_reuse,mean_latency_ms,22.000390843168113,0.3697135757253695,21.865841077765094,22.127051096118663,30,functional
outage,dapper_no_degraded_reuse,usable_confidence_proxy,0.725064323193029,0.0017720030802013135,0.7244233710595496,0.7256728237254777,30,functional
outage,dapper_no_degraded_reuse,bandwidth_per_1000_frames_kb,0.0,0.0,0.0,0.0,30,functional
outage,dapper_no_degraded_reuse,stale_acceptance_rate,0.0,0.0,0.0,0.0,30,functional
outage,dapper_no_degraded_reuse,fallback_rate,1.0,0.0,1.0,1.0,30,functional
outage,dapper_no_degraded_reuse,reuse_rate,0.12469999999999999,0.013388492227951998,0.12006666666666667,0.12956666666666666,30,functional
outage,dapper_no_degraded_reuse,remote_attempt_rate,0.0,0.0,0.0,0.0,30,functional
outage,dapper_no_degraded_reuse,remote_accept_rate,0.0,0.0,0.0,0.0,30,functional
outage,dapper_no_degraded_reuse,pct_local_fast,85.32000000000001,1.7916280402144757,84.67333333333333,85.93666666666665,30,functional
outage,dapper_no_degraded_reuse,pct_edge_accurate,0.0,0.0,0.0,0.0,30,functional
outage,dapper_no_degraded_reuse,pct_hybrid,0.0,0.0,0.0,0.0,30,functional
outage,dapper_no_degraded_reuse,pct_degraded_safe,14.680000000000001,1.7916280402144742,14.063333333333336,15.326666666666663,30,functional
stable,dapper_no_degraded_reuse,deadline_miss_rate,0.0,0.0,0.0,0.0,30,functional
stable,dapper_no_degraded_reuse,p95_latency_ms,33.984265110354684,0.14612908292769589,33.933733268366254,34.03567770889089,30,functional
stable,dapper_no_degraded_reuse,mean_latency_ms,25.02027748999063,0.19474756789946776,24.95304205486045,25.093051974407306,30,functional
stable,dapper_no_degraded_reuse,usable_confidence_proxy,0.7959976928158301,0.0030581965746421004,0.7949080850073025,0.7970417324338718,30,functional
stable,dapper_no_degraded_reuse,bandwidth_per_1000_frames_kb,21621.666666666668,335.8425671130112,21499.166666666668,21735.833333333332,30,functional
stable,dapper_no_degraded_reuse,stale_acceptance_rate,0.0,0.0,0.0,0.0,30,functional
stable,dapper_no_degraded_reuse,fallback_rate,0.0,0.0,0.0,0.0,30,functional
stable,dapper_no_degraded_reuse,reuse_rate,0.0,0.0,0.0,0.0,30,functional
stable,dapper_no_degraded_reuse,remote_attempt_rate,0.8648666666666667,0.013433702684520463,0.8599666666666667,0.8694333333333334,30,functional
stable,dapper_no_degraded_reuse,remote_accept_rate,0.5119299636219802,0.019710509684781493,0.5048710537106218,0.5185906071980788,30,functional
stable,dapper_no_degraded_reuse,pct_local_fast,13.513333333333334,1.3433702684520452,13.056666666666667,14.003333333333332,30,functional
stable,dapper_no_degraded_reuse,pct_edge_accurate,0.0,0.0,0.0,0.0,30,functional
stable,dapper_no_degraded_reuse,pct_hybrid,86.48666666666666,1.3433702684520459,85.99666666666666,86.94333333333334,30,functional
stable,dapper_no_degraded_reuse,pct_degraded_safe,0.0,0.0,0.0,0.0,30,functional
