frame_id,timestamp,run_mode,profile,selected_mode,rtt_ms,packet_loss,edge_load,edge_available,deadline_ms,latency_ms,deadline_met,confidence,stale_output,fallback_used,bandwidth_kb,risk_score,decision_reason,source,detections
0,0.0,dapper,variable,hybrid,39.0801668844748,0.083132895926613,0.5094056471639121,True,100.0,26.864345203394645,True,0.7044281288414205,False,False,0.0,0.3881312999482325,low_risk_hybrid_for_freshness,local,1
1,33.333333333333336,dapper,variable,hybrid,28.683231997078018,0.07223720705542751,0.5043620918076939,True,100.0,25.185756548348913,True,0.7993631728333088,False,False,0.0,0.3419916358731724,low_risk_hybrid_for_freshness,local,0
2,66.66666666666667,dapper,variable,hybrid,26.12130115843202,0.0853894645600995,0.5112675928004446,True,100.0,26.367050713394846,True,0.7900241450954019,False,False,0.0,0.33416348408025665,low_risk_hybrid_for_freshness,local,0
3,100.0,dapper,variable,local_fast,45.12094348406676,0.07818141348941081,0.5004211496115234,True,100.0,15.653801277175408,True,0.7090144646324136,False,False,0.0,0.40644089868278543,risk_moderate_prefer_local,local,0
4,133.33333333333334,dapper,variable,hybrid,36.51639313014224,0.08537288027287727,0.49983766057935625,True,100.0,26.585049630936233,True,0.7759209907733237,False,False,0.0,0.37839488912426444,low_risk_hybrid_for_freshness,local,1
5,166.66666666666669,dapper,variable,hybrid,33.411714974858185,0.09139447342679553,0.498324833642797,True,100.0,16.25421645797629,True,0.735434841584354,False,False,0.0,0.36910806948646185,low_risk_hybrid_for_freshness,local,1
6,200.00000000000003,dapper,variable,hybrid,34.690798202274316,0.07931541074718361,0.5023143075578784,True,100.0,23.487440373115437,True,0.7429890323375339,False,False,0.0,0.37055956306579696,low_risk_hybrid_for_freshness,local,3
7,233.33333333333337,dapper,variable,local_fast,43.80717927317479,0.10747883301523309,0.49778729588245657,True,100.0,25.531855447932752,True,0.7328557640687721,False,False,0.0,0.41023687174305024,risk_moderate_prefer_local,local,4
8,266.6666666666667,dapper,variable,hybrid,37.12041184461964,0.08077963989507118,0.5095195596331742,True,100.0,17.991398964153372,True,0.7123038639767216,False,False,0.0,0.3805832673696662,low_risk_hybrid_for_freshness,local,1
9,300.0,dapper,variable,hybrid,32.162645283127205,0.05557157872540332,0.5141215755847863,True,100.0,16.550693905074358,True,0.7883641404873016,False,False,0.0,0.3558529363709749,low_risk_hybrid_for_freshness,local,4
10,333.3333333333333,dapper,variable,hybrid,43.216971515393595,0.05835358012244786,0.5136188736984963,True,100.0,27.045380983497505,True,0.6631578755169711,False,False,0.0,0.39580830539538636,low_risk_hybrid_for_freshness,local,0
11,366.66666666666663,dapper,variable,local_fast,47.54811032643015,0.08525000361409334,0.5131310544465439,True,100.0,18.3962193836682,True,0.7136591709674737,False,False,0.0,0.4189630453937151,risk_moderate_prefer_local,local,1
12,399.99999999999994,dapper,variable,local_fast,48.993257458134465,0.07505958947707472,0.5168177258156206,True,100.0,24.452726163791578,True,0.6900979465104707,False,False,0.0,0.4215169368189361,risk_moderate_prefer_local,local,2
13,433.33333333333326,dapper,variable,local_fast,45.93873244894246,0.061768478549876084,0.5070654021700631,True,100.0,18.191870030918146,True,0.6827085416372382,False,False,0.0,0.40537591746177093,risk_moderate_prefer_local,local,3
14,466.6666666666666,dapper,variable,local_fast,62.85399648222088,0.05484795547536825,0.5153351052819654,True,100.0,30.18645898354463,True,0.7947842405358383,False,False,0.0,0.4637436401226783,risk_moderate_prefer_local,local,6
15,499.9999999999999,dapper,variable,local_fast,55.481504722703974,0.07284817863933761,0.5181303075391651,True,100.0,28.261011998904284,True,0.7555331416180754,False,False,0.0,0.4437592662521399,risk_moderate_prefer_local,local,4
16,533.3333333333333,dapper,variable,local_fast,62.167199275491996,0.06389731123565234,0.5098807281046864,True,100.0,25.458432230641236,True,0.6727970125255338,False,False,0.0,0.46323650005062056,risk_moderate_prefer_local,local,1
17,566.6666666666666,dapper,variable,local_fast,56.50834408158744,0.04767548934158637,0.4965717103437144,True,100.0,17.19938734293811,True,0.7166786124105915,False,False,0.0,0.43656760763958913,risk_moderate_prefer_local,local,1
18,600.0,dapper,variable,local_fast,59.776028669675725,0.0724924503812349,0.5041622218156492,True,100.0,28.398698551494398,True,0.7515431894603832,False,False,0.0,0.45658816873058283,risk_moderate_prefer_local,local,2
19,633.3333333333334,dapper,variable,local_fast,58.50788682507851,0.0809478318944284,0.5002363120553169,True,100.0,29.864231198547927,True,0.6819004179290652,False,False,0.0,0.4540974002644008,risk_moderate_prefer_local,local,0
20,666.6666666666667,dapper,variable,local_fast,49.005298396355116,0.06364655768511125,0.49637167070427024,True,100.0,25.637418020355014,True,0.683271858017947,False,False,0.0,0.41506826229841676,risk_moderate_prefer_local,local,0
21,700.0000000000001,dapper,variable,local_fast,54.41691992569719,0.061785459046452336,0.4972222777506931,True,100.0,15.402302317187468,True,0.6962746476405134,False,False,0.0,0.43357819911647977,risk_moderate_prefer_local,local,3
22,733.3333333333335,dapper,variable,local_fast,57.780421296302436,0.08164423940702377,0.4967929673554603,True,100.0,23.72709204416698,True,0.7392917304978301,False,False,0.0,0.45124369146248466,risk_moderate_prefer_local,local,1
23,766.6666666666669,dapper,variable,local_fast,54.60925369289451,0.04047164740573448,0.4829632491601374,True,100.0,23.73800365004938,True,0.7581017308601263,False,False,0.0,0.4257183695208717,risk_moderate_prefer_local,local,1
24,800.0000000000002,dapper,variable,hybrid,42.755385895210594,0.07699604896766014,0.4773158087745093,True,100.0,21.689541039303847,True,0.7182143241623682,False,False,0.0,0.3943400366397115,low_risk_hybrid_for_freshness,local,0
25,833.3333333333336,dapper,variable,local_fast,58.5706672534011,0.06376538050642505,0.48922780270427835,True,100.0,33.93216630815053,True,0.7662390652197577,False,False,0.0,0.4475111199444731,risk_moderate_prefer_local,local,0
26,866.666666666667,dapper,variable,local_fast,53.84237271977065,0.053374614039064835,0.4879919114044171,True,100.0,28.228911489936177,True,0.7919527111482298,False,False,0.0,0.42765947544157923,risk_moderate_prefer_local,local,5
27,900.0000000000003,dapper,variable,hybrid,34.55279646031979,0.07760241376205251,0.4927708851468565,True,100.0,30.836232645701223,True,0.7437377122235685,False,False,0.0,0.3681311445117635,low_risk_hybrid_for_freshness,local,3
28,933.3333333333337,dapper,variable,hybrid,24.00335005114508,0.07126226638499272,0.4889217810268472,True,100.0,33.66139010642192,True,0.6812085869412445,False,False,0.0,0.3159836973252503,low_risk_hybrid_for_freshness,local,1
29,966.6666666666671,dapper,variable,hybrid,32.03179256379771,0.09803113059811602,0.48874386854674756,True,100.0,30.643417857695813,True,0.6920897286369965,False,False,0.0,0.36412988228043547,low_risk_hybrid_for_freshness,local,1
30,1000.0000000000005,dapper,variable,hybrid,39.30464896169971,0.0738499419695059,0.5045869705898025,True,100.0,24.72440673758292,True,0.7868122352716976,False,False,0.0,0.38540929954527114,low_risk_hybrid_for_freshness,local,3
31,1033.3333333333337,dapper,variable,local_fast,46.26040039425965,0.09560780059634234,0.4917819459286135,True,100.0,17.1955064013594,True,0.747064508523253,False,False,0.0,0.4143610334481035,risk_moderate_prefer_local,local,1
32,1066.666666666667,dapper,variable,hybrid,37.65323289122374,0.06317832844477407,0.47965869526732774,True,100.0,31.284064981549744,True,0.6773307594025275,False,False,0.0,0.3726886179428145,low_risk_hybrid_for_freshness,local,1
33,1100.0000000000002,dapper,variable,hybrid,39.02392470431949,0.044260889846203494,0.4735711654017868,True,100.0,26.22222483139639,True,0.7234704170262832,False,False,0.0,0.37089767822924724,low_risk_hybrid_for_freshness,local,0
34,1133.3333333333335,dapper,variable,local_fast,51.11707625591465,0.10494279060460628,0.5079955569815028,True,100.0,34.65027754066152,True,0.6869901520338548,False,False,0.0,0.4365919376243086,risk_moderate_prefer_local,local,6
35,1166.6666666666667,dapper,variable,hybrid,40.391803118805676,0.03268919008720209,0.5090735602086407,True,100.0,18.87540608118713,True,0.7898170508186385,False,False,0.0,0.37753910197327656,low_risk_hybrid_for_freshness,local,0
36,1200.0,dapper,variable,hybrid,38.91301095127727,0.059288306016453365,0.5058509393027487,True,100.0,23.423553463198665,True,0.7947164124687324,False,False,0.0,0.37985967102981877,low_risk_hybrid_for_freshness,local,5
37,1233.3333333333333,dapper,variable,hybrid,43.888117624070205,0.06722389035182297,0.4943242139139409,True,100.0,22.526072233076697,True,0.7713216202117057,False,False,0.0,0.39792421087688373,low_risk_hybrid_for_freshness,local,2
38,1266.6666666666665,dapper,variable,hybrid,40.61544929157917,0.0690588053606794,0.5131386702669516,True,100.0,29.336921877199416,True,0.6988148992257343,False,False,0.0,0.3898425146687736,low_risk_hybrid_for_freshness,local,2
39,1299.9999999999998,dapper,variable,local_fast,53.749579369847524,0.06126232702556485,0.498661498549391,True,100.0,21.322783818999405,True,0.7522983986668015,False,False,0.0,0.4313014506845444,risk_moderate_prefer_local,local,2
40,1333.333333333333,dapper,variable,local_fast,45.00983188126785,0.10724822031761538,0.49071533204726897,True,100.0,16.90576155377978,True,0.7427563019231869,False,False,0.0,0.4133161774868124,risk_moderate_prefer_local,local,1
41,1366.6666666666663,dapper,variable,hybrid,37.02614694697371,0.08630252772529928,0.4964217752988739,True,100.0,21.61457455722548,True,0.6768203511256814,False,False,0.0,0.3799455389268288,low_risk_hybrid_for_freshness,local,1
42,1399.9999999999995,dapper,variable,hybrid,40.49029633845954,0.05854121532998567,0.50159814225392,True,100.0,24.593041530661285,True,0.6816271662133306,False,False,0.0,0.3845181231216921,low_risk_hybrid_for_freshness,local,5
43,1433.3333333333328,dapper,variable,hybrid,30.47434691736557,0.04763609244940667,0.5030043929803572,True,100.0,17.083408946170277,True,0.670253408069973,False,False,0.0,0.3433632212687034,low_risk_hybrid_for_freshness,local,1
44,1466.666666666666,dapper,variable,hybrid,38.011954784677,0.06792382929307707,0.5052617757803112,True,100.0,27.124532668011753,True,0.7889804245170642,False,False,0.0,0.3792082569013393,low_risk_hybrid_for_freshness,local,3
45,1499.9999999999993,dapper,variable,hybrid,43.91188461359439,0.06280877346040961,0.5152723077248479,True,100.0,24.704095302916045,True,0.7710027793757246,False,False,0.0,0.3998250743444304,low_risk_hybrid_for_freshness,local,1
46,1533.3333333333326,dapper,variable,local_fast,61.86375714547398,0.07320660265138336,0.4999731558626733,True,100.0,27.949086218739566,True,0.7948635779916255,False,False,0.0,0.4634811041839749,risk_moderate_prefer_local,local,0
47,1566.6666666666658,dapper,variable,local_fast,75.6393732902599,0.1001641501137077,0.4981833325573127,True,100.0,25.741569554184544,True,0.7761109434095561,False,False,0.0,0.5195145514336188,risk_moderate_prefer_local,local,5
48,1599.999999999999,dapper,variable,local_fast,83.29272637172505,0.050626700564238965,0.48959939585629186,True,100.0,27.968068308377163,True,0.7691795360924962,False,False,0.0,0.5301524618487532,risk_moderate_prefer_local,local,1
49,1633.3333333333323,dapper,variable,local_fast,69.16155467018184,0.06991036733239876,0.4900450876997884,True,100.0,27.54149163466308,True,0.6544921730579101,False,False,0.0,0.48654531470032436,risk_moderate_prefer_local,local,3
50,1666.6666666666656,dapper,variable,degraded_safe,64.36422979159562,0.08126892888234502,0.4715343491495205,False,100.0,1.0,True,0.6544921730579101,True,True,0.0,0.47038563530771627,edge_unavailable_use_last_valid,last_valid,3
51,1699.9999999999989,dapper,variable,degraded_safe,59.54341763385069,0.055243470269874764,0.46503934871538016,False,100.0,1.0,True,0.6544921730579101,True,True,0.0,0.44473090510674684,edge_unavailable_use_last_valid,last_valid,3
52,1733.3333333333321,dapper,variable,degraded_safe,47.4597924909436,0.0641528397877358,0.4811905043958643,False,100.0,1.0,True,0.6544921730579101,True,True,0.0,0.4075337013140029,edge_unavailable_use_last_valid,last_valid,3
53,1766.6666666666654,dapper,variable,degraded_safe,34.294731207395095,0.07053605112040232,0.4801107091833557,False,100.0,1.0,True,0.6544921730579101,True,True,0.0,0.3632089809395068,edge_unavailable_use_last_valid,last_valid,3
54,1799.9999999999986,dapper,variable,degraded_safe,35.56574435437598,0.08754826194283058,0.4894697217167238,False,100.0,1.0,True,0.6544921730579101,True,True,0.0,0.37416504208067364,edge_unavailable_use_last_valid,last_valid,3
55,1833.333333333332,dapper,variable,degraded_safe,53.93870117621199,0.06729615061312674,0.484616351256672,False,100.0,1.0,True,0.6544921730579101,True,True,0.0,0.4316667519891808,edge_unavailable_use_last_valid,last_valid,3
56,1866.6666666666652,dapper,variable,degraded_safe,50.40657324610315,0.07424369384724638,0.4894588145898747,False,100.0,1.0,True,0.6544921730579101,True,True,0.0,0.4221149367040161,edge_unavailable_use_last_valid,last_valid,3
57,1899.9999999999984,dapper,variable,local_fast,38.89852651382186,0.0715835711784878,0.49384933497328887,False,100.0,34.65697988906621,True,0.7080428626772906,False,True,0.0,0.38169731439791615,edge_unavailable_local_fallback,local,5
58,1933.3333333333317,dapper,variable,local_fast,68.66244595378146,0.10284478069742924,0.4865470344730429,True,100.0,22.24432882868758,True,0.7586005013793556,False,False,0.0,0.4941540502184203,risk_moderate_prefer_local,local,0
59,1966.666666666665,dapper,variable,local_fast,47.697571148358485,0.05966262725563899,0.4923936776143378,True,100.0,18.83573693389938,True,0.7826056588147338,False,False,0.0,0.40869933883809706,risk_moderate_prefer_local,local,1
60,1999.9999999999982,dapper,variable,hybrid,40.732919507543045,0.05855243729881357,0.4724420517940837,True,100.0,28.01184304279208,True,0.6636842996661146,False,False,0.0,0.3809972572351573,low_risk_hybrid_for_freshness,local,6
61,2033.3333333333314,dapper,variable,hybrid,32.357692330754716,0.06073481002109372,0.4691850336535911,True,100.0,23.32001249830384,True,0.7530136550039844,False,False,0.0,0.3516366597081404,low_risk_hybrid_for_freshness,local,2
62,2066.6666666666647,dapper,variable,hybrid,19.19423652228367,0.04432670820565767,0.4966404980431559,True,100.0,32.81873481299906,True,0.673635595905468,False,False,0.0,0.285015269779589,low_risk_hybrid_for_freshness,local,3
63,2099.999999999998,dapper,variable,hybrid,16.919716991824853,0.102145986745623,0.5263630701269288,True,100.0,24.714488879080328,True,0.7874787278006379,False,False,0.0,0.2954468415018505,low_risk_hybrid_for_freshness,local,4
64,2133.3333333333317,dapper,variable,hybrid,22.977187848003076,0.07597722214145892,0.538377432545599,True,100.0,25.87562385813812,True,0.7281141129313552,False,False,0.0,0.3196857207642929,low_risk_hybrid_for_freshness,local,1
65,2166.666666666665,dapper,variable,hybrid,28.50861411121,0.08360340758108054,0.5350496067811454,True,100.0,29.028246605513566,True,0.797196639032395,False,False,0.0,0.3491315338475459,low_risk_hybrid_for_freshness,local,1
66,2199.9999999999986,dapper,variable,hybrid,33.55088875042856,0.045939323353525324,0.5256579479851697,True,100.0,20.754357873798714,True,0.6940363459198028,False,False,0.0,0.36005859983033306,low_risk_hybrid_for_freshness,local,1
67,2233.333333333332,dapper,variable,hybrid,40.92340596637568,0.06028177367066723,0.5252417436135872,True,100.0,34.84788229832559,True,0.6743059214124196,False,False,0.0,0.3901027145255531,low_risk_hybrid_for_freshness,local,1
68,2266.6666666666656,dapper,variable,local_fast,45.27839211698187,0.07615573714698606,0.5207249483666485,True,100.0,15.383280255753697,True,0.7243134521984076,False,False,0.0,0.40942983580852965,risk_moderate_prefer_local,local,0
69,2299.999999999999,dapper,variable,hybrid,39.11851512968741,0.0755386495792829,0.5156070927091839,True,100.0,29.56473912354219,True,0.7768111043134808,False,False,0.0,0.3869174617340684,low_risk_hybrid_for_freshness,local,6
70,2333.3333333333326,dapper,variable,local_fast,58.903187066771224,0.07675231466973877,0.5048551020703995,True,100.0,30.874601068640104,True,0.7492357270422522,False,False,0.0,0.45491511444518085,risk_moderate_prefer_local,local,2
71,2366.666666666666,dapper,variable,local_fast,58.974386974275504,0.050532799240290194,0.5157955111872082,True,100.0,26.185664769934206,True,0.6750290746272535,False,False,0.0,0.44893952086013256,risk_moderate_prefer_local,local,2
72,2399.9999999999995,dapper,variable,local_fast,61.323576617604765,0.03946974522795163,0.5219107937653484,True,100.0,27.61460551963637,True,0.7254049116471314,False,False,0.0,0.45476006079480447,risk_moderate_prefer_local,local,4
73,2433.333333333333,dapper,variable,local_fast,46.26698144597131,0.0617483158696259,0.5201658070558439,True,100.0,32.77244099480561,True,0.7542330697179898,False,False,0.0,0.4084838008801639,risk_moderate_prefer_local,local,1
74,2466.6666666666665,dapper,variable,local_fast,44.31908956124259,0.0681889553088457,0.5136128718626063,True,100.0,21.928830344927597,True,0.6612927414360122,False,False,0.0,0.40261543083639373,risk_moderate_prefer_local,local,0
75,2500.0,dapper,variable,local_fast,61.47402840929796,0.025083477283702298,0.5085217948449882,True,100.0,26.538136634443692,True,0.7395311362271528,False,False,0.0,0.4489624118444018,risk_moderate_prefer_local,local,0
76,2533.3333333333335,dapper,variable,local_fast,61.13975677822311,0.06349149482687744,0.4892502180512047,True,100.0,17.28143992404658,True,0.740801654048266,False,False,0.0,0.45642412987952474,risk_moderate_prefer_local,local,1
77,2566.666666666667,dapper,variable,local_fast,75.93500699348012,0.043157425413967596,0.5000384545779457,True,100.0,16.22652818464261,True,0.728378382593411,False,False,0.0,0.5037255202880625,risk_moderate_prefer_local,local,1
78,2600.0000000000005,dapper,variable,local_fast,67.51059926423318,0.0515742760626809,0.4966862019387978,True,100.0,21.082198514146384,True,0.6982650956077443,False,False,0.0,0.47626231053444,risk_moderate_prefer_local,local,1
79,2633.333333333334,dapper,variable,local_fast,68.37529952583415,0.10031545309467403,0.5091230804408152,True,100.0,18.306380739849548,True,0.7544738133052286,False,False,0.0,0.495776646334944,risk_moderate_prefer_local,local,8
80,2666.6666666666674,dapper,variable,local_fast,81.17402219284571,0.07768238027792024,0.5155783461206228,True,100.0,28.981906992113124,True,0.7044577891596412,False,False,0.0,0.5347505436764295,risk_moderate_prefer_local,local,1
81,2700.000000000001,dapper,variable,local_fast,72.52054660151364,0.05779508309224516,0.5223585162424469,True,100.0,29.030308390466633,True,0.6985399890699081,False,False,0.0,0.4995142154693383,risk_moderate_prefer_local,local,0
82,2733.3333333333344,dapper,variable,local_fast,73.97906121644499,0.06666360649365971,0.5295992839286308,True,100.0,30.10139495606755,True,0.7888824307867442,False,False,0.0,0.5083656887949499,risk_moderate_prefer_local,local,1
83,2766.666666666668,dapper,variable,local_fast,85.9021275068029,0.08278855709492629,0.5079590245863722,True,100.0,21.151655541318974,True,0.6656621065868393,False,False,0.0,0.5516878670902439,risk_moderate_prefer_local,local,1
84,2800.0000000000014,dapper,variable,local_fast,62.82541373251645,0.0609301027585902,0.5214795040018649,True,100.0,31.347158261241248,True,0.6758041306220425,False,False,0.0,0.4663899044916644,risk_moderate_prefer_local,local,8
85,2833.333333333335,dapper,variable,local_fast,51.639020112684676,0.05225994608729302,0.5175114241302545,True,100.0,18.7943964059883,True,0.6602054521026431,False,False,0.0,0.4240412678401224,risk_moderate_prefer_local,local,0
86,2866.6666666666683,dapper,variable,local_fast,44.100341166215166,0.07546016575214677,0.5255622596652706,True,100.0,17.402938307187675,True,0.6881517941665163,False,False,0.0,0.40582358275718766,risk_moderate_prefer_local,local,0
87,2900.000000000002,dapper,variable,hybrid,21.811698976070566,0.07532641775802955,0.5211701434645423,True,100.0,26.707674862758886,True,0.7004870967877472,False,False,0.0,0.3110819417274431,low_risk_hybrid_for_freshness,local,2
88,2933.3333333333353,dapper,variable,local_fast,47.23839094058707,0.033893330155917,0.5110250805197227,True,100.0,34.09872909242,True,0.6963127030952744,False,False,0.0,0.40215612941678824,risk_moderate_prefer_local,local,6
89,2966.666666666669,dapper,variable,hybrid,31.460132464144554,0.09582910834093641,0.5125036305427848,True,100.0,34.519888139607644,True,0.7596198719650857,False,False,0.0,0.36417493940442136,low_risk_hybrid_for_freshness,local,0
90,3000.0000000000023,dapper,variable,hybrid,31.02718427892234,0.08424086457440869,0.5206876199941183,True,100.0,25.75723307951722,True,0.7345670832614835,False,False,0.0,0.35976132376605197,low_risk_hybrid_for_freshness,local,0
91,3033.3333333333358,dapper,variable,hybrid,39.18023836858194,0.07473100668743021,0.5079166433479008,True,100.0,15.511367776276492,True,0.705254193061697,False,False,0.0,0.38573763279845097,low_risk_hybrid_for_freshness,local,1
92,3066.6666666666692,dapper,variable,hybrid,40.82468026725759,0.07670939262618617,0.5163315571474236,True,100.0,24.109574847282992,True,0.7006515448648828,False,False,0.0,0.39334893229537093,low_risk_hybrid_for_freshness,local,1
93,3100.0000000000027,dapper,variable,local_fast,42.264681368724744,0.09592547208403204,0.5056293634298132,True,100.0,32.77998584242873,True,0.7762446613368951,False,False,0.0,0.4025484309302182,risk_moderate_prefer_local,local,2
94,3133.333333333336,dapper,variable,local_fast,46.70949197233485,0.08477674083349311,0.5046177512994572,True,100.0,27.7216778632071,True,0.7312444752520499,False,False,0.0,0.41460890684813845,risk_moderate_prefer_local,local,1
95,3166.6666666666697,dapper,variable,local_fast,56.692981197582924,0.08473185117057609,0.5092353660528067,True,100.0,31.80511784020096,True,0.7932274920397295,False,False,0.0,0.4502302944506341,risk_moderate_prefer_local,local,1
96,3200.000000000003,dapper,variable,local_fast,52.530889105214584,0.03493835988883601,0.5234308364574168,True,100.0,29.6010848909509,True,0.7954167761986815,False,False,0.0,0.42285424530351434,risk_moderate_prefer_local,local,3
97,3233.3333333333367,dapper,variable,local_fast,52.90436703925205,0.09291713698505923,0.5027220737553443,True,100.0,26.3001564700459,True,0.6535997717046241,False,False,0.0,0.43844873679620155,risk_moderate_prefer_local,local,1
98,3266.66666666667,dapper,variable,hybrid,35.21963858772847,0.05610261492455509,0.5065740250644454,True,100.0,28.607900313606027,True,0.6506777845787697,False,False,0.0,0.36608562329408295,low_risk_hybrid_for_freshness,local,3
99,3300.0000000000036,dapper,variable,hybrid,42.554625894359745,0.045276597031883595,0.4821581856852299,True,100.0,22.766432587264752,True,0.7594938572941007,False,False,0.0,0.3848478975926086,low_risk_hybrid_for_freshness,local,0
100,3333.333333333337,dapper,variable,hybrid,39.83458977284929,0.07803925100504071,0.49274608481039667,True,100.0,23.06746350297862,True,0.7451989543166964,False,False,0.0,0.3867447522280442,low_risk_hybrid_for_freshness,local,1
101,3366.6666666666706,dapper,variable,hybrid,35.929275770567834,0.07241922506102694,0.5017981987020759,True,100.0,32.608307666467276,True,0.7779577221557812,False,False,0.0,0.3727479625206069,low_risk_hybrid_for_freshness,local,2
102,3400.000000000004,dapper,variable,local_fast,45.71617244821289,0.057668217899777066,0.49964244482334613,True,100.0,23.300349724706315,True,0.7324056643954999,False,False,0.0,0.4022534356621802,risk_moderate_prefer_local,local,2
103,3433.3333333333376,dapper,variable,local_fast,55.61686970563191,0.06310952948606999,0.5049256284159981,True,100.0,28.89533976404223,True,0.7041282678986341,False,False,0.0,0.4393307470779324,risk_moderate_prefer_local,local,0
104,3466.666666666671,dapper,variable,local_fast,52.69761603699697,0.08451658323542129,0.4840098990222569,True,100.0,30.31365838064442,True,0.751705714957263,False,False,0.0,0.43239811595345434,risk_moderate_prefer_local,local,1
105,3500.0000000000045,dapper,variable,hybrid,36.32538455274826,0.02916171790265467,0.48042527481625374,True,100.0,33.65432793752761,True,0.7068556142899345,False,False,0.0,0.35795115252785337,low_risk_hybrid_for_freshness,local,4
106,3533.333333333338,dapper,variable,hybrid,37.43648648990675,0.07346132643398241,0.49523239482011094,True,100.0,23.845949051271347,True,0.6512150040841252,False,False,0.0,0.37735095986788497,low_risk_hybrid_for_freshness,local,0
107,3566.6666666666715,dapper,variable,hybrid,40.47959222831026,0.09368775306746446,0.49710718244042984,True,100.0,20.57583392993032,True,0.7054432030657455,False,False,0.0,0.3943509760853897,low_risk_hybrid_for_freshness,local,0
108,3600.000000000005,dapper,variable,hybrid,37.09451086173046,0.04409061103011222,0.4888044074150074,True,100.0,32.69820478943226,True,0.7414498601670172,False,False,0.0,0.36637863243734137,low_risk_hybrid_for_freshness,local,0
109,3633.3333333333385,dapper,variable,local_fast,49.40380030668664,0.10011347204540473,0.4772217107782356,True,100.0,30.705250262672795,True,0.748041692701638,False,False,0.0,0.42453059930376,risk_moderate_prefer_local,local,1
110,3666.666666666672,dapper,variable,hybrid,38.65694885352653,0.07830719904810604,0.48046650211571124,True,100.0,30.249141570936715,True,0.7294545261798553,False,False,0.0,0.38086145601913135,low_risk_hybrid_for_freshness,local,1
111,3700.0000000000055,dapper,variable,local_fast,51.80698260893765,0.05941248752584721,0.47903419930883345,True,100.0,24.817072361463488,True,0.7196397601204035,False,False,0.0,0.42100331528536095,risk_moderate_prefer_local,local,0
112,3733.333333333339,dapper,variable,local_fast,44.394913421037025,0.07748808271216107,0.48133491603770273,True,100.0,17.764077976364796,True,0.6666753116130575,False,False,0.0,0.4008288591929333,risk_moderate_prefer_local,local,2
113,3766.6666666666724,dapper,variable,local_fast,49.87661886097878,0.09311157897174294,0.4816400713215184,True,100.0,23.194306220831063,True,0.7002466091799997,False,False,0.0,0.4247476504031764,risk_moderate_prefer_local,local,1
114,3800.000000000006,dapper,variable,local_fast,61.11946857669096,0.06419895698829806,0.49645798150298853,True,100.0,18.320680231061182,True,0.7728292774399615,False,False,0.0,0.457646524340356,risk_moderate_prefer_local,local,0
115,3833.3333333333394,dapper,variable,local_fast,56.40668393654855,0.07610357814581017,0.5166765108036538,True,100.0,30.50796895374716,True,0.7292261189182808,False,False,0.0,0.44775594384221107,risk_moderate_prefer_local,local,6
116,3866.666666666673,dapper,variable,local_fast,55.21318067447816,0.07280333538304883,0.524103610217587,True,100.0,29.847999470888194,True,0.7125136151232015,False,False,0.0,0.4437026745082262,risk_moderate_prefer_local,local,2
117,3900.0000000000064,dapper,variable,local_fast,57.14646538462638,0.06954740016080752,0.5224219702886451,True,100.0,29.0771812711206,True,0.7985036302902798,False,False,0.0,0.4492401444377313,risk_moderate_prefer_local,local,0
118,3933.33333333334,dapper,variable,hybrid,38.31206708949429,0.0337227898701524,0.50676373510102,True,100.0,27.05089888901482,True,0.653032850868654,False,False,0.0,0.37022363203942876,low_risk_hybrid_for_freshness,local,1
119,3966.6666666666733,dapper,variable,hybrid,38.739935302834006,0.10390154534251655,0.5164709217798891,True,100.0,22.179867441919395,True,0.7344223827119168,False,False,0.0,0.3942308754296573,low_risk_hybrid_for_freshness,local,1
120,4000.000000000007,dapper,variable,local_fast,45.76889346271885,0.06287613086386931,0.5103330990435103,True,100.0,21.42688764221596,True,0.7448043043378837,False,False,0.0,0.40560393123520333,risk_moderate_prefer_local,local,1
121,4033.3333333333403,dapper,variable,local_fast,53.53952215214482,0.06406297653202973,0.5189049945621519,True,100.0,26.99389613483323,True,0.7303000607106815,False,False,0.0,0.4344429696764385,risk_moderate_prefer_local,local,0
122,4066.666666666674,dapper,variable,local_fast,52.54422566130519,0.11545929021542709,0.5173547930759743,True,100.0,15.661895732505712,True,0.7555648367055614,False,False,0.0,0.44614579584059244,risk_moderate_prefer_local,local,1
123,4100.000000000007,dapper,variable,local_fast,52.74191983373232,0.08016359916827145,0.5133160025168526,True,100.0,28.23390690308888,True,0.7753768485796877,False,False,0.0,0.43564319954607245,risk_moderate_prefer_local,local,4
124,4133.33333333334,dapper,variable,local_fast,43.73477871799571,0.07753027378175718,0.5021374301216244,True,100.0,21.953742528978765,True,0.7347010257942809,False,False,0.0,0.4016514221657558,risk_moderate_prefer_local,local,7
125,4166.666666666673,dapper,variable,local_fast,52.045447163372685,0.08164774163548502,0.5125628141417586,True,100.0,32.0203314235126,True,0.710008257275623,False,False,0.0,0.4335378096837137,risk_moderate_prefer_local,local,1
126,4200.000000000006,dapper,variable,local_fast,48.42620131202611,0.07794439763790219,0.5069635207579428,True,100.0,29.20234693788536,True,0.7723146984003215,False,False,0.0,0.41891955199715347,risk_moderate_prefer_local,local,3
127,4233.333333333339,dapper,variable,hybrid,29.668577034159473,0.0641268710579237,0.4856626966551143,True,100.0,24.18332199701424,True,0.6757124712476225,False,False,0.0,0.34168035098644156,low_risk_hybrid_for_freshness,local,6
128,4266.666666666672,dapper,variable,local_fast,50.08855733695768,0.08566573718450451,0.4813353549912436,True,100.0,21.64620496094267,True,0.7777408723197139,False,False,0.0,0.42320997508338976,risk_moderate_prefer_local,local,1
129,4300.0000000000055,dapper,variable,hybrid,18.934437338533037,0.0604888286111789,0.5092724341154689,True,100.0,79.70571678750798,True,0.8029617746523363,False,False,25.0,0.2904597003933391,low_risk_hybrid_for_freshness,edge,5
130,4333.3333333333385,dapper,variable,hybrid,22.378597133453482,0.07813890366625537,0.4918083637624307,True,100.0,20.297519973146155,True,0.7089521989036174,False,False,0.0,0.3103559113315086,low_risk_hybrid_for_freshness,local,1
131,4366.6666666666715,dapper,variable,hybrid,31.70953146008269,0.06849323859313165,0.5013547522268453,True,100.0,27.404552679494223,True,0.7568004673185186,False,False,0.0,0.35554884171237977,low_risk_hybrid_for_freshness,local,0
132,4400.000000000005,dapper,variable,hybrid,44.21409521219185,0.057953485060961714,0.5100619558655818,True,100.0,24.453160245652523,True,0.793177932132147,False,False,0.0,0.39864467214079724,low_risk_hybrid_for_freshness,local,1
133,4433.333333333338,dapper,variable,hybrid,35.76329669219446,0.05446532602499521,0.5214074080556678,True,100.0,16.679299720806796,True,0.6872115887091953,False,False,0.0,0.36972224743852933,low_risk_hybrid_for_freshness,local,0
134,4466.666666666671,dapper,variable,local_fast,54.77443230123497,0.06225562504188679,0.5316763822072413,True,100.0,29.48958347737205,True,0.6845429796801161,False,False,0.0,0.4401386578979746,risk_moderate_prefer_local,local,10
135,4500.000000000004,dapper,variable,local_fast,56.05350525575277,0.09738256537922334,0.5217234009913514,True,100.0,32.32799720047673,True,0.7716344008757462,False,False,0.0,0.45366054815760437,risk_moderate_prefer_local,local,1
136,4533.333333333337,dapper,variable,local_fast,49.527529494729215,0.07791584413625494,0.5017211300712761,True,100.0,15.990219438729884,True,0.6834872091843561,False,False,0.0,0.42197927598312013,risk_moderate_prefer_local,local,3
137,4566.66666666667,dapper,variable,local_fast,44.01217181132415,0.09008672156283737,0.47743430100801615,True,100.0,20.304583224664096,True,0.6529860342850178,False,False,0.0,0.4026837629596881,risk_moderate_prefer_local,local,1
138,4600.000000000003,dapper,variable,hybrid,28.100604679968836,0.05554098433863083,0.4844240998175024,True,100.0,26.713884211765503,True,0.6746977495744448,False,False,0.0,0.33107893367405883,low_risk_hybrid_for_freshness,local,1
139,4633.333333333336,dapper,variable,hybrid,32.00995880202403,0.06721426475084895,0.48957316226020137,True,100.0,24.394542565196343,True,0.7426927476288772,False,False,0.0,0.35490004777440504,low_risk_hybrid_for_freshness,local,2
140,4666.666666666669,dapper,variable,local_fast,44.82889239085685,0.08159665448174598,0.4955089091847221,True,100.0,23.002755446011534,True,0.7995343441666465,False,False,0.0,0.40570645609023104,risk_moderate_prefer_local,local,4
141,4700.000000000002,dapper,variable,local_fast,49.49261368209072,0.10561378279779368,0.49553618563725266,True,100.0,21.276421152529117,True,0.7185617503155275,False,False,0.0,0.4292387105722435,risk_moderate_prefer_local,local,0
142,4733.333333333335,dapper,variable,hybrid,41.73278998371104,0.05193540326488786,0.48398423063379137,True,100.0,21.627242911223156,True,0.7451627040698039,False,False,0.0,0.3842430205175237,low_risk_hybrid_for_freshness,local,1
143,4766.666666666668,dapper,variable,hybrid,38.81835707101073,0.05444604701845893,0.48648058069051237,True,100.0,26.576738978147162,True,0.728015302669897,False,False,0.0,0.37517015095765205,low_risk_hybrid_for_freshness,local,0
144,4800.000000000001,dapper,variable,hybrid,42.709841564505204,0.05660313264498003,0.49818631019260956,True,100.0,16.987316991840586,True,0.6931844930574922,False,False,0.0,0.39119333179815363,low_risk_hybrid_for_freshness,local,0
145,4833.333333333334,dapper,variable,hybrid,43.220581867222464,0.058573967468367544,0.5040333273623856,True,100.0,18.55410249041243,True,0.7808823848773325,False,False,0.0,0.3944492258801467,low_risk_hybrid_for_freshness,local,1
146,4866.666666666667,dapper,variable,hybrid,30.04907108319772,0.06881034552027292,0.5058470200106524,True,100.0,29.189395553223285,True,0.7135111636334697,False,False,0.0,0.3480155120736683,low_risk_hybrid_for_freshness,local,2
147,4900.0,dapper,variable,hybrid,38.02770538303155,0.044540606507988696,0.5180394770086436,True,100.0,18.027192279789645,True,0.7963488923117653,False,False,0.0,0.3741650723443035,low_risk_hybrid_for_freshness,local,1
148,4933.333333333333,dapper,variable,hybrid,38.967961757940955,0.07636045091218378,0.49033236194891616,True,100.0,32.611192464209864,True,0.7418701641573632,False,False,0.0,0.3828458557187858,low_risk_hybrid_for_freshness,local,6
149,4966.666666666666,dapper,variable,hybrid,39.1928945689613,0.05123767212502997,0.49940985438543956,True,100.0,29.20520533189503,True,0.6988354248289049,False,False,0.0,0.37745791078668944,low_risk_hybrid_for_freshness,local,0
150,4999.999999999999,dapper,variable,hybrid,30.080571644265238,0.05534439042850913,0.501882367191451,True,100.0,17.320072059345634,True,0.6731491707327631,False,False,0.0,0.34353853042859656,low_risk_hybrid_for_freshness,local,2
151,5033.333333333332,dapper,variable,hybrid,23.221469869316685,0.07435813214037149,0.5197188822612919,True,100.0,20.085395925789197,True,0.6877742247475512,False,False,0.0,0.31762262132788865,low_risk_hybrid_for_freshness,local,0
152,5066.666666666665,dapper,variable,hybrid,26.80393450811338,0.041094214906862825,0.5029644137405752,True,100.0,17.675639260998135,True,0.7156315586618333,False,False,0.0,0.323042599073712,low_risk_hybrid_for_freshness,local,1
153,5099.999999999998,dapper,variable,hybrid,28.296575820697548,0.08422052253568879,0.5047881281906685,True,100.0,20.958230662051484,True,0.6946631978633553,False,False,0.0,0.3437172550927946,low_risk_hybrid_for_freshness,local,1
154,5133.333333333331,dapper,variable,hybrid,40.21941230494679,0.05989306947127612,0.5165749747219472,True,100.0,27.351181368042482,True,0.7226571582760013,False,False,0.0,0.3862221101169887,low_risk_hybrid_for_freshness,local,2
155,5166.666666666664,dapper,variable,hybrid,36.469128140889275,0.07946980318907931,0.5208892446009272,True,100.0,29.730508646039482,True,0.6545238598226071,False,False,0.0,0.3796162761399753,low_risk_hybrid_for_freshness,local,4
156,5199.999999999997,dapper,variable,hybrid,22.829617866082003,0.0794156026987444,0.5063683151639978,True,100.0,34.99444871115029,True,0.7207779401678301,False,False,0.0,0.31517801741463297,low_risk_hybrid_for_freshness,local,0
157,5233.33333333333,dapper,variable,hybrid,16.03152093456727,0.07781063758200363,0.49702866308812454,True,100.0,26.221776045929843,True,0.7839695157310487,False,False,0.0,0.27930509541065607,low_risk_hybrid_for_freshness,local,1
158,5266.666666666663,dapper,variable,hybrid,33.71717608726228,0.07422877912934316,0.4914831624565707,True,100.0,25.2879938265497,True,0.702289875599148,False,False,0.0,0.36400122441270655,low_risk_hybrid_for_freshness,local,0
159,5299.999999999996,dapper,variable,hybrid,33.975172834601295,0.07056188429449137,0.4958756644420426,True,100.0,16.479166307691052,True,0.7119701438152668,False,False,0.0,0.36446301987575835,low_risk_hybrid_for_freshness,local,0
160,5333.333333333329,dapper,variable,hybrid,43.72955206492016,0.06066458392461733,0.492584148331472,True,100.0,15.001914320932777,True,0.7879908776276348,False,False,0.0,0.3951404296543266,low_risk_hybrid_for_freshness,local,4
161,5366.666666666662,dapper,variable,hybrid,34.684532894063565,0.027776344208733927,0.5101766886152966,True,100.0,19.375543248594738,True,0.7234854647677205,False,False,0.0,0.3562552716841371,low_risk_hybrid_for_freshness,local,0
162,5399.999999999995,dapper,variable,hybrid,35.023845738626505,0.03610533428914676,0.5050365111302779,True,100.0,27.921751589178978,True,0.740278092144196,False,False,0.0,0.3591705370414785,low_risk_hybrid_for_freshness,local,2
163,5433.3333333333285,dapper,variable,hybrid,37.52249168630485,0.050515709266367656,0.5098248203289871,True,100.0,33.103653215294,True,0.6968955110956336,False,False,0.0,0.37295715673132535,low_risk_hybrid_for_freshness,local,1
164,5466.6666666666615,dapper,variable,hybrid,25.574485172310677,0.08223594280466054,0.5283867060826486,True,100.0,28.873393793269493,True,0.7619268162790384,False,False,0.0,0.3330512146153488,low_risk_hybrid_for_freshness,local,1
165,5499.9999999999945,dapper,variable,hybrid,29.36022541889816,0.06751494374786839,0.5288619325358045,True,100.0,17.396868767616976,True,0.7384228591239814,False,False,0.0,0.34763490009922193,low_risk_hybrid_for_freshness,local,1
166,5533.333333333328,dapper,variable,hybrid,22.20894587117557,0.039713246903623683,0.5247334530584167,True,100.0,17.126899689959878,True,0.7204676852549743,False,False,0.0,0.3029187213857274,low_risk_hybrid_for_freshness,local,2
167,5566.666666666661,dapper,variable,local_fast,49.948424745861374,0.06695197715841325,0.5364656385579285,True,100.0,15.733284345725771,True,0.6971341811840109,False,False,0.0,0.42537492554172807,risk_moderate_prefer_local,local,3
168,5599.999999999994,dapper,variable,local_fast,56.13011857353227,0.07558950461634652,0.520482038367695,True,100.0,18.290690601928112,True,0.7313297282815544,False,False,0.0,0.44720457214742115,risk_moderate_prefer_local,local,3
169,5633.333333333327,dapper,variable,local_fast,67.02253078820439,0.0643336451749845,0.4994660042024584,True,100.0,32.19822212953356,True,0.6722546354328485,False,False,0.0,0.47879885194157945,risk_moderate_prefer_local,local,1
170,5666.66666666666,dapper,variable,local_fast,52.44032905642169,0.06400903357338207,0.49875692566511554,True,100.0,25.095113627814676,True,0.6819325397115865,False,False,0.0,0.42755740061925784,risk_moderate_prefer_local,local,1
171,5699.999999999993,dapper,variable,hybrid,34.74381777662806,0.0784361696216967,0.4937783535703957,True,100.0,25.39828403425085,True,0.7782672749729932,False,False,0.0,0.36920096614026654,low_risk_hybrid_for_freshness,local,0
172,5733.333333333326,dapper,variable,local_fast,47.56153482802506,0.07476647071729921,0.48788393461595175,True,100.0,25.23897030924039,True,0.7433595952235661,False,False,0.0,0.4120779033056702,risk_moderate_prefer_local,local,2
173,5766.666666666659,dapper,variable,local_fast,57.06905729091808,0.07611363589480752,0.5141331705196022,True,100.0,29.81912854508688,True,0.7398844886422978,False,False,0.0,0.4496957668645959,risk_moderate_prefer_local,local,5
174,5799.999999999992,dapper,variable,local_fast,59.01922308689382,0.06707876122310012,0.5194742950876897,True,100.0,19.536570564296717,True,0.7739058323104951,False,False,0.0,0.45461205343421185,risk_moderate_prefer_local,local,2
175,5833.333333333325,dapper,variable,local_fast,69.45656875076021,0.060876848923847524,0.5112253613407122,True,100.0,23.575884891737033,True,0.7061419945367801,False,False,0.0,0.48804484950592186,risk_moderate_prefer_local,local,3
176,5866.666666666658,dapper,variable,local_fast,71.92301619791152,0.09622155270519282,0.5043918841410768,True,100.0,32.684280823214024,True,0.770777552284712,False,False,0.0,0.5062558051254097,risk_moderate_prefer_local,local,3
177,5899.999999999991,dapper,variable,local_fast,68.64392218917095,0.06569917374977423,0.5130340438442604,True,100.0,25.954697587462974,True,0.7879282467420443,False,False,0.0,0.4869185863636696,risk_moderate_prefer_local,local,2
178,5933.333333333324,dapper,variable,local_fast,54.37034253979227,0.056307714155674704,0.4872236749515469,True,100.0,15.27234079278394,True,0.6709441622462406,False,False,0.0,0.43027206437870735,risk_moderate_prefer_local,local,1
179,5966.666666666657,dapper,variable,hybrid,43.45010056147236,0.06648066854592048,0.5009085988778401,True,100.0,19.491071896907243,True,0.6717171342694137,False,False,0.0,0.3971558423606054,low_risk_hybrid_for_freshness,local,0
180,5999.99999999999,dapper,variable,hybrid,34.591526330183534,0.06900329552876325,0.5112186153166857,True,100.0,31.76586526408787,True,0.7092917687149454,False,False,0.0,0.36845412311177417,low_risk_hybrid_for_freshness,local,4
181,6033.333333333323,dapper,variable,hybrid,29.653032149953262,0.07977460678729892,0.5067595310960405,True,100.0,15.859681313781982,True,0.711696792812391,False,False,0.0,0.3494614724503621,low_risk_hybrid_for_freshness,local,2
182,6066.666666666656,dapper,variable,hybrid,35.61383119111666,0.08227911384156743,0.49505684373642606,True,100.0,19.916029560904718,True,0.7358856189013753,False,False,0.0,0.3735906698818424,low_risk_hybrid_for_freshness,local,6
183,6099.999999999989,dapper,variable,degraded_safe,37.71743668296851,0.048721908828177715,0.480410695510454,False,100.0,1.0,True,0.8626692093182857,True,True,0.0,0.36868920536541117,edge_unavailable_use_last_valid,last_valid,4
184,6133.333333333322,dapper,variable,degraded_safe,48.602570548461905,0.06385833331118539,0.47410575359188994,False,100.0,1.0,True,0.8626692093182857,True,True,0.0,0.41038235995175576,edge_unavailable_use_last_valid,last_valid,4
185,6166.666666666655,dapper,variable,degraded_safe,48.01192054622834,0.08974033000361281,0.4564772244197927,False,100.0,1.0,True,0.8626692093182857,True,True,0.0,0.41343540457585193,edge_unavailable_use_last_valid,last_valid,4
186,6199.999999999988,dapper,variable,degraded_safe,32.893638138374904,0.05384948726683282,0.4797935682030375,False,100.0,1.0,True,0.8626692093182857,True,True,0.0,0.3532516148948176,edge_unavailable_use_last_valid,last_valid,4
187,6233.333333333321,dapper,variable,degraded_safe,40.992710017515044,0.08342805170807148,0.4724332453711677,False,100.0,1.0,True,0.8626692093182857,True,True,0.0,0.3893678873793992,edge_unavailable_use_last_valid,last_valid,4
188,6266.666666666654,dapper,variable,degraded_safe,31.939770321920005,0.07783674004264744,0.47852933960628863,False,100.0,1.0,True,0.8626692093182857,True,True,0.0,0.35607927456333754,edge_unavailable_use_last_valid,last_valid,4
189,6299.999999999987,dapper,variable,degraded_safe,43.119596823417325,0.0667157576587521,0.4856049089495772,False,100.0,1.0,True,0.8626692093182857,True,True,0.0,0.3937740525220228,edge_unavailable_use_last_valid,last_valid,4
190,6333.33333333332,dapper,variable,local_fast,46.84396816789577,0.0836109293089862,0.4965540099791065,False,100.0,21.57204580523173,True,0.7849934764958131,False,True,0.0,0.41352026887719706,edge_unavailable_local_fallback,local,0
191,6366.666666666653,dapper,variable,degraded_safe,30.78212177641345,0.03067280028153503,0.5072606619598004,False,100.0,1.0,True,0.7849934764958131,True,True,0.0,0.3404515482604978,edge_unavailable_use_last_valid,last_valid,0
192,6399.999999999986,dapper,variable,local_fast,49.018598722739746,0.0521390971585166,0.487210175502384,True,100.0,29.830750006953117,True,0.6585395692678608,False,False,0.0,0.4102883510025017,risk_moderate_prefer_local,local,2
193,6433.333333333319,dapper,variable,degraded_safe,68.18776159147812,0.0790352075117754,0.48605097343605025,False,100.0,1.0,True,0.6585395692678608,True,True,0.0,0.48527537383911357,edge_unavailable_use_last_valid,last_valid,2
194,6466.666666666652,dapper,variable,degraded_safe,53.35356158739362,0.07020039760423646,0.48584813170998764,False,100.0,1.0,True,0.6585395692678608,True,True,0.0,0.4306748045936467,edge_unavailable_use_last_valid,last_valid,2
195,6499.999999999985,dapper,variable,degraded_safe,41.68928010102296,0.10585322389010753,0.5065301893887114,False,100.0,1.0,True,0.6585395692678608,True,True,0.0,0.4036479759289193,edge_unavailable_use_last_valid,last_valid,2
196,6533.3333333333185,dapper,variable,degraded_safe,56.11100724804807,0.05388511803834027,0.5137743447539419,False,100.0,1.0,True,0.6585395692678608,True,True,0.0,0.4396202124927616,edge_unavailable_use_last_valid,last_valid,2
197,6566.6666666666515,dapper,variable,degraded_safe,60.99378237336161,0.07774454842357094,0.5235161284735914,False,100.0,1.0,True,0.6585395692678608,True,True,0.0,0.4653290221048757,edge_unavailable_use_last_valid,last_valid,2
198,6599.9999999999845,dapper,variable,degraded_safe,64.36704466139653,0.08295024913532588,0.5251819656125953,False,100.0,1.0,True,0.6585395692678608,True,True,0.0,0.4789470258973749,edge_unavailable_use_last_valid,last_valid,2
199,6633.333333333318,dapper,variable,degraded_safe,63.63524104699968,0.03878680523000179,0.5209817832641819,False,100.0,1.0,True,0.6585395692678608,True,True,0.0,0.46250665272312663,edge_unavailable_use_last_valid,last_valid,2
200,6666.666666666651,dapper,variable,local_fast,53.70465316498396,0.04760278324129964,0.5336035928043538,False,100.0,15.956088807695041,True,0.7690539571010921,False,True,0.0,0.4322876599704868,edge_unavailable_local_fallback,local,1
201,6699.999999999984,dapper,variable,degraded_safe,70.74770829478865,0.09378636050517322,0.5294350084120418,False,100.0,1.0,True,0.7690539571010921,True,True,0.0,0.5051681384451184,edge_unavailable_use_last_valid,last_valid,1
202,6733.333333333317,dapper,variable,degraded_safe,78.70495957635495,0.07021093066053195,0.5255759794986112,False,100.0,1.0,True,0.7690539571010921,True,True,0.0,0.5253670346401935,edge_unavailable_use_last_valid,last_valid,1
203,6766.66666666665,dapper,variable,local_fast,58.61202231359764,0.07694734782872971,0.5210646428831331,True,100.0,33.46969641286175,True,0.7129159994015111,False,False,0.0,0.4563859788786806,risk_moderate_prefer_local,local,2
204,6799.999999999983,dapper,variable,local_fast,55.49084594544408,0.06860473263250585,0.5348273259729529,True,100.0,19.204801540294056,True,0.7454015612889798,False,False,0.0,0.44502347949474896,risk_moderate_prefer_local,local,2
205,6833.333333333316,dapper,variable,local_fast,53.96376927227124,0.07435377792151895,0.5283039845594043,True,100.0,22.48456221235017,True,0.7707206926182564,False,False,0.0,0.44042492351331564,risk_moderate_prefer_local,local,3
206,6866.666666666649,dapper,variable,hybrid,41.40915291801285,0.06735659214187874,0.5151822050809983,True,100.0,34.84594641941118,True,0.7133750688335904,False,False,0.0,0.39241634361775835,low_risk_hybrid_for_freshness,local,0
207,6899.999999999982,dapper,variable,local_fast,49.354236095358104,0.07684713154883162,0.49427868895111793,True,100.0,25.15495683779375,True,0.7501117610716421,False,False,0.0,0.41993576914107056,risk_moderate_prefer_local,local,3
208,6933.333333333315,dapper,variable,degraded_safe,60.002829818699865,0.08853641543068562,0.5056813195897467,False,100.0,1.0,True,0.7501117610716421,True,True,0.0,0.4624230269331172,edge_unavailable_use_last_valid,last_valid,3
209,6966.666666666648,dapper,variable,degraded_safe,57.410569545555234,0.05521170676053986,0.49370806739821677,False,100.0,1.0,True,0.7501117610716421,True,True,0.0,0.4415567155473378,edge_unavailable_use_last_valid,last_valid,3
210,6999.999999999981,dapper,variable,degraded_safe,58.80575018176741,0.07663740060139036,0.5078397650346241,False,100.0,1.0,True,0.7501117610716421,True,True,0.0,0.45498731057179664,edge_unavailable_use_last_valid,last_valid,3
211,7033.333333333314,dapper,variable,degraded_safe,67.71381145582906,0.06768599851070449,0.4938297532390907,False,100.0,1.0,True,0.7501117610716421,True,True,0.0,0.4813786026344766,edge_unavailable_use_last_valid,last_valid,3
212,7066.666666666647,dapper,variable,degraded_safe,59.049048750465914,0.07380154590918418,0.4930429701373785,False,100.0,1.0,True,0.7501117610716421,True,True,0.0,0.45276857991999275,edge_unavailable_use_last_valid,last_valid,3
213,7099.99999999998,dapper,variable,degraded_safe,50.26644599051075,0.07442548426197323,0.4893947986957967,False,100.0,1.0,True,0.7501117610716421,True,True,0.0,0.4216694260497491,edge_unavailable_use_last_valid,last_valid,3
214,7133.333333333313,dapper,variable,degraded_safe,43.591818314241095,0.0754504246003102,0.48749591315534535,False,100.0,1.0,True,0.7501117610716421,True,True,0.0,0.39833087845323867,edge_unavailable_use_last_valid,last_valid,3
215,7166.666666666646,dapper,variable,local_fast,48.07736890424146,0.07478107039991215,0.47860244051336054,False,100.0,23.671789970533176,True,0.7143724989001741,False,True,0.0,0.41249547836182276,edge_unavailable_local_fallback,local,2
216,7199.999999999979,dapper,variable,degraded_safe,43.60112643238219,0.0951610964485381,0.4712611572833456,False,100.0,1.0,True,0.7143724989001741,True,True,0.0,0.40184144504040087,edge_unavailable_use_last_valid,last_valid,2
217,7233.333333333312,dapper,variable,degraded_safe,23.29591678847695,0.037417709818256054,0.4773000252924432,False,100.0,1.0,True,0.7143724989001741,True,True,0.0,0.30054990068172804,edge_unavailable_use_last_valid,last_valid,2
218,7266.666666666645,dapper,variable,degraded_safe,31.631773171277203,0.06794181003006039,0.4939819185232396,False,100.0,1.0,True,0.7143724989001741,True,True,0.0,0.35388869664389005,edge_unavailable_use_last_valid,last_valid,2
219,7299.999999999978,dapper,variable,degraded_safe,9.07747967231319,0.07692884280253942,0.5107999168366274,False,100.0,1.0,True,0.7143724989001741,True,True,0.0,0.2463360387278219,edge_unavailable_use_last_valid,last_valid,2
220,7333.333333333311,dapper,variable,degraded_safe,9.512537739256235,0.06335338604367684,0.5011110142970158,False,100.0,1.0,True,0.7143724989001741,True,True,0.0,0.24298535665393656,edge_unavailable_use_last_valid,last_valid,2
221,7366.666666666644,dapper,variable,degraded_safe,12.268142933665313,0.0642904149120968,0.5151636642744577,False,100.0,1.0,True,0.7143724989001741,True,True,0.0,0.2591523887831243,edge_unavailable_use_last_valid,last_valid,2
222,7399.999999999977,dapper,variable,degraded_safe,42.88026014618468,0.06412106356179742,0.5311815335602109,False,100.0,1.0,True,0.7143724989001741,True,True,0.0,0.3989944596142172,edge_unavailable_use_last_valid,last_valid,2
223,7433.33333333331,dapper,variable,local_fast,45.389735110667836,0.10068959296726893,0.5240122403516339,False,100.0,16.65585089061512,True,0.6617616030780509,False,True,0.0,0.4176727868302632,edge_unavailable_local_fallback,local,11
224,7466.666666666643,dapper,variable,degraded_safe,48.148921750952,0.07639580327124962,0.5509983290749825,False,100.0,1.0,True,0.6617616030780509,True,True,0.0,0.4240897164709543,edge_unavailable_use_last_valid,last_valid,11
225,7499.999999999976,dapper,variable,degraded_safe,57.64274376153668,0.057622870725849394,0.5504886419627446,False,100.0,1.0,True,0.6617616030780509,True,True,0.0,0.4516097606775449,edge_unavailable_use_last_valid,last_valid,11
226,7533.333333333309,dapper,variable,degraded_safe,51.550678993690084,0.061429371799228846,0.5494769271691169,False,100.0,1.0,True,0.6617616030780509,True,True,0.0,0.43127772709305146,edge_unavailable_use_last_valid,last_valid,11
227,7566.666666666642,dapper,variable,degraded_safe,51.41187396718016,0.07487507850395661,0.5397213939539465,False,100.0,1.0,True,0.6617616030780509,True,True,0.0,0.4333622915294095,edge_unavailable_use_last_valid,last_valid,11
228,7599.999999999975,dapper,variable,degraded_safe,54.52243460638317,0.07743690320513262,0.5124074458361031,False,100.0,1.0,True,0.6617616030780509,True,True,0.0,0.44092070895929636,edge_unavailable_use_last_valid,last_valid,11
229,7633.3333333333085,dapper,variable,degraded_safe,60.164717244868314,0.05281466015296975,0.49550296531328836,False,100.0,1.0,True,0.6617616030780509,True,True,0.0,0.4507463531999233,edge_unavailable_use_last_valid,last_valid,11
230,7666.6666666666415,dapper,variable,local_fast,56.501984010891654,0.07146966755800295,0.4894673106049079,True,100.0,24.004911808257724,True,0.6603687393861957,False,False,0.0,0.44261794089625783,risk_moderate_prefer_local,local,0
231,7699.9999999999745,dapper,variable,hybrid,40.45854956072964,0.06287848439648022,0.4857251071345963,True,100.0,20.148650939678554,True,0.7234490273298259,False,False,0.0,0.3833272348516872,low_risk_hybrid_for_freshness,local,0
232,7733.333333333308,dapper,variable,local_fast,46.249059681306754,0.05236187338158797,0.49582291248223936,True,100.0,20.23595754899183,True,0.6558853672120529,False,False,0.0,0.40195370777138595,risk_moderate_prefer_local,local,0
233,7766.666666666641,dapper,variable,hybrid,27.508906117139666,0.03572464979305196,0.49653513705649843,True,100.0,33.69147229356692,True,0.6600224076901966,False,False,0.0,0.3239921960820887,low_risk_hybrid_for_freshness,local,8
234,7799.999999999974,dapper,variable,hybrid,33.17032308946411,0.0695103070107212,0.4994837080403006,True,100.0,23.442119421906327,True,0.7484670337677747,False,False,0.0,0.3618717791223858,low_risk_hybrid_for_freshness,local,1
235,7833.333333333307,dapper,variable,hybrid,26.552624702990517,0.049490497124236095,0.4886537278533667,True,100.0,18.008413886939316,True,0.6662793888800221,False,False,0.0,0.3221583318302284,low_risk_hybrid_for_freshness,local,0
236,7866.66666666664,dapper,variable,local_fast,46.658784767881045,0.06245155983080857,0.4659059838410968,True,100.0,31.383030042354047,True,0.70370077290645,False,False,0.0,0.4019271122129907,risk_moderate_prefer_local,local,5
237,7899.999999999973,dapper,variable,hybrid,38.91426374815861,0.06023974446883375,0.4686409008003302,True,100.0,20.34866471924711,True,0.6926967066594718,False,False,0.0,0.3745679815792548,low_risk_hybrid_for_freshness,local,0
238,7933.333333333306,dapper,variable,hybrid,38.96664815007533,0.08836344318450963,0.46815254758345054,True,100.0,25.176435470991287,True,0.656127329875389,False,False,0.0,0.3831151836181341,low_risk_hybrid_for_freshness,local,0
239,7966.666666666639,dapper,variable,local_fast,47.304846859517575,0.04312626377629292,0.47841895511996047,True,100.0,21.557490697469007,True,0.7046406300906594,False,False,0.0,0.4002676864091934,risk_moderate_prefer_local,local,2
240,7999.999999999972,dapper,variable,local_fast,46.56524665752154,0.09779483187511209,0.47651308964302125,True,100.0,31.330464465631415,True,0.7886276375779344,False,False,0.0,0.4137937763103122,risk_moderate_prefer_local,local,5
241,8033.333333333305,dapper,variable,hybrid,45.228642443370035,0.04765221221302102,0.48190966752436526,True,100.0,26.550136313081204,True,0.7522358943200463,False,False,0.0,0.3948823623443562,low_risk_hybrid_for_freshness,local,4
242,8066.666666666638,dapper,variable,hybrid,38.76661330831727,0.0769480827502711,0.4910835549059935,True,100.0,20.77886859897113,True,0.7019451322057538,False,False,0.0,0.38243010464009075,low_risk_hybrid_for_freshness,local,7
243,8099.999999999971,dapper,variable,local_fast,52.50438333880929,0.09025638576536985,0.5072298614904277,True,100.0,31.955245650668672,True,0.7037131081559747,False,False,0.0,0.4369267366390076,risk_moderate_prefer_local,local,0
244,8133.333333333304,dapper,variable,local_fast,66.06906981406634,0.03708602751045399,0.5026048237060576,True,100.0,20.46766070438248,True,0.748127748753886,False,False,0.0,0.46775827615827703,risk_moderate_prefer_local,local,7
245,8166.666666666637,dapper,variable,local_fast,62.50022041168405,0.0599996386640571,0.5004222805453488,True,100.0,30.25100329130229,True,0.6566304577032293,False,False,0.0,0.4618140051219136,risk_moderate_prefer_local,local,7
246,8199.99999999997,dapper,variable,local_fast,56.96809642576486,0.07724136555082875,0.49801513113703666,True,100.0,34.43184407787589,True,0.7308018910502243,False,False,0.0,0.44726301682598113,risk_moderate_prefer_local,local,1
247,8233.333333333305,dapper,variable,local_fast,54.94084264261415,0.0778456711545303,0.5100651802651012,True,100.0,24.97955536816052,True,0.7269548408844206,False,False,0.0,0.44215642763527374,risk_moderate_prefer_local,local,4
248,8266.666666666639,dapper,variable,local_fast,56.709600709876156,0.08031707050562305,0.49654349912022533,True,100.0,27.971209067812463,True,0.7410443629666499,False,False,0.0,0.44706024850428716,risk_moderate_prefer_local,local,1
249,8299.999999999973,dapper,variable,local_fast,64.569759878191,0.0851544511723002,0.4993508966241308,True,100.0,29.190174948650306,True,0.7150094025906466,False,False,0.0,0.47644312941897815,risk_moderate_prefer_local,local,1
250,8333.333333333307,dapper,variable,local_fast,65.3518823591688,0.09100535951953814,0.5023743088688758,True,100.0,32.0004344148939,True,0.731916763880942,False,False,0.0,0.4813893424432836,risk_moderate_prefer_local,local,1
251,8366.66666666664,dapper,variable,local_fast,64.2726508492149,0.018714598422576424,0.5057283044589511,True,100.0,25.87467056431256,True,0.7201871632135212,False,False,0.0,0.45642790316786774,risk_moderate_prefer_local,local,5
252,8399.999999999975,dapper,variable,hybrid,41.894489816693536,0.07790595051646723,0.5093579369398289,True,100.0,17.787279732677213,True,0.7402258726044186,False,False,0.0,0.39640619005434186,low_risk_hybrid_for_freshness,local,10
253,8433.333333333308,dapper,variable,hybrid,36.84907143195662,0.09398446730074732,0.5026460482361363,True,100.0,31.584509582618583,True,0.791456217631769,False,False,0.0,0.3825639974374928,low_risk_hybrid_for_freshness,local,2
254,8466.666666666642,dapper,variable,hybrid,40.774191544017995,0.07714063309542217,0.5182855825738952,True,100.0,17.029770298451897,True,0.6632825133640932,False,False,0.0,0.3935946977187739,low_risk_hybrid_for_freshness,local,2
255,8499.999999999976,dapper,variable,hybrid,33.01732228355918,0.06807976959534993,0.5142723586972153,True,100.0,16.516508443200266,True,0.7239687250965561,False,False,0.0,0.3631254126756444,low_risk_hybrid_for_freshness,local,1
256,8533.33333333331,dapper,variable,hybrid,35.42588884941278,0.057011638355044865,0.5206614645296466,True,100.0,27.781347379905206,True,0.6850390252977594,False,False,0.0,0.3691933221589051,low_risk_hybrid_for_freshness,local,5
257,8566.666666666644,dapper,variable,hybrid,36.82876682853946,0.06814181621410492,0.518760391807779,True,100.0,22.865491525890825,True,0.7769637248155787,False,False,0.0,0.37715728753528643,low_risk_hybrid_for_freshness,local,1
258,8599.999999999978,dapper,variable,hybrid,30.283158378949114,0.05177221642912774,0.5260551056002486,True,100.0,29.23776610591889,True,0.7321472267175592,False,False,0.0,0.34710572266352113,low_risk_hybrid_for_freshness,local,4
259,8633.333333333312,dapper,variable,hybrid,21.321368892997203,0.07776672241420433,0.5254777825405258,True,100.0,31.70834463422673,True,0.7192055012435778,False,False,0.0,0.3100085285703261,low_risk_hybrid_for_freshness,local,2
260,8666.666666666646,dapper,variable,hybrid,32.334516237465905,0.08287270411749655,0.5241260905494833,True,100.0,33.9906827599234,True,0.791157575582289,False,False,0.0,0.366403306005001,low_risk_hybrid_for_freshness,local,0
261,8699.99999999998,dapper,variable,hybrid,22.889335836273265,0.07579320271243344,0.5162746748448822,True,100.0,27.080653588923845,True,0.6777991636328778,False,False,0.0,0.31587584122182866,low_risk_hybrid_for_freshness,local,3
262,8733.333333333314,dapper,variable,hybrid,40.163368984298415,0.09588730393679903,0.5309634404219093,True,100.0,30.724379332482158,True,0.7808361655372122,False,False,0.0,0.3989824986893705,low_risk_hybrid_for_freshness,local,2
263,8766.666666666648,dapper,variable,hybrid,41.96214938189196,0.07617260285296101,0.5324389810553699,True,100.0,28.96283203879836,True,0.7711111583137389,False,False,0.0,0.3995851508508156,low_risk_hybrid_for_freshness,local,0
264,8799.999999999982,dapper,variable,local_fast,45.74652854039559,0.0844156798078332,0.5253583583840367,True,100.0,21.13150120139403,True,0.698125183719833,False,False,0.0,0.41424130759134004,risk_moderate_prefer_local,local,1
265,8833.333333333316,dapper,variable,local_fast,42.6706027870004,0.0810934316103405,0.5203166196192289,True,100.0,29.063157751381915,True,0.7156221046369731,False,False,0.0,0.40172263218048787,risk_moderate_prefer_local,local,0
266,8866.66666666665,dapper,variable,local_fast,51.90525399402327,0.06344027439929184,0.5238157773316813,True,100.0,24.832973796244744,True,0.7214097580808166,False,False,0.0,0.42927283789862114,risk_moderate_prefer_local,local,4
267,8899.999999999984,dapper,variable,degraded_safe,66.47787810327185,0.061236966984253974,0.5025016684334932,False,100.0,1.0,True,0.7214097580808166,True,True,0.0,0.4764189137217516,edge_unavailable_use_last_valid,last_valid,4
268,8933.333333333318,dapper,variable,degraded_safe,50.56155572163412,0.05213170968812937,0.5025230679333699,False,100.0,1.0,True,0.7214097580808166,True,True,0.0,0.41798341812216366,edge_unavailable_use_last_valid,last_valid,4
269,8966.666666666652,dapper,variable,degraded_safe,47.5176586969084,0.06410544056628963,0.5082154740015208,False,100.0,1.0,True,0.7214097580808166,True,True,0.0,0.4117757587092944,edge_unavailable_use_last_valid,last_valid,4
270,8999.999999999985,dapper,variable,degraded_safe,51.83105238035927,0.07553083773627502,0.5106706637745035,False,100.0,1.0,True,0.7214097580808166,True,True,0.0,0.4306685342183154,edge_unavailable_use_last_valid,last_valid,4
271,9033.33333333332,dapper,variable,degraded_safe,57.75115068027498,0.03311081651889475,0.5048921484969583,False,100.0,1.0,True,0.7214097580808166,True,True,0.0,0.43779609461117464,edge_unavailable_use_last_valid,last_valid,4
272,9066.666666666653,dapper,variable,degraded_safe,32.533599799053015,0.07063104871896142,0.5038673890753232,False,100.0,1.0,True,0.7214097580808166,True,True,0.0,0.36063702227367245,edge_unavailable_use_last_valid,last_valid,4
273,9099.999999999987,dapper,variable,degraded_safe,48.751608744628754,0.09078360187261962,0.5051216617427823,False,100.0,1.0,True,0.7214097580808166,True,True,0.0,0.4236339604294038,edge_unavailable_use_last_valid,last_valid,4
274,9133.333333333321,dapper,variable,local_fast,43.87233480857268,0.07849031946955042,0.4988181530209827,False,100.0,19.972571713217572,True,0.7392084054296437,False,True,0.0,0.40192299062401693,edge_unavailable_local_fallback,local,1
275,9166.666666666655,dapper,variable,degraded_safe,45.69601152584571,0.08725738554681345,0.49347680895689194,False,100.0,1.0,True,0.7392084054296437,True,True,0.0,0.4101347773480378,edge_unavailable_use_last_valid,last_valid,1
276,9199.999999999989,dapper,variable,degraded_safe,55.446833780138256,0.0818545239521153,0.48523352899420535,False,100.0,1.0,True,0.7392084054296437,True,True,0.0,0.4414053047652493,edge_unavailable_use_last_valid,last_valid,1
277,9233.333333333323,dapper,variable,degraded_safe,64.03867199237948,0.08222491104400134,0.4892060820690909,False,100.0,1.0,True,0.7392084054296437,True,True,0.0,0.47218373759689225,edge_unavailable_use_last_valid,last_valid,1
278,9266.666666666657,dapper,variable,degraded_safe,51.82267408537528,0.05496389467492753,0.4859882398862425,False,100.0,1.0,True,0.7392084054296437,True,True,0.0,0.42076676368422816,edge_unavailable_use_last_valid,last_valid,1
279,9299.99999999999,dapper,variable,degraded_safe,56.97311372432827,0.05327655957047554,0.4931657143951927,False,100.0,1.0,True,0.7392084054296437,True,True,0.0,0.4393637230655705,edge_unavailable_use_last_valid,last_valid,1
280,9333.333333333325,dapper,variable,degraded_safe,41.84274655380666,0.06642879977232015,0.49562904906189426,False,100.0,1.0,True,0.7392084054296437,True,True,0.0,0.3907226102293035,edge_unavailable_use_last_valid,last_valid,1
281,9366.666666666659,dapper,variable,degraded_safe,69.9637891107833,0.04589697602839357,0.5112233849144168,False,100.0,1.0,True,0.7392084054296437,True,True,0.0,0.48532586243342213,edge_unavailable_use_last_valid,last_valid,1
282,9399.999999999993,dapper,variable,local_fast,65.54799772441474,0.07719550856527936,0.5101621870654155,False,100.0,25.596565845217505,True,0.7841411285473509,False,True,0.0,0.47910097266484775,edge_unavailable_local_fallback,local,0
283,9433.333333333327,dapper,variable,degraded_safe,65.55322999814027,0.0673105106736647,0.522670251466907,False,100.0,1.0,True,0.7841411285473509,True,True,0.0,0.47802999591562645,edge_unavailable_use_last_valid,last_valid,0
284,9466.66666666666,dapper,variable,degraded_safe,56.0943139843386,0.08981410501313684,0.5116925299713955,False,100.0,1.0,True,0.7841411285473509,True,True,0.0,0.4500282099448354,edge_unavailable_use_last_valid,last_valid,0
285,9499.999999999995,dapper,variable,degraded_safe,53.6333754018235,0.05124065533492117,0.5139042611805916,False,100.0,1.0,True,0.7841411285473509,True,True,0.0,0.43017464968394736,edge_unavailable_use_last_valid,last_valid,0
286,9533.333333333328,dapper,variable,degraded_safe,67.71718532900505,0.06864626685313506,0.5091545519574342,False,100.0,1.0,True,0.7841411285473509,True,True,0.0,0.4839772115010733,edge_unavailable_use_last_valid,last_valid,0
287,9566.666666666662,dapper,variable,degraded_safe,50.6985516180903,0.06598737856283461,0.4913956989687321,False,100.0,1.0,True,0.7841411285473509,True,True,0.0,0.4209504990774763,edge_unavailable_use_last_valid,last_valid,0
288,9599.999999999996,dapper,variable,degraded_safe,40.90376727211552,0.07396875580690988,0.5063066911523997,False,100.0,1.0,True,0.7841411285473509,True,True,0.0,0.3912998158673372,edge_unavailable_use_last_valid,last_valid,0
289,9633.33333333333,dapper,variable,local_fast,73.12935113339064,0.05973476101125924,0.5193983544883742,True,100.0,26.436070717277445,True,0.7443148279777458,False,False,0.0,0.5017829104435011,risk_moderate_prefer_local,local,3
290,9666.666666666664,dapper,variable,local_fast,64.6024455025365,0.07757040290520767,0.516137848427499,True,100.0,34.638395002621316,True,0.6613343184398459,False,False,0.0,0.47680035739456483,risk_moderate_prefer_local,local,0
291,9699.999999999998,dapper,variable,local_fast,55.93421364209552,0.045533080953520114,0.4974740267167784,True,100.0,21.43753249687269,True,0.7107698609714852,False,False,0.0,0.43405077604090714,risk_moderate_prefer_local,local,4
292,9733.333333333332,dapper,variable,local_fast,51.248598603566876,0.05956844425601709,0.4980642776406543,True,100.0,23.038493166748637,True,0.7540514611185667,False,False,0.0,0.4219502700353873,risk_moderate_prefer_local,local,3
293,9766.666666666666,dapper,variable,local_fast,52.767840424273984,0.058519038608783075,0.510714351669013,True,100.0,27.917350817586676,True,0.7329684165064504,False,False,0.0,0.4288503058179458,risk_moderate_prefer_local,local,1
294,9800.0,dapper,variable,local_fast,57.13033317788175,0.08703911144852158,0.5209910813033485,True,100.0,34.21764358977869,True,0.7978775035029222,False,False,0.0,0.4542165617526449,risk_moderate_prefer_local,local,3
295,9833.333333333334,dapper,variable,local_fast,61.439274584199765,0.08047107332381045,0.5219894707761439,True,100.0,18.39836001684496,True,0.7717795837060172,False,False,0.0,0.46747720365826384,risk_moderate_prefer_local,local,2
296,9866.666666666668,dapper,variable,local_fast,65.36508535596548,0.04627325550528531,0.5096455820696646,True,100.0,22.210057826260588,True,0.7200658724178195,False,False,0.0,0.4691066127079144,risk_moderate_prefer_local,local,3
297,9900.000000000002,dapper,variable,local_fast,69.57787145746491,0.0960294700695026,0.5049997218188588,True,100.0,15.446187460598448,True,0.7838867817201145,False,False,0.0,0.49808134939480675,risk_moderate_prefer_local,local,0
298,9933.333333333336,dapper,variable,local_fast,61.17991945098683,0.07178554770171006,0.5047896646184871,True,100.0,16.276877186231097,True,0.6981372896318365,False,False,0.0,0.46138383208173994,risk_moderate_prefer_local,local,1
299,9966.66666666667,dapper,variable,local_fast,54.032604153154594,0.07616060325655118,0.4939454602004436,True,100.0,31.133849378316096,True,0.7207334206554235,False,False,0.0,0.43605411454307297,risk_moderate_prefer_local,local,2
